{"type": "FeatureCollection", "name": "flood_risk_nbl", "features": [{"type": "Feature", "properties": {"tambon": "ต.หนองเรือ", "amphoe": "อ.โนนสัง", "cls": 3, "label": "ท่วมซ้ำซากเป็นครั้งคราว", "desc": "ประสบน้ำท่วมไม่เกิน 3 ครั้ง ใน 10 ปี", "color": "#38bdf8"}, "geometry": {"type": "Polygon", "coordinates": [[[102.49576226450982, 16.819371092758367], [102.49549632485305, 16.819371091140155], [102.49549632479948, 16.819281267323905], [102.49540650658686, 16.819281267391094], [102.4954065066056, 16.81911142516898], [102.49449501340861, 16.81858010316402], [102.49238775061718, 16.817175015810726], [102.49231326829798, 16.817125352593], [102.49125424784609, 16.816544554732143], [102.49055095558016, 16.816409753527108], [102.49056552073525, 16.81642431977343], [102.49056552111841, 16.816651319519554], [102.4906790211616, 16.816764819408696], [102.49158702127899, 16.81676481996122], [102.49181402079994, 16.81699181919794], [102.49204102090006, 16.81721881988253], [102.49215452114669, 16.817332319639902], [102.49215452085166, 16.817559319965806], [102.49226802139762, 16.817672819606678], [102.49249502104205, 16.81789981955503], [102.49272202073013, 16.817899819859672], [102.49294902114123, 16.818126819149203], [102.4931760211948, 16.81835381990249], [102.49340302127328, 16.81835381935145], [102.49351652115503, 16.818467319902364], [102.49351652137148, 16.818578361331905], [102.49351911122875, 16.81838137259037], [102.49380041113093, 16.818384803544593], [102.4937968490826, 16.818655733191893], [102.4940781502735, 16.81865916457434], [102.49407321020566, 16.81903481937961], [102.4940840207051, 16.819034819546378], [102.49425243989843, 16.819203238273314], [102.49435232633707, 16.81920445642362], [102.49435104581693, 16.819301843935975], [102.49453802153458, 16.819488820024247], [102.4949920210172, 16.819488819705747], [102.49521902129534, 16.819715819280255], [102.4961270206344, 16.819715819830222], [102.49612722769214, 16.819715613228436], [102.4958904191803, 16.819527034184844], [102.49576226450982, 16.819371092758367]]]}}, {"type": "Feature", "properties": {"tambon": "ต.โนนเมือง", "amphoe": "อ.โนนสัง", "cls": 3, "label": "ท่วมซ้ำซากเป็นครั้งคราว", "desc": "ประสบน้ำท่วมไม่เกิน 3 ครั้ง ใน 10 ปี", "color": "#38bdf8"}, "geometry": {"type": "Polygon", "coordinates": [[[102.44221866346845, 16.831548317009815], [102.44214580853564, 16.831021032271153], [102.44198752106685, 16.83117931955533], [102.44198752098144, 16.832995319941343], [102.44210102071003, 16.833108819281826], [102.44300902111367, 16.833108819675505], [102.44312252143818, 16.833222319226433], [102.44312252144427, 16.83344931925596], [102.44323602114737, 16.833562819609053], [102.44346302094719, 16.833789819146336], [102.44357652134087, 16.833676319295467], [102.44357652115198, 16.832768787084184], [102.44340288677706, 16.83270261664838], [102.44328563540546, 16.832657933204786], [102.44318910779289, 16.832550562795564], [102.44306879563298, 16.832514170421867], [102.44252932543212, 16.832099990117737], [102.4423005324393, 16.83169369887863], [102.44221866346845, 16.831548317009815]]]}}, {"type": "Feature", "properties": {"tambon": "ต.ศรีบุญเรือง", "amphoe": "อ.ศรีบุญเรือง", "cls": 3, "label": "ท่วมซ้ำซากเป็นครั้งคราว", "desc": "ประสบน้ำท่วมไม่เกิน 3 ครั้ง ใน 10 ปี", "color": "#38bdf8"}, "geometry": {"type": "Polygon", "coordinates": [[[102.29187723774353, 16.907204079166256], [102.29187723727486, 16.90721813716418], [102.29178741859084, 16.90721813647736], [102.2917874180564, 16.907307960307612], [102.29148652131555, 16.9073079596579], [102.29148652153265, 16.907451319967656], [102.29160002138273, 16.90756481975945], [102.29171352137004, 16.907678319463237], [102.29171352110265, 16.908132319568576], [102.29182702155109, 16.90824581913256], [102.29195310783483, 16.908245819708185], [102.2919531082119, 16.907981970401813], [102.29216371419477, 16.907771364809406], [102.29244452285491, 16.907771364720844], [102.29251472493013, 16.90784156653635], [102.29258492705783, 16.907911768318208], [102.29261507175471, 16.907911768422434], [102.2926215208499, 16.907905319359052], [102.29262152070196, 16.907246340996153], [102.29258492725349, 16.907209747571887], [102.29188290625235, 16.907209748112344], [102.29187723774353, 16.907204079166256]], [[102.29039722524774, 16.906589364910257], [102.29026050533508, 16.906589363729395], [102.29026050572182, 16.906499539782235], [102.29017068726063, 16.906499539226512], [102.29017068767527, 16.906230068276326], [102.29008086933462, 16.906230067658694], [102.29008086983886, 16.906140243694004], [102.2899910515334, 16.906140243029387], [102.2899910509865, 16.906230067001527], [102.28990123264661, 16.906230067207293], [102.28990123206509, 16.90631989118623], [102.28963177590393, 16.906319889798777], [102.28963177613987, 16.906409713784335], [102.28927250132192, 16.906409712909742], [102.28927250137957, 16.906499536021983], [102.2890928643171, 16.906499535806045], [102.2890928633757, 16.906589359850084], [102.28907854735525, 16.906589359990168], [102.28910962480515, 16.90679897475547], [102.28911364178776, 16.90703040576748], [102.28909259558628, 16.907100394483166], [102.2891030210866, 16.907110819230073], [102.28984704444197, 16.907110819495724], [102.28984704430161, 16.90699914074627], [102.28998744955558, 16.906858736520938], [102.28998744940371, 16.90671833332547], [102.29005765095762, 16.90664813031054], [102.2903384593709, 16.906648129787264], [102.29039722524774, 16.906589364910257]], [[102.29124851052657, 16.906226918459634], [102.29118088498801, 16.90622691850916], [102.29104048032019, 16.90608651357072], [102.29090007661507, 16.906086513388445], [102.29075967225893, 16.905946109102956], [102.29061978156015, 16.905946109480055], [102.29061978163048, 16.906050421998135], [102.29052996341242, 16.90605042156329], [102.29052996282259, 16.906230069418783], [102.2904401435743, 16.9062300689744], [102.29044014242385, 16.90654644774603], [102.29047886400039, 16.906507726231464], [102.29061926805726, 16.906507725746494], [102.290689469953, 16.90657792838262], [102.29075967188555, 16.9066481300826], [102.29090007708507, 16.90650772627652], [102.29097027905121, 16.906577927895334], [102.2909702790071, 16.906718332784923], [102.29082987374193, 16.906858736655128], [102.29082987341812, 16.906883820441916], [102.2913383270555, 16.90688381965754], [102.29133832723998, 16.90685883969605], [102.29124850869756, 16.906858839644627], [102.29124850941386, 16.90667919100007], [102.29115869094932, 16.9066791908942], [102.29115869266467, 16.906230071497752], [102.29124851091588, 16.906230071640888], [102.29124851052657, 16.906226918459634]], [[102.29052736189942, 16.905152181745585], [102.29044014810798, 16.905152181712694], [102.29044014727192, 16.905331829596197], [102.29035032844286, 16.905331829037753], [102.29035032849109, 16.905511476918452], [102.29044014646806, 16.9055114774771], [102.29044014569635, 16.905691125355364], [102.29052996468864, 16.905691125844463], [102.29052996435753, 16.90578094977516], [102.29054906635487, 16.90578095014274], [102.29054906592532, 16.905173885787185], [102.29052736189942, 16.905152181745585]]]}}, {"type": "Feature", "properties": {"tambon": "ต.ศรีบุญเรือง", "amphoe": "อ.ศรีบุญเรือง", "cls": 3, "label": "ท่วมซ้ำซากเป็นครั้งคราว", "desc": "ประสบน้ำท่วมไม่เกิน 3 ครั้ง ใน 10 ปี", "color": "#38bdf8"}, "geometry": {"type": "Polygon", "coordinates": [[[102.30011252083573, 16.903355737920712], [102.2999609242633, 16.903355737467624], [102.2999609244683, 16.90344556159438], [102.29978128723914, 16.90344556133174], [102.29978128641376, 16.903535384585464], [102.29969146821402, 16.903535384394747], [102.29969146776423, 16.903601753439883], [102.29966580033353, 16.903594369165504], [102.29942201298613, 16.903499861049042], [102.29942201267545, 16.903445559429592], [102.29933219448849, 16.903445559073266], [102.29933219597596, 16.903024820268012], [102.29886402126141, 16.903024819614874], [102.29875052097526, 16.902911319595656], [102.29875052055414, 16.902687697407615], [102.29871842744382, 16.902906613386786], [102.29861364776713, 16.9029066130267], [102.29861364826615, 16.902816789686355], [102.2984340104883, 16.90281678905063], [102.29843401106494, 16.90272696479221], [102.29825437427995, 16.902726963968295], [102.2982543740283, 16.902637140611862], [102.29811670145243, 16.902637139764725], [102.2978425214579, 16.90291131937907], [102.29784252080326, 16.903592319401326], [102.29795602112587, 16.903705819943163], [102.29805505154957, 16.903804850452232], [102.29816455116301, 16.903804850709665], [102.29816455055514, 16.903894674982613], [102.29834418846423, 16.90389467569132], [102.29834418854433, 16.903932819739584], [102.29863702151785, 16.90393281933185], [102.29886402076058, 16.9041598192441], [102.2988830982752, 16.904178897133576], [102.29888309843278, 16.904164148647105], [102.29906273555657, 16.90416414959596], [102.29906273540755, 16.90425397379158], [102.2991525540009, 16.90425397419924], [102.29915255388691, 16.90434379748424], [102.29924237251545, 16.904343797844888], [102.29924237153047, 16.90443362203937], [102.29933219019419, 16.904433622353014], [102.29933219019735, 16.90452344652422], [102.29942200889627, 16.904523446790844], [102.2994220082087, 16.904613820716314], [102.29978128308558, 16.904613820454895], [102.29978128290429, 16.904613271610287], [102.29987110162422, 16.9046132725742], [102.29987110135698, 16.904523448448497], [102.30005073865765, 16.90452344846777], [102.30005073807276, 16.90461327259365], [102.30023037544456, 16.904613273342264], [102.30023037547448, 16.90461817415132], [102.30029467236164, 16.904682470744564], [102.30072837169594, 16.904682470688034], [102.30086877557542, 16.904822876112306], [102.30100687686407, 16.904960976956765], [102.30125066914036, 16.904792021725484], [102.30140924634775, 16.904661325201772], [102.3013617403658, 16.904613819078268], [102.30113402120381, 16.904613819362165], [102.30090702089346, 16.904386819818974], [102.30068002113187, 16.90415981992356], [102.30045302098155, 16.90393281969102], [102.30022602139569, 16.903705820008703], [102.3001125208554, 16.903592319148146], [102.30011252083573, 16.903355737920712]], [[102.29870346739706, 16.902637265605527], [102.29863702083934, 16.90257081932667], [102.29861352132221, 16.902547318123382], [102.2985238300776, 16.902547317099852], [102.29852383046489, 16.902637141336964], [102.29861364831947, 16.90263714121389], [102.29861364875748, 16.9027269654429], [102.29870346666297, 16.902726966175287], [102.29870346739706, 16.902637265605527]]]}}, {"type": "Feature", "properties": {"tambon": "ต.หนองบัวใต้", "amphoe": "อ.ศรีบุญเรือง", "cls": 3, "label": "ท่วมซ้ำซากเป็นครั้งคราว", "desc": "ประสบน้ำท่วมไม่เกิน 3 ครั้ง ใน 10 ปี", "color": "#38bdf8"}, "geometry": {"type": "Polygon", "coordinates": [[[102.37346800951002, 16.89371781979459], [102.3732765422919, 16.89390929714937], [102.3732765411122, 16.8941892598047], [102.37285662098, 16.894609201992747], [102.37285662016154, 16.89474918291781], [102.37271664629465, 16.89488916384407], [102.37271664544454, 16.89507367994321], [102.37252550325778, 16.89504694838399], [102.3722985202844, 16.895079267984], [102.37229852079737, 16.895261720656283], [102.37252574713901, 16.895229366318002], [102.37264037766906, 16.895245397495646], [102.37257667218572, 16.89530910659229], [102.37264665846362, 16.895379097998173], [102.37271664384029, 16.895449088483435], [102.37257667037088, 16.89558906940173], [102.37257667042279, 16.895729050337415], [102.37222673610924, 16.896079002403393], [102.37180681770595, 16.896079001239283], [102.37166684400407, 16.89621898171522], [102.37152687073129, 16.89621898106293], [102.37151336546009, 16.896205475207225], [102.37139052122807, 16.896328319693513], [102.37139052136871, 16.89693021202785], [102.37140320352741, 16.896915463901255], [102.3714605614262, 16.89687726850564], [102.37157962582474, 16.8967979842893], [102.37160261009747, 16.896789183614473], [102.37180715905043, 16.89671086852372], [102.37198351042241, 16.896643349939346], [102.3721725359537, 16.8965709771907], [102.37261564233216, 16.89645653294277], [102.3726221558777, 16.896454851304927], [102.3727054740537, 16.896442987620613], [102.37297952080698, 16.896403967938596], [102.37297952131738, 16.89610131976031], [102.37321957759455, 16.895861263480903], [102.37321957762485, 16.895814000522645], [102.3732668405899, 16.895814000928315], [102.37335432485865, 16.895726516197975], [102.37335432478761, 16.89565374695813], [102.37342412546785, 16.895653747512107], [102.37342412552731, 16.895563915410346], [102.37351395867903, 16.895563915909023], [102.37351395870408, 16.895474083814232], [102.37369362113394, 16.895474083867708], [102.37369362109801, 16.89538425268997], [102.37378345226684, 16.895384253116248], [102.37378345311774, 16.895294421027636], [102.37387328423628, 16.895294421422022], [102.37387328400293, 16.8951147572891], [102.3739631159658, 16.89511475764379], [102.37396311581884, 16.89502492558399], [102.37405294679412, 16.895024925922254], [102.37405294756614, 16.894935094756384], [102.3739631156962, 16.89493509442594], [102.37396311570089, 16.89487076863891], [102.37402806123572, 16.8948707687835], [102.37402806149046, 16.894736021593857], [102.37411452170349, 16.894736021565087], [102.37411452155503, 16.894285319567192], [102.37400102137985, 16.894171819138265], [102.373774021473, 16.89394481981952], [102.37354702116133, 16.89371781925962], [102.37346800951002, 16.89371781979459]], [[102.37215676031963, 16.8935190799187], [102.37184452072367, 16.89383131931855], [102.3718445215085, 16.894058319904715], [102.37185614326958, 16.894069942278293], [102.37215675923763, 16.893769311204064], [102.37215676031963, 16.8935190799187]]]}}, {"type": "Feature", "properties": {"tambon": "ต.หนองบัวใต้", "amphoe": "อ.ศรีบุญเรือง", "cls": 3, "label": "ท่วมซ้ำซากเป็นครั้งคราว", "desc": "ประสบน้ำท่วมไม่เกิน 3 ครั้ง ใน 10 ปี", "color": "#38bdf8"}, "geometry": {"type": "Polygon", "coordinates": [[[102.36531176493725, 16.887682397195718], [102.36530551468466, 16.887658325840945], [102.36526152134158, 16.887702319315444], [102.36526152121063, 16.888837319213096], [102.36537502065116, 16.888950819620977], [102.36548852116604, 16.889064319924987], [102.36548852068819, 16.889291320035106], [102.36526152083489, 16.889518319658773], [102.36537502076263, 16.88963181998737], [102.36548852081144, 16.889745319325108], [102.36548852142852, 16.889972319407363], [102.36560202085558, 16.890085819547984], [102.365715521357, 16.8901993195847], [102.36571552152392, 16.890653319661904], [102.36582902154998, 16.890766819572686], [102.36594252077586, 16.890880319410407], [102.3659425211651, 16.891788319334406], [102.3660560211938, 16.891901819880285], [102.3661695213436, 16.892015319435306], [102.36616952142852, 16.892242319360776], [102.36628302095657, 16.892355819718652], [102.36639652155907, 16.892469319972626], [102.3663965210841, 16.892696319856505], [102.36651002104884, 16.89280982001097], [102.36658991886678, 16.892889717366877], [102.36630280312261, 16.89176528487948], [102.36629714015646, 16.891765284187343], [102.36622693712063, 16.891695081424036], [102.36622693178195, 16.891468151995735], [102.36611216956905, 16.891018705062177], [102.36608653305103, 16.890993059864158], [102.36608652668284, 16.890918279125657], [102.36606402557783, 16.890830157095237], [102.36601633125704, 16.890782454537156], [102.36594612875773, 16.890712252490268], [102.36594612175213, 16.890368406004086], [102.36528812471998, 16.88779142299596], [102.36530353333208, 16.88769196899132], [102.36531176493725, 16.887682397195718]]]}}, {"type": "Feature", "properties": {"tambon": "ต.หนองบัวใต้", "amphoe": "อ.ศรีบุญเรือง", "cls": 3, "label": "ท่วมซ้ำซากเป็นครั้งคราว", "desc": "ประสบน้ำท่วมไม่เกิน 3 ครั้ง ใน 10 ปี", "color": "#38bdf8"}, "geometry": {"type": "Polygon", "coordinates": [[[102.37242563173687, 16.8870449636309], [102.37242563225618, 16.886544567781456], [102.37265863186393, 16.88631156797872], [102.3726586321166, 16.886078568378156], [102.37254213197812, 16.885962068212706], [102.37184313193308, 16.88596206821454], [102.37161013150462, 16.88619506809861], [102.37146710368447, 16.88619506958824], [102.37148744450597, 16.886220065689503], [102.37160819582536, 16.886221619113112], [102.371606198149, 16.886365998407125], [102.37215962649219, 16.887046084397205], [102.37215968838944, 16.887041550242646], [102.37242563173687, 16.8870449636309]]]}}, {"type": "Feature", "properties": {"tambon": "ต.หนองบัวใต้", "amphoe": "อ.ศรีบุญเรือง", "cls": 3, "label": "ท่วมซ้ำซากเป็นครั้งคราว", "desc": "ประสบน้ำท่วมไม่เกิน 3 ครั้ง ใน 10 ปี", "color": "#38bdf8"}, "geometry": {"type": "Polygon", "coordinates": [[[102.37576417221264, 16.87318702807719], [102.37572431299003, 16.87316595920974], [102.37567255514153, 16.873166811541147], [102.37564151037495, 16.87316732331141], [102.37564151063475, 16.873056514489036], [102.37560828746487, 16.87305651425112], [102.37560086823478, 16.87307259185445], [102.37556953179796, 16.87307905419707], [102.37554336833499, 16.873102229642107], [102.3739210924132, 16.873403396685962], [102.37392109142448, 16.873595451819558], [102.37405581929411, 16.873595451520796], [102.37405581872635, 16.8738460681392], [102.37440613240193, 16.87384606796439], [102.3748721319509, 16.873380068252764], [102.37557113233247, 16.873380068125147], [102.37576417221264, 16.87318702807719]], [[102.3758570772755, 16.87265230737807], [102.3758570775509, 16.872631814438556], [102.37574929541368, 16.872631814823613], [102.37574929519826, 16.872577920109062], [102.37569540367225, 16.872577920285245], [102.37569540385631, 16.87263181410017], [102.37553565570316, 16.872631813485988], [102.37560104687313, 16.87292177810098], [102.37567255645456, 16.872921778159196], [102.3756725573428, 16.872652306344584], [102.3758570772755, 16.87265230737807]], [[102.3757532518518, 16.8719311877589], [102.37568763225443, 16.871865567873765], [102.37568763220584, 16.87163256776918], [102.37557113177334, 16.871516068089612], [102.3754699856317, 16.871516068062675], [102.37546827723148, 16.87163975434002], [102.37531148094999, 16.871637745097704], [102.37537765481538, 16.871931186672917], [102.3754259504225, 16.87193118677618], [102.37542595051029, 16.871985081510072], [102.3756415150572, 16.871985082043324], [102.37564151584527, 16.871931187304995], [102.3757532518518, 16.8719311877589]]]}}, {"type": "Feature", "properties": {"tambon": "ต.ทรายทอง", "amphoe": "อ.ศรีบุญเรือง", "cls": 3, "label": "ท่วมซ้ำซากเป็นครั้งคราว", "desc": "ประสบน้ำท่วมไม่เกิน 3 ครั้ง ใน 10 ปี", "color": "#38bdf8"}, "geometry": {"type": "Polygon", "coordinates": [[[102.32549140043386, 16.881618441888683], [102.32537966794804, 16.88161844090753], [102.32537966864885, 16.881564662141102], [102.32482970127171, 16.882178055857025], [102.32466729055682, 16.88223515517405], [102.32447325091324, 16.88230337473417], [102.32430184261096, 16.88228654499669], [102.32430184161413, 16.882426852295715], [102.32439166009812, 16.882426853152754], [102.32439165971743, 16.882516676459932], [102.32430184120668, 16.882516676512846], [102.32430184079156, 16.882606499826903], [102.32439165936073, 16.88260650066888], [102.32439165901214, 16.882696324877173], [102.32430184040035, 16.882696324042726], [102.32430183962653, 16.882875971570023], [102.32421202187511, 16.882875971598352], [102.32421202156378, 16.883024076348683], [102.32438648152363, 16.882849616614767], [102.32438648162761, 16.88270921185337], [102.32452688556057, 16.88256880771781], [102.324526885616, 16.88242840387406], [102.32459396292857, 16.882361325758257], [102.32466570471345, 16.88236226373357], [102.32465806886593, 16.882904048155925], [102.32485552104379, 16.8829066269946], [102.32485552151319, 16.882708320011854], [102.32508252147527, 16.882481320017803], [102.32508252062223, 16.882027319318258], [102.32549140043386, 16.881618441888683]], [[102.32353831478058, 16.88161843467753], [102.32353675075471, 16.88160140278534], [102.32359375536127, 16.881460364804084], [102.32363006300822, 16.881370534141777], [102.32364348472656, 16.881337327296396], [102.32334360551084, 16.881174669973408], [102.32327054307345, 16.880741713075366], [102.3232665961015, 16.880718326085553], [102.32321241018823, 16.88039722048718], [102.32340512709987, 16.880171579699308], [102.323486227766, 16.880020541419853], [102.32350716785776, 16.879655758050095], [102.32341434707395, 16.879517655356658], [102.32330551876233, 16.879394544418634], [102.32299440982274, 16.879055855314366], [102.32274474901794, 16.878839648602348], [102.32250548381501, 16.87879574961061], [102.32250548332874, 16.878923712806742], [102.32235852105345, 16.878923712978857], [102.32235852063309, 16.879076319736765], [102.3224720214225, 16.879189819419572], [102.32269902155348, 16.879416819453624], [102.3229260212951, 16.879643819150306], [102.32303952091065, 16.879757319325254], [102.3230395212154, 16.88066531973175], [102.32258552140115, 16.88111931964864], [102.32258552092046, 16.88134631915467], [102.32235852139631, 16.881573319345076], [102.32235852076306, 16.881800319793307], [102.32213152141554, 16.882027319852188], [102.32213152078567, 16.88248131990628], [102.32182670264629, 16.882786138546642], [102.32205637540187, 16.88278613995693], [102.32205637644462, 16.882734686377436], [102.32206626247088, 16.88272886873678], [102.32205637596547, 16.882719665555687], [102.32205637592863, 16.882696316471133], [102.32214619469704, 16.882696316488055], [102.32214619567387, 16.882516668627126], [102.32223601434956, 16.882516668619612], [102.32223601481545, 16.882426845146917], [102.32232583344098, 16.882426845107425], [102.32232583293512, 16.882337021656816], [102.32250547009421, 16.882337022376856], [102.32250547043273, 16.882247198023016], [102.32268510841381, 16.882247198584928], [102.32268510869105, 16.882157375147916], [102.32277492715113, 16.882157374933556], [102.3227749273939, 16.882067551503425], [102.32286474580384, 16.882067551257098], [102.32286474601212, 16.881977727833842], [102.3230443836773, 16.881977728125012], [102.3230443838085, 16.88188790471616], [102.32313420211067, 16.881887904366415], [102.32313420314465, 16.88179808094923], [102.32322402141247, 16.881798081469956], [102.3232240214589, 16.881708257172434], [102.32340365882405, 16.881708258095273], [102.32340365879338, 16.88161843381215], [102.32353831478058, 16.88161843467753]], [[102.32667152109403, 16.8804507344017], [102.32667152096703, 16.880438319698822], [102.32678502145353, 16.88032481953076], [102.32701202102066, 16.880324819557178], [102.32704811382041, 16.880360911961198], [102.32728431171276, 16.8803609138278], [102.32722561438885, 16.880297541288858], [102.32700773853553, 16.880066545475028], [102.326770867063, 16.880063453433017], [102.3267117328398, 16.88012066561197], [102.32666651669919, 16.88016441183166], [102.32642962066912, 16.880393604740608], [102.32621733178605, 16.880630381016232], [102.32636767667056, 16.880630381554603], [102.32636767626883, 16.88054055749709], [102.32663713225914, 16.880540558541107], [102.32663713267503, 16.880450734490324], [102.32667152109403, 16.8804507344017]], [[102.32178694192004, 16.87722559117468], [102.32178694121353, 16.87739670416986], [102.32187675934995, 16.87739670381655], [102.32187675921195, 16.877486528243132], [102.32196657739922, 16.877486528745244], [102.32196657729612, 16.87757635226122], [102.32205639645575, 16.877576352701112], [102.32205639546612, 16.87766617622411], [102.32241567032514, 16.877666177589123], [102.32241566924775, 16.877923673805192], [102.32244200624879, 16.87790785095041], [102.32260184838168, 16.877773042022614], [102.32254233077572, 16.87751368722948], [102.3223569077947, 16.87722225822863], [102.32223542413479, 16.877173607371667], [102.32209315052987, 16.87713614596437], [102.32178694192004, 16.87722559117468]]]}}, {"type": "Feature", "properties": {"tambon": "ต.ทรายทอง", "amphoe": "อ.ศรีบุญเรือง", "cls": 3, "label": "ท่วมซ้ำซากเป็นครั้งคราว", "desc": "ประสบน้ำท่วมไม่เกิน 3 ครั้ง ใน 10 ปี", "color": "#38bdf8"}, "geometry": {"type": "Polygon", "coordinates": [[[102.32767688311306, 16.88098968136289], [102.3276930210823, 16.881005819984406], [102.32792002063138, 16.881232819145936], [102.32798440899853, 16.881232819423783], [102.32798440837529, 16.881169330564024], [102.32807422690686, 16.881169330794624], [102.32807422877511, 16.88089985897021], [102.32798440943404, 16.880899858732242], [102.32798441011565, 16.880810034781916], [102.32780477337064, 16.880810034141923], [102.32780477260383, 16.88089985810733], [102.32771495417741, 16.88089985773563], [102.32771495337613, 16.880989681707913], [102.32767688311306, 16.88098968136289]], [[102.33121152116118, 16.87937286395608], [102.33121788519841, 16.879372864205394], [102.33121788542209, 16.879283040500386], [102.33139752206733, 16.87928304107256], [102.33139752221399, 16.879193217382007], [102.33148734141203, 16.879193217149957], [102.3314873415242, 16.8791033934663], [102.33157715975067, 16.87910339411998], [102.33157716083568, 16.878923745848113], [102.33166697896942, 16.878923746477426], [102.3316669800018, 16.878744098218036], [102.33175679898007, 16.878744098807715], [102.33175680000122, 16.878474626895247], [102.33166698115076, 16.878474626282916], [102.33166698124288, 16.87838480260915], [102.33139752572704, 16.878384801399793], [102.33139752552297, 16.878474625998653], [102.3313077066423, 16.8784746252284], [102.33130770690481, 16.878384801524405], [102.33121788899645, 16.878384800691872], [102.33121789098227, 16.87784585750657], [102.3311280724005, 16.87784585750691], [102.33112807278938, 16.87775603288083], [102.33103825424267, 16.877756032834153], [102.33103825387191, 16.877614078912764], [102.33100732313096, 16.877576384939942], [102.33094843573951, 16.877576384381374], [102.3309484354902, 16.87753603786173], [102.33075016414509, 16.877536036488987], [102.33075016432704, 16.877482142418007], [102.33049934336474, 16.877482141760147], [102.33049934256174, 16.877666207060585], [102.33040952400476, 16.877666206729955], [102.33040952418845, 16.877756030499395], [102.3302298869667, 16.8777560297348], [102.33022988626665, 16.87793567821958], [102.33014006755926, 16.87793567779315], [102.33014006670228, 16.878025501598508], [102.33005024794478, 16.878025501140144], [102.33005024799063, 16.878115324937173], [102.32996042918296, 16.878115324446842], [102.32996042919437, 16.878205148250764], [102.32987061035239, 16.878205148630943], [102.32987060937717, 16.87838479626715], [102.32978079136387, 16.878384795705266], [102.32978078839326, 16.87901356335907], [102.32969097007428, 16.879013562810506], [102.32969097003931, 16.879103386630543], [102.32960115168599, 16.879103386952476], [102.32960115061799, 16.87928303462092], [102.32951133215612, 16.879283034016034], [102.32951133088463, 16.87964232936002], [102.32924187497424, 16.879642329203833], [102.32924187515754, 16.87955250444758], [102.32915205655353, 16.8795525046098], [102.32915205680341, 16.879462680747753], [102.32861314524483, 16.87946267904179], [102.32861314575845, 16.879372855133845], [102.32852332717098, 16.87937285410213], [102.32852332773533, 16.879283030185984], [102.32843350919877, 16.879283030009677], [102.32843350887657, 16.87919320610058], [102.32834369037506, 16.879193205877254], [102.32834369104086, 16.879103381944716], [102.3282538725744, 16.879103381674355], [102.32825387307835, 16.87892373380749], [102.32816405468954, 16.87892373348255], [102.32816405452768, 16.878833909548213], [102.32825387381116, 16.878833909865442], [102.32825387361483, 16.878744085938], [102.32816405531123, 16.878744085597976], [102.32816405677342, 16.87847461375861], [102.32807423765277, 16.87847461337171], [102.32807423851146, 16.87838478941134], [102.32798441942587, 16.87838478897741], [102.3279844203353, 16.878294965008838], [102.3278946013006, 16.878294965430328], [102.32789460132346, 16.878205141468786], [102.32780478324527, 16.87820514092559], [102.32780478353874, 16.878146074306898], [102.32768598055898, 16.87814607455027], [102.32747537423708, 16.878356681354294], [102.32747537393274, 16.878497085790404], [102.3275455758914, 16.878567287955402], [102.32761577882395, 16.878637489168966], [102.32761577852278, 16.878918297996393], [102.32754557620497, 16.87898850030647], [102.32748128292114, 16.878924206823974], [102.32754485833166, 16.879158499351792], [102.32761952539792, 16.87910990526823], [102.32775630911593, 16.87892918121213], [102.32775264714803, 16.878923731621914], [102.32780478012164, 16.878923731803212], [102.32780478012126, 16.879013555767056], [102.32789459858283, 16.879013556242406], [102.32789459769589, 16.87910338021329], [102.3279844171298, 16.879103380626372], [102.32798441570839, 16.87946267644279], [102.32807423436785, 16.879462676801452], [102.32807423285387, 16.87964232470592], [102.32816405159099, 16.879642325009986], [102.32816405182608, 16.879732148938462], [102.328253869661, 16.87973214921074], [102.32825386897858, 16.880091444918413], [102.32834368697632, 16.88009144512105], [102.32834368733731, 16.88018126903117], [102.32861314236622, 16.880181270266682], [102.32861314281475, 16.880091446363963], [102.32870296171961, 16.880091446393383], [102.32870296131372, 16.880181270288578], [102.32906223518526, 16.880181271816593], [102.32906223635806, 16.88009144793634], [102.32924187316337, 16.880091448478513], [102.32924187301306, 16.880181272328432], [102.32933169098628, 16.880181272991567], [102.32933169079529, 16.880360920674384], [102.3292418717996, 16.880360920041575], [102.3292418716737, 16.88045074388954], [102.3288825973513, 16.880450742767973], [102.32888259706314, 16.880540566645454], [102.32879277796036, 16.880540566732737], [102.32879277732327, 16.880720214500858], [102.32861314078338, 16.880720213654165], [102.32861314039182, 16.880810037552326], [102.3285233220759, 16.88081003752852], [102.32852332082228, 16.88107950924173], [102.328527331667, 16.881079509015315], [102.32860102071402, 16.881005819392804], [102.32944103313184, 16.88100581931984], [102.3294410325679, 16.88088395728006], [102.32951123464294, 16.88081375523183], [102.32962252090246, 16.880813754962066], [102.3296225211994, 16.880211319664493], [102.32984952145041, 16.879984319325978], [102.32984952100246, 16.879757319408846], [102.33007652144614, 16.879530319841557], [102.33007652083009, 16.87930331996429], [102.33030352143479, 16.879076319363374], [102.330303521113, 16.878395319808234], [102.33041702089052, 16.878281819965054], [102.33064402105056, 16.8782818199384], [102.33075752076785, 16.87839531972195], [102.3308710206221, 16.878508819417302], [102.33109802075738, 16.878735819445843], [102.33121152103841, 16.87884931977901], [102.33121152116118, 16.87937286395608]], [[102.33154306664213, 16.875292171984775], [102.33155171671257, 16.87527719016019], [102.3315771746918, 16.875269475002177], [102.33192151701398, 16.87516512430572], [102.33193341295036, 16.875111590956074], [102.33185014581228, 16.874641687308472], [102.33174903324067, 16.874635738254252], [102.33174058076922, 16.874666730535147], [102.33174449339985, 16.874388289893744], [102.33166552029013, 16.874309310612183], [102.33155202132541, 16.874195820012794], [102.33109802080988, 16.874195819360928], [102.33092697869684, 16.874366862749866], [102.33098547875132, 16.874425363940862], [102.33084507496416, 16.874565767248697], [102.33084507474597, 16.87470617131586], [102.33077487320936, 16.87477637339885], [102.33063446938831, 16.874776373441772], [102.33056426720793, 16.874706171383245], [102.33053052071888, 16.874672425359304], [102.33053052072144, 16.87476331972779], [102.33064402068332, 16.8748768199466], [102.33075752076631, 16.874990319174803], [102.33075752072101, 16.875337990306374], [102.33077487332034, 16.875337990572476], [102.33084295451225, 16.875406071390028], [102.33104580794232, 16.87538870118772], [102.33154306664213, 16.875292171984775]], [[102.33281818334098, 16.87442281991865], [102.33250581334194, 16.87442281997549], [102.33238554558297, 16.874464509022488], [102.3319826922871, 16.87460415149417], [102.33202365581847, 16.874818419184024], [102.33229572566519, 16.874685551098906], [102.33282040307549, 16.874429317433144], [102.33281818334098, 16.87442281991865]]]}}, {"type": "Feature", "properties": {"tambon": "ต.ทรายทอง", "amphoe": "อ.ศรีบุญเรือง", "cls": 3, "label": "ท่วมซ้ำซากเป็นครั้งคราว", "desc": "ประสบน้ำท่วมไม่เกิน 3 ครั้ง ใน 10 ปี", "color": "#38bdf8"}, "geometry": {"type": "Polygon", "coordinates": [[[102.38040013866168, 16.86825070231476], [102.38058402088173, 16.86806681977646], [102.38081102151806, 16.868066819986247], [102.38092452132166, 16.867953319503332], [102.38092452137518, 16.867499319293803], [102.38081102106905, 16.86738581961398], [102.3805840212484, 16.86738581925736], [102.38035702126979, 16.86715881933112], [102.38013002070205, 16.86715881933926], [102.38001651994789, 16.86704531098685], [102.37990302151007, 16.86693181966029], [102.37956252100776, 16.867272319316577], [102.37956252131853, 16.867726319157363], [102.37910852071003, 16.868180319179874], [102.37910852145149, 16.868407319619365], [102.37900154036677, 16.868514301141406], [102.37899223536483, 16.868563462277454], [102.37925607463127, 16.868538633749015], [102.37928320536712, 16.86853326126712], [102.37956136273617, 16.86847817758062], [102.37989645057519, 16.868410949508135], [102.38026974128222, 16.86826553295966], [102.38040013866168, 16.86825070231476]]]}}, {"type": "Feature", "properties": {"tambon": "ต.ทรายทอง", "amphoe": "อ.ศรีบุญเรือง", "cls": 3, "label": "ท่วมซ้ำซากเป็นครั้งคราว", "desc": "ประสบน้ำท่วมไม่เกิน 3 ครั้ง ใน 10 ปี", "color": "#38bdf8"}, "geometry": {"type": "Polygon", "coordinates": [[[102.38714834236713, 16.85756141689941], [102.38708963077002, 16.857510606108555], [102.38701452516008, 16.857535366719333], [102.3870084297341, 16.85754554007788], [102.38697188833518, 16.857557524546962], [102.38688742074868, 16.857636759237476], [102.38670904569746, 16.857648792199164], [102.38664919694413, 16.857663350699678], [102.38644986461333, 16.857728721392057], [102.38635805256946, 16.857794507798925], [102.3862512573963, 16.85800054393708], [102.38623257883084, 16.858279225869094], [102.38625455601124, 16.858489000489246], [102.38625883797148, 16.858529868334816], [102.38629006464575, 16.858594052186803], [102.38637006877505, 16.85875849473188], [102.38637437347997, 16.858767341737188], [102.3864248112077, 16.858843674531396], [102.3864575641977, 16.858893242750774], [102.38651258384044, 16.85897650973922], [102.38656892347646, 16.859069721902816], [102.38671302091883, 16.85921381997976], [102.38694002095718, 16.8592138196212], [102.38704932742895, 16.859104513333435], [102.38697516001466, 16.858546143340856], [102.38694157159055, 16.85828825396266], [102.38695086533784, 16.858152488728795], [102.3870500361255, 16.857960662323705], [102.3871464754588, 16.857697276907746], [102.38714834236713, 16.85756141689941]]]}}, {"type": "Feature", "properties": {"tambon": "ต.ทรายทอง", "amphoe": "อ.ศรีบุญเรือง", "cls": 3, "label": "ท่วมซ้ำซากเป็นครั้งคราว", "desc": "ประสบน้ำท่วมไม่เกิน 3 ครั้ง ใน 10 ปี", "color": "#38bdf8"}, "geometry": {"type": "Polygon", "coordinates": [[[102.37661740801865, 16.84854481994079], [102.37627102065656, 16.84854481932636], [102.37615752136927, 16.848658319515945], [102.37615752152351, 16.848885319920882], [102.37593052137244, 16.84911231933921], [102.37593052067187, 16.850020319307273], [102.37604402108438, 16.85013381949157], [102.37659897033319, 16.850133819770427], [102.37659990931984, 16.850019330642297], [102.37660430068269, 16.849483669528045], [102.37675483885178, 16.848941351801727], [102.37678195479458, 16.848843667736347], [102.37678400240772, 16.848839839256577], [102.37674789265776, 16.84881682324595], [102.37668106966689, 16.848774229897906], [102.37661603062577, 16.84864465990441], [102.37661740801865, 16.84854481994079]]]}}, {"type": "Feature", "properties": {"tambon": "ต.ทรายทอง", "amphoe": "อ.ศรีบุญเรือง", "cls": 3, "label": "ท่วมซ้ำซากเป็นครั้งคราว", "desc": "ประสบน้ำท่วมไม่เกิน 3 ครั้ง ใน 10 ปี", "color": "#38bdf8"}, "geometry": {"type": "Polygon", "coordinates": [[[102.35525924043775, 16.83102429211397], [102.35528154243369, 16.830814485136457], [102.35528915949904, 16.830605497758437], [102.35529352679495, 16.830485670730823], [102.35523871577885, 16.830155988617673], [102.35522415987514, 16.829971039886342], [102.35522294011562, 16.829955544707], [102.35522445137936, 16.829950035368185], [102.35527768326043, 16.829756000631598], [102.35540605204702, 16.829600322389425], [102.35541581212712, 16.829592837647166], [102.3555711447666, 16.829473720823213], [102.35559056620424, 16.82945336489533], [102.35550052092755, 16.82936331970777], [102.35550051994187, 16.82913631139385], [102.35538702065593, 16.829022819933307], [102.35493302064467, 16.829022819622498], [102.35481952155124, 16.829136319994006], [102.3548195208261, 16.82981731920603], [102.35493302149614, 16.82993081995828], [102.35504652134985, 16.830044319735226], [102.35481952125045, 16.830271319852994], [102.3548195215253, 16.83049831926785], [102.35493302080678, 16.83061181997165], [102.35504652114592, 16.830725319669504], [102.35504652087569, 16.830952319945215], [102.35516002151323, 16.831065819528472], [102.35524123169988, 16.831147029420283], [102.35524737945443, 16.831135869378645], [102.35525924043775, 16.83102429211397]], [[102.35513500485455, 16.830759652339495], [102.35521430882811, 16.830680347872253], [102.35521021305351, 16.830975265284007], [102.35520520688488, 16.83097025876877], [102.35513500426423, 16.830900057507254], [102.35513500485455, 16.830759652339495]]]}}, {"type": "Feature", "properties": {"tambon": "ต.ทรายทอง", "amphoe": "อ.ศรีบุญเรือง", "cls": 3, "label": "ท่วมซ้ำซากเป็นครั้งคราว", "desc": "ประสบน้ำท่วมไม่เกิน 3 ครั้ง ใน 10 ปี", "color": "#38bdf8"}, "geometry": {"type": "Polygon", "coordinates": [[[102.34619352114656, 16.82675158960358], [102.34590303017886, 16.826823892047557], [102.34547128639777, 16.826911273683248], [102.34528552108985, 16.826899099121963], [102.3452855212063, 16.82732031914709], [102.34505852140398, 16.827547319744447], [102.34505852153801, 16.827774319291535], [102.34517202145904, 16.82788781942138], [102.34539902077374, 16.828114819431956], [102.34596652089253, 16.82754731928673], [102.345966520663, 16.827320319914037], [102.34619352085764, 16.82709331942054], [102.34619352114656, 16.82675158960358]]]}}, {"type": "Feature", "properties": {"tambon": "ต.ทรายทอง", "amphoe": "อ.ศรีบุญเรือง", "cls": 3, "label": "ท่วมซ้ำซากเป็นครั้งคราว", "desc": "ประสบน้ำท่วมไม่เกิน 3 ครั้ง ใน 10 ปี", "color": "#38bdf8"}, "geometry": {"type": "Polygon", "coordinates": [[[102.37788765143831, 16.825590189890388], [102.37782593316803, 16.82552846735942], [102.37768595956388, 16.825528466933168], [102.37761597354009, 16.825458475743872], [102.37761597420464, 16.825318494779893], [102.37754598829434, 16.825248503546913], [102.37733602825047, 16.825458475361796], [102.37733602739974, 16.825598456361423], [102.3771260667545, 16.82580842716443], [102.37670614783157, 16.825808426034328], [102.37663616199643, 16.82573843536777], [102.37663616238972, 16.82559845338976], [102.37656617666808, 16.825528462679518], [102.37649619006137, 16.82545847195109], [102.37649619061389, 16.825318490853753], [102.37642620412068, 16.82524850008162], [102.37635621861638, 16.8251785092605], [102.3763562183591, 16.82503852725443], [102.37649619237565, 16.82489854664987], [102.37649619300835, 16.824758565546247], [102.37663616673706, 16.824618584898694], [102.37663616789645, 16.824338622720763], [102.37656618083909, 16.82426863104822], [102.37628623518148, 16.82426863075108], [102.37614626329743, 16.824128648850678], [102.37607627649633, 16.824058657865496], [102.3760762762877, 16.8240158250467], [102.37604397883196, 16.824036998097675], [102.37601369439813, 16.82407952105576], [102.37598340901475, 16.824122044027078], [102.37597896127566, 16.82417561848198], [102.37597451555486, 16.824229201027745], [102.37595521509446, 16.824282594575056], [102.37593591929458, 16.82433598714284], [102.37591509366875, 16.824353891676473], [102.37593052130374, 16.824369319822015], [102.37593052100769, 16.82505031951275], [102.37547652066048, 16.825504319956057], [102.37547652116727, 16.825731319918827], [102.37559002082052, 16.825844819352987], [102.37581702150561, 16.826071819745625], [102.37604402086295, 16.82629881981564], [102.3764980210882, 16.826298819381147], [102.37672502145233, 16.826525819399198], [102.3769520214417, 16.826752819981554], [102.37740602145551, 16.82675281915928], [102.3777465211165, 16.82641231997067], [102.37774652141904, 16.825731319599925], [102.37788765143831, 16.825590189890388]], [[102.3778959211587, 16.824910782082785], [102.37789592112745, 16.825038532942926], [102.377965907051, 16.825108524048233], [102.37803589396344, 16.825178515104533], [102.37803589358816, 16.825318496014276], [102.37810587967715, 16.8253884870423], [102.37810821165449, 16.8253908190376], [102.37876802124575, 16.82539081923301], [102.37888152137853, 16.825504319251312], [102.3789950207109, 16.82561781919665], [102.38013002149127, 16.825617819434544], [102.38040209118884, 16.825345749020702], [102.37982219474978, 16.82544441802596], [102.3797311473828, 16.825459909950073], [102.37944283904301, 16.825436217394255], [102.3789929884365, 16.825399250749225], [102.37885175477687, 16.825341167135708], [102.37872418645053, 16.825288703179694], [102.37826952827974, 16.825101719774853], [102.3778959211587, 16.824910782082785]], [[102.37747600321659, 16.824696173343483], [102.37747600304554, 16.824758569349285], [102.37754598964014, 16.824828559728314], [102.37773504101189, 16.82482856071792], [102.37747600321659, 16.824696173343483]], [[102.3765285653808, 16.82332638458162], [102.37642689838779, 16.822949086590615], [102.37659357210048, 16.822232245735684], [102.3767747781932, 16.821452904362786], [102.37683331442318, 16.821201146108585], [102.37683936804072, 16.82119216713047], [102.37683852077194, 16.8211913199314], [102.37672502100018, 16.821077819923648], [102.37604402136601, 16.821758819442234], [102.3758170209973, 16.821758819299106], [102.37559002130534, 16.82198581979795], [102.37536302150467, 16.82198581918534], [102.3752495212968, 16.822099319274265], [102.37536302105896, 16.822212819236558], [102.37547675281094, 16.822326550892072], [102.37586709442009, 16.82233153825833], [102.37586484691894, 16.822494757371206], [102.37589051546139, 16.82251172137697], [102.37596776761687, 16.822562772697374], [102.37598654779323, 16.822604016759836], [102.37604927075321, 16.822604818690788], [102.376049269884, 16.822646219919918], [102.3761440916925, 16.822646219597207], [102.37614091269569, 16.82287694104994], [102.37606062488481, 16.822875915283454], [102.37606597638316, 16.822915775223098], [102.37615752139072, 16.823007319236737], [102.3761575208644, 16.823446453151906], [102.37616992554501, 16.823516526327502], [102.37617017491627, 16.82354481326284], [102.37628623885756, 16.823428743024444], [102.37642621202203, 16.823428743768176], [102.3765285653808, 16.82332638458162]]]}}, {"type": "Feature", "properties": {"tambon": "ต.ทรายทอง", "amphoe": "อ.ศรีบุญเรือง", "cls": 3, "label": "ท่วมซ้ำซากเป็นครั้งคราว", "desc": "ประสบน้ำท่วมไม่เกิน 3 ครั้ง ใน 10 ปี", "color": "#38bdf8"}, "geometry": {"type": "Polygon", "coordinates": [[[102.37893005679716, 16.819156117613517], [102.37962250187896, 16.818800014726133], [102.3797042773792, 16.818757960132736], [102.38008160914846, 16.818563909445157], [102.38137852106932, 16.818474030386113], [102.38137852143326, 16.8180133195158], [102.38126502072207, 16.81789981944881], [102.38115152000321, 16.81778631117192], [102.38103802066206, 16.817672819936615], [102.38081102148455, 16.81767282000987], [102.38069752152133, 16.81778631948891], [102.38069752086467, 16.818013319461574], [102.38058402067375, 16.818126819826002], [102.38035702085624, 16.818126819494324], [102.37990302090155, 16.81858081920435], [102.379676021364, 16.818580820005636], [102.37944902073568, 16.81880781986515], [102.37899502085769, 16.81880781940601], [102.3787728159101, 16.81903002431331], [102.37880009133914, 16.81904360187435], [102.37893005679716, 16.819156117613517]]]}}, {"type": "Feature", "properties": {"tambon": "ต.ทรายทอง", "amphoe": "อ.ศรีบุญเรือง", "cls": 3, "label": "ท่วมซ้ำซากเป็นครั้งคราว", "desc": "ประสบน้ำท่วมไม่เกิน 3 ครั้ง ใน 10 ปี", "color": "#38bdf8"}, "geometry": {"type": "Polygon", "coordinates": [[[102.3988392248903, 16.816179023713115], [102.3985084484222, 16.81599340975277], [102.3981765206223, 16.81595901164341], [102.39817652129459, 16.817105319771493], [102.39829002146683, 16.817218819704472], [102.39834210937875, 16.817270907481223], [102.39857695374637, 16.817295244056375], [102.39899878878154, 16.817338956777864], [102.3990494548125, 16.81736738625338], [102.39908452070196, 16.817332319678194], [102.39908452144584, 16.81687831972774], [102.39897102111239, 16.816764819378523], [102.39885752093153, 16.816651319843185], [102.3988575206621, 16.81619731980056], [102.3988392248903, 16.816179023713115]], [[102.39862302010408, 16.81550881883648], [102.3985170209359, 16.81540281941302], [102.39848678550938, 16.81537258395612], [102.39825495976999, 16.815353681370258], [102.3981478259316, 16.8153579758913], [102.39771273214714, 16.815375418975822], [102.39747408977412, 16.815387969708766], [102.3973725141436, 16.815393312823797], [102.39738202069107, 16.81540281923422], [102.39760902075967, 16.81562981951508], [102.39806302069613, 16.81562981957151], [102.39807256354787, 16.815639362349536], [102.39812205106931, 16.815589872383118], [102.39854196955814, 16.815589873823708], [102.39862302010408, 16.81550881883648]]]}}, {"type": "Feature", "properties": {"tambon": "ต.ทรายทอง", "amphoe": "อ.ศรีบุญเรือง", "cls": 3, "label": "ท่วมซ้ำซากเป็นครั้งคราว", "desc": "ประสบน้ำท่วมไม่เกิน 3 ครั้ง ใน 10 ปี", "color": "#38bdf8"}, "geometry": {"type": "Polygon", "coordinates": [[[102.40339752125597, 16.814470041300453], [102.40330105448864, 16.81447004114244], [102.40323106824225, 16.814400049638234], [102.403231069387, 16.814260068966394], [102.40316653356463, 16.81419552798195], [102.40303557858134, 16.814179739725482], [102.40240362024761, 16.814280471550827], [102.40161579563024, 16.814509024589846], [102.40155139270887, 16.814530174823254], [102.40155139246305, 16.81454002480681], [102.40141141898143, 16.814680005734996], [102.40141141693495, 16.815239931049298], [102.40120145630013, 16.81544990242488], [102.4010614843095, 16.81530992051713], [102.40092151158957, 16.81516993849027], [102.4007815390772, 16.81502995632879], [102.40064156678848, 16.81488997493506], [102.40050159349767, 16.81488997440744], [102.40048805527799, 16.814876434859215], [102.40036645401568, 16.814915386041985], [102.40021952119756, 16.81506231993624], [102.40021952079263, 16.815289319715752], [102.40010602146215, 16.815402819717992], [102.39987902125549, 16.81540281978855], [102.39985759286958, 16.815424247479694], [102.39989527817254, 16.815540253471887], [102.3998595341147, 16.815837331851746], [102.39987902078192, 16.815856819463324], [102.4001060211921, 16.8160838199864], [102.40033302119518, 16.816310819268566], [102.40056002083949, 16.816537820016936], [102.40112752104895, 16.81597031978076], [102.40112752113127, 16.81574331929275], [102.40124102085758, 16.81562981968865], [102.40283002138753, 16.815629819253594], [102.40305702067327, 16.815856819592653], [102.40317052144965, 16.815970319162673], [102.4031705211483, 16.816027963248086], [102.40404041609074, 16.815876332373662], [102.40430552153956, 16.815743123388753], [102.40430552137944, 16.815516319400302], [102.40419202129367, 16.815402819610753], [102.40396502153152, 16.815175819766075], [102.40373802137837, 16.8149488195828], [102.40351102150082, 16.814948819983375], [102.40339752127134, 16.814835319616353], [102.40339752125597, 16.814470041300453]]]}}, {"type": "Feature", "properties": {"tambon": "ต.ทรายทอง", "amphoe": "อ.ศรีบุญเรือง", "cls": 3, "label": "ท่วมซ้ำซากเป็นครั้งคราว", "desc": "ประสบน้ำท่วมไม่เกิน 3 ครั้ง ใน 10 ปี", "color": "#38bdf8"}, "geometry": {"type": "Polygon", "coordinates": [[[102.39011802139309, 16.813359819946953], [102.38989102081905, 16.813132819327002], [102.38966402131848, 16.81313281932398], [102.38955052089466, 16.81301931964125], [102.38943702154418, 16.812905819854624], [102.38898302098178, 16.812905819426796], [102.38885026316146, 16.813038577439873], [102.38885026328354, 16.813079162227346], [102.38880967833116, 16.81307916201256], [102.38871551624298, 16.8131733242453], [102.38871551645569, 16.81328279450641], [102.38867852650749, 16.813282324261383], [102.38875602141728, 16.813359819781247], [102.38886952075883, 16.81347331996535], [102.38886952077942, 16.814381319941884], [102.38864252107759, 16.814608319309123], [102.38864252076671, 16.81483531956738], [102.38841552126158, 16.81506231970914], [102.38841552098361, 16.815139824567332], [102.38977346476955, 16.814570464174274], [102.38980790298959, 16.81455602486992], [102.39000452084477, 16.814508027630765], [102.3900045214019, 16.814381319667124], [102.390231520855, 16.81415432000255], [102.3902315214003, 16.813473319229647], [102.39011802139309, 16.813359819946953]]]}}, {"type": "Feature", "properties": {"tambon": "ต.ทรายทอง", "amphoe": "อ.ศรีบุญเรือง", "cls": 3, "label": "ท่วมซ้ำซากเป็นครั้งคราว", "desc": "ประสบน้ำท่วมไม่เกิน 3 ครั้ง ใน 10 ปี", "color": "#38bdf8"}, "geometry": {"type": "Polygon", "coordinates": [[[102.39794952045183, 16.814082642096306], [102.3977721232412, 16.814260048745336], [102.39777212288725, 16.814481497785692], [102.39791806516575, 16.814483345772917], [102.39791469507087, 16.81473028780538], [102.39794952112852, 16.814731127005278], [102.39794952045183, 16.814082642096306]], [[102.39543073493523, 16.814403105052538], [102.39579302129046, 16.814040819990538], [102.39647402117495, 16.814040819919747], [102.39654025036731, 16.81410704910429], [102.39678433183309, 16.814053082388554], [102.39722258442004, 16.81403003287001], [102.39776473453215, 16.814008298469677], [102.39794952056005, 16.814023367579047], [102.39794952070962, 16.8139800715813], [102.39774135163923, 16.81396237986215], [102.39704994112257, 16.813717845169844], [102.3964152468526, 16.81336755092659], [102.39601854635178, 16.813099804142507], [102.39575084940132, 16.813126855285216], [102.39499852122596, 16.813220911837597], [102.39499852121281, 16.814381319784857], [102.39510917627318, 16.81449197524349], [102.39518639066256, 16.814476203408375], [102.39543073493523, 16.814403105052538]]]}}, {"type": "Feature", "properties": {"tambon": "ต.ทรายทอง", "amphoe": "อ.ศรีบุญเรือง", "cls": 3, "label": "ท่วมซ้ำซากเป็นครั้งคราว", "desc": "ประสบน้ำท่วมไม่เกิน 3 ครั้ง ใน 10 ปี", "color": "#38bdf8"}, "geometry": {"type": "Polygon", "coordinates": [[[102.3925961241457, 16.812790153186572], [102.39259982937784, 16.812519243870227], [102.3927285212861, 16.812520877041816], [102.39272852068727, 16.812301123990686], [102.39271877474862, 16.81227430674473], [102.392497550411, 16.812119623076043], [102.39227787415395, 16.811997819423787], [102.39121011717775, 16.8119978193474], [102.39073749356987, 16.81216880020803], [102.39063498490403, 16.812199395787896], [102.39063465663679, 16.812223347477932], [102.39057425888508, 16.81222258059746], [102.39045852152773, 16.812338319817048], [102.39045852142544, 16.812792319672667], [102.3905720212102, 16.812905819698905], [102.39079902118904, 16.813132819486107], [102.39102602141307, 16.813132820021536], [102.39125302122262, 16.81335981916996], [102.39148002067321, 16.81358681978487], [102.39170702065354, 16.813813819143647], [102.39175652490553, 16.81386332322402], [102.39201876166669, 16.813866651825357], [102.39201637963428, 16.814040820199978], [102.3926150214888, 16.81404081919885], [102.3927285207159, 16.81392732003851], [102.39272852136575, 16.81301931945003], [102.39292605398995, 16.812821787228028], [102.39291319870087, 16.81280929937043], [102.39290767820822, 16.81279410609441], [102.3925961241457, 16.812790153186572]]]}}, {"type": "Feature", "properties": {"tambon": "ต.โคกม่วง", "amphoe": "อ.โนนสัง", "cls": 3, "label": "ท่วมซ้ำซากเป็นครั้งคราว", "desc": "ประสบน้ำท่วมไม่เกิน 3 ครั้ง ใน 10 ปี", "color": "#38bdf8"}, "geometry": {"type": "Polygon", "coordinates": [[[102.37830024000148, 16.889612773088526], [102.37822437400138, 16.889612772895664], [102.37822437365469, 16.889702596541063], [102.3782005213158, 16.889702596827068], [102.37820052104838, 16.88974531927358], [102.3783140210909, 16.88985881922186], [102.37854102066602, 16.89008581977057], [102.37876802078955, 16.89031281996494], [102.37899502146153, 16.890539819804992], [102.37922202080738, 16.890766819321673], [102.37944902071771, 16.890993819386377], [102.37967602102844, 16.89099381998963], [102.37990302077337, 16.891220819414148], [102.38013002125855, 16.891220819463687], [102.3803570208541, 16.891447819150393], [102.38058402101419, 16.891674819385067], [102.38081102078547, 16.891901819280864], [102.38087205059227, 16.891901819836807], [102.38076364750529, 16.891059479945813], [102.38069136332273, 16.890920160084654], [102.38066710455308, 16.890902364466886], [102.38052601046303, 16.89090289878443], [102.38023004760853, 16.890881824376635], [102.37992594431242, 16.890800122201263], [102.3796853809832, 16.89066736491587], [102.37939240511976, 16.890430197957865], [102.379382990044, 16.890417985374203], [102.3792878702758, 16.89034281057341], [102.37872696246089, 16.889766547230586], [102.37860259311452, 16.88970530001348], [102.37830024000148, 16.889612773088526]]]}}, {"type": "Feature", "properties": {"tambon": "ต.หนองบัวใต้", "amphoe": "อ.ศรีบุญเรือง", "cls": 3, "label": "ท่วมซ้ำซากเป็นครั้งคราว", "desc": "ประสบน้ำท่วมไม่เกิน 3 ครั้ง ใน 10 ปี", "color": "#38bdf8"}, "geometry": {"type": "Polygon", "coordinates": [[[102.37229852079737, 16.895261720656283], [102.3721734277528, 16.895279531701252], [102.37174539552855, 16.895390087492416], [102.37119059777646, 16.89560272173777], [102.37124692769795, 16.895659055035107], [102.37131691371046, 16.895729046057507], [102.3713169129474, 16.896009008242693], [102.37138689913566, 16.89607899921129], [102.37151336546009, 16.896205475207225], [102.37173102114643, 16.895987819815208], [102.37195802146664, 16.895987819928436], [102.37207152131013, 16.89587431918091], [102.3720715207851, 16.895647319563647], [102.37229852081609, 16.895420319783362], [102.37229852079737, 16.895261720656283]], [[102.3722985202844, 16.895079267984], [102.37229852074026, 16.894739319204977], [102.3721850211663, 16.89462581942878], [102.37207152079218, 16.89451231957948], [102.37207152152035, 16.894285319921895], [102.37195802144586, 16.894171819957574], [102.37185614326958, 16.894069942278293], [102.37180682507358, 16.894119263028315], [102.37166685245158, 16.894119263111552], [102.37159686615013, 16.894189253199514], [102.37159686527687, 16.894329234280857], [102.3712118174105, 16.89471430160614], [102.3712814888591, 16.894783973835132], [102.3712814896741, 16.8953455906916], [102.37123641500735, 16.895390665749307], [102.37168574565499, 16.8952186230572], [102.37213530131338, 16.89510250789484], [102.3722985202844, 16.895079267984]], [[102.37215676031963, 16.8935190799187], [102.37218502073986, 16.89349081948876], [102.3722985202942, 16.893604311260372], [102.37241202121184, 16.893717819171016], [102.37346800951002, 16.89371781979459], [102.37348650234263, 16.8936993254357], [102.37362381921372, 16.893699325526878], [102.37362381972356, 16.893658043554062], [102.37348907184926, 16.89365804351509], [102.37348907252577, 16.893388548083518], [102.37321957806277, 16.893388548556846], [102.37321957816016, 16.893253801263384], [102.37281533521055, 16.8932538008267], [102.37281533482526, 16.893388548171743], [102.37268058799305, 16.893388548451625], [102.37268058753696, 16.893253801104816], [102.3725458407835, 16.893253801278554], [102.37254584100882, 16.893278376947947], [102.37207338702775, 16.8932723099812], [102.37207156040189, 16.89340414395952], [102.37208677411964, 16.893419358351224], [102.37215676033584, 16.893489349175596], [102.37215676031963, 16.8935190799187]]]}}, {"type": "Feature", "properties": {"tambon": "ต.หนองบัวใต้", "amphoe": "อ.ศรีบุญเรือง", "cls": 3, "label": "ท่วมซ้ำซากเป็นครั้งคราว", "desc": "ประสบน้ำท่วมไม่เกิน 3 ครั้ง ใน 10 ปี", "color": "#38bdf8"}, "geometry": {"type": "Polygon", "coordinates": [[[102.37365149024546, 16.91023196002744], [102.37365149052778, 16.91024360965891], [102.3737862183607, 16.910243609804024], [102.37378621800234, 16.910378346058636], [102.3736514900573, 16.91037834502834], [102.37365148962145, 16.910513081298685], [102.37378621764645, 16.910513081409412], [102.3737862163878, 16.910647817676573], [102.37365148918808, 16.91064781666519], [102.37365148747176, 16.91091728921405], [102.37351676006276, 16.910917288148074], [102.37351675960508, 16.91105202442977], [102.37338203114545, 16.911052023307438], [102.37338203061029, 16.911186759604888], [102.37324730299088, 16.911186759297678], [102.37324730236216, 16.911321494708442], [102.37311257462952, 16.911321494329425], [102.37311257393937, 16.911456230658338], [102.37297784609346, 16.911456230207506], [102.37297784624717, 16.911590965634286], [102.3729005823667, 16.911590965396368], [102.37292653989498, 16.911616924241848], [102.37306651224317, 16.911616924800928], [102.37313649838947, 16.911686915859455], [102.37313649740277, 16.91196687822865], [102.373206483725, 16.91203686923334], [102.3733464572845, 16.91203686952912], [102.37397633782358, 16.911406956411664], [102.37397633866384, 16.911126994237105], [102.3739063525096, 16.91105700348219], [102.37383636640753, 16.910987012693585], [102.37383636986799, 16.91009389207922], [102.37381042824342, 16.910093558476248], [102.37380851001055, 16.910231959565827], [102.37365149024546, 16.91023196002744]]]}}, {"type": "Feature", "properties": {"tambon": "ต.ทรายทอง", "amphoe": "อ.ศรีบุญเรือง", "cls": 3, "label": "ท่วมซ้ำซากเป็นครั้งคราว", "desc": "ประสบน้ำท่วมไม่เกิน 3 ครั้ง ใน 10 ปี", "color": "#38bdf8"}, "geometry": {"type": "Polygon", "coordinates": [[[102.39497266006332, 16.81541438722241], [102.39537527955392, 16.815280731027745], [102.39537550819598, 16.815264005819493], [102.39537679393541, 16.815169918518], [102.39532259352904, 16.815169918187177], [102.39518261992562, 16.815309898385816], [102.39504264659712, 16.815309897780303], [102.39497266013429, 16.81537988826221], [102.39497266006332, 16.81541438722241]], [[102.39704152139743, 16.814804710584134], [102.39704152130862, 16.814608319602772], [102.39692802081517, 16.81449481948527], [102.39670102119061, 16.814267819871723], [102.39654025036731, 16.81410704910429], [102.39608076454957, 16.81420864132638], [102.39543073493523, 16.814403105052538], [102.39533902070997, 16.814494819379977], [102.39511202065042, 16.814494819388422], [102.39510917627318, 16.81449197524349], [102.39464617430966, 16.814586545021672], [102.39462273072914, 16.81460999046185], [102.39453139321519, 16.81460998986218], [102.39411097147192, 16.8146958637148], [102.39411078051269, 16.8148308768746], [102.39411049893461, 16.815029932191052], [102.39462272907416, 16.815029933769026], [102.39504264924899, 16.81460999132767], [102.39546256856958, 16.814609993122467], [102.39560254245195, 16.814470012840236], [102.39574251408129, 16.814609994753777], [102.39588248773796, 16.81460999495936], [102.39595247367265, 16.81467998580852], [102.39595247285139, 16.81481996735628], [102.39577434649361, 16.81499810414391], [102.3959417564115, 16.815000224987347], [102.39594048678106, 16.815093097928898], [102.39668922047028, 16.814844536747547], [102.39704152139743, 16.814804710584134]], [[102.40103660475967, 16.814699234341095], [102.40096783575993, 16.81472181892305], [102.401014021214, 16.814721819883438], [102.40103660475967, 16.814699234341095]], [[102.40342932731504, 16.814227210541333], [102.40339752088835, 16.814223375820273], [102.40339752125597, 16.814470041300453], [102.40344102806475, 16.814470041603723], [102.40351314949783, 16.814397915686442], [102.40342963989079, 16.814247275861273], [102.40342932731504, 16.814227210541333]], [[102.39794952056005, 16.814023367579047], [102.39794952045183, 16.814082642096306], [102.39800432315059, 16.814027837103424], [102.39794952056005, 16.814023367579047]]]}}, {"type": "Feature", "properties": {"tambon": "ต.ทรายทอง", "amphoe": "อ.ศรีบุญเรือง", "cls": 3, "label": "ท่วมซ้ำซากเป็นครั้งคราว", "desc": "ประสบน้ำท่วมไม่เกิน 3 ครั้ง ใน 10 ปี", "color": "#38bdf8"}, "geometry": {"type": "Polygon", "coordinates": [[[102.39928858513755, 16.816397395218246], [102.39922699041074, 16.816396615728994], [102.39929275154293, 16.816433517532325], [102.3992932362656, 16.81642459956898], [102.39928858513755, 16.816397395218246]], [[102.39862302010408, 16.81550881883648], [102.39863052099606, 16.81551631930506], [102.3986305213419, 16.815970319455317], [102.39874402092572, 16.81608381922102], [102.3988392248903, 16.816179023713115], [102.3990188396285, 16.816279813977214], [102.39902097899791, 16.81612305167631], [102.39913426763633, 16.816124485808345], [102.39901458112432, 16.81597639669287], [102.39890628325453, 16.81575333811939], [102.39882825120642, 16.815487755357438], [102.39881635551266, 16.815396437303175], [102.39874004133755, 16.815391791479733], [102.39862302010408, 16.81550881883648]], [[102.39807256354787, 16.815639362349536], [102.39798207680953, 16.815729852412616], [102.3978421044507, 16.815729851954817], [102.39770213081748, 16.815869832734567], [102.39742218487932, 16.8158698322963], [102.39735219889897, 16.815799841215505], [102.39735220031764, 16.81539438087777], [102.39727441681052, 16.815398471986338], [102.39706984859859, 16.815443699259568], [102.39680035398709, 16.81550328248501], [102.39679433482421, 16.81550461323369], [102.39666560706179, 16.815533073968503], [102.3965707482662, 16.815554046762927], [102.39633662016054, 16.81562408565124], [102.39637238868488, 16.815659856135397], [102.39637238847051, 16.815708632118845], [102.39647585975429, 16.815741688934818], [102.39656440564757, 16.815791936885116], [102.3981765206223, 16.81595901164341], [102.39817652069652, 16.81574331973749], [102.39807256354787, 16.815639362349536]], [[102.393558149924, 16.814699049731203], [102.39355391482901, 16.814698996041106], [102.39343295948638, 16.814819957320655], [102.3935029456962, 16.81488994823674], [102.39364291828758, 16.81502993087038], [102.39366008884475, 16.815012759626832], [102.39366961290095, 16.81474296397134], [102.39356510631893, 16.814705930278606], [102.393558149924, 16.814699049731203]]]}}, {"type": "Feature", "properties": {"tambon": "ต.หนองบัวใต้", "amphoe": "อ.ศรีบุญเรือง", "cls": 3, "label": "ท่วมซ้ำซากเป็นครั้งคราว", "desc": "ประสบน้ำท่วมไม่เกิน 3 ครั้ง ใน 10 ปี", "color": "#38bdf8"}, "geometry": {"type": "Polygon", "coordinates": [[[102.37229852079737, 16.895261720656283], [102.37229852081609, 16.895420319783362], [102.3720715207851, 16.895647319563647], [102.37207152131013, 16.89587431918091], [102.37195802146664, 16.895987819928436], [102.37173102114643, 16.895987819815208], [102.37151336546009, 16.896205475207225], [102.37152687073129, 16.89621898106293], [102.37166684400407, 16.89621898171522], [102.37180681770595, 16.896079001239283], [102.37222673610924, 16.896079002403393], [102.37257667042279, 16.895729050337415], [102.37257667037088, 16.89558906940173], [102.37271664384029, 16.895449088483435], [102.37264665846362, 16.895379097998173], [102.37257667218572, 16.89530910659229], [102.37264037766906, 16.895245397495646], [102.37252574713901, 16.895229366318002], [102.37229852079737, 16.895261720656283]], [[102.37346800951002, 16.89371781979459], [102.37241202121184, 16.893717819171016], [102.3722985202942, 16.893604311260372], [102.37218502073986, 16.89349081948876], [102.37215676031963, 16.8935190799187], [102.37215675923763, 16.893769311204064], [102.37185614326958, 16.894069942278293], [102.37195802144586, 16.894171819957574], [102.37207152152035, 16.894285319921895], [102.37207152079218, 16.89451231957948], [102.3721850211663, 16.89462581942878], [102.37229852074026, 16.894739319204977], [102.3722985202844, 16.895079267984], [102.37252550325778, 16.89504694838399], [102.37271664544454, 16.89507367994321], [102.37271664629465, 16.89488916384407], [102.37285662016154, 16.89474918291781], [102.37285662098, 16.894609201992747], [102.3732765411122, 16.8941892598047], [102.3732765422919, 16.89390929714937], [102.37346800951002, 16.89371781979459]]]}}, {"type": "Feature", "properties": {"tambon": "ต.ทรายทอง", "amphoe": "อ.ศรีบุญเรือง", "cls": 3, "label": "ท่วมซ้ำซากเป็นครั้งคราว", "desc": "ประสบน้ำท่วมไม่เกิน 3 ครั้ง ใน 10 ปี", "color": "#38bdf8"}, "geometry": {"type": "Polygon", "coordinates": [[[102.37788765143831, 16.825590189890388], [102.37808702074322, 16.825390819324525], [102.37810821165449, 16.8253908190376], [102.37810587967715, 16.8253884870423], [102.37803589358816, 16.825318496014276], [102.37803589396344, 16.825178515104533], [102.377965907051, 16.825108524048233], [102.37789592112745, 16.825038532942926], [102.3778959211587, 16.824910782082785], [102.37773504101189, 16.82482856071792], [102.37754598964014, 16.824828559728314], [102.37747600304554, 16.824758569349285], [102.37747600321659, 16.824696173343483], [102.37727252617415, 16.82459218166439], [102.37664539687822, 16.82375995279955], [102.3765285653808, 16.82332638458162], [102.37642621202203, 16.823428743768176], [102.37628623885756, 16.823428743024444], [102.37617017491627, 16.82354481326284], [102.37617137333697, 16.823681030482383], [102.3761728213351, 16.82384554456097], [102.37614585652797, 16.82391671468258], [102.37611888902225, 16.82398789206924], [102.37608143576622, 16.824012442799223], [102.3760762762877, 16.8240158250467], [102.37607627649633, 16.824058657865496], [102.37614626329743, 16.824128648850678], [102.37628623518148, 16.82426863075108], [102.37656618083909, 16.82426863104822], [102.37663616789645, 16.824338622720763], [102.37663616673706, 16.824618584898694], [102.37649619300835, 16.824758565546247], [102.37649619237565, 16.82489854664987], [102.3763562183591, 16.82503852725443], [102.37635621861638, 16.8251785092605], [102.37642620412068, 16.82524850008162], [102.37649619061389, 16.825318490853753], [102.37649619006137, 16.82545847195109], [102.37656617666808, 16.825528462679518], [102.37663616238972, 16.82559845338976], [102.37663616199643, 16.82573843536777], [102.37670614783157, 16.825808426034328], [102.3771260667545, 16.82580842716443], [102.37733602739974, 16.825598456361423], [102.37733602825047, 16.825458475361796], [102.37754598829434, 16.825248503546913], [102.37761597420464, 16.825318494779893], [102.37761597354009, 16.825458475743872], [102.37768595956388, 16.825528466933168], [102.37782593316803, 16.82552846735942], [102.37788765143831, 16.825590189890388]]]}}, {"type": "Feature", "properties": {"tambon": "ต.หนองบัวใต้", "amphoe": "อ.ศรีบุญเรือง", "cls": 3, "label": "ท่วมซ้ำซากเป็นครั้งคราว", "desc": "ประสบน้ำท่วมไม่เกิน 3 ครั้ง ใน 10 ปี", "color": "#38bdf8"}, "geometry": {"type": "Polygon", "coordinates": [[[102.37282643302511, 16.911516811307024], [102.37288482717008, 16.911454153919603], [102.37307053864872, 16.911045756937845], [102.37307921359425, 16.91101493889819], [102.37310450030338, 16.910925107434924], [102.37318828489968, 16.910627467512565], [102.37320564883463, 16.91056578065372], [102.37324279313086, 16.910433830663244], [102.37325203770162, 16.91040098759823], [102.37327067643297, 16.91036670771371], [102.37327560735172, 16.910357638611803], [102.37362381930694, 16.910362111740326], [102.37362381986733, 16.910231960036754], [102.37365149024546, 16.91023196002744], [102.37365149150837, 16.909974138013283], [102.3737862191492, 16.909974138192787], [102.37378622094931, 16.909704666560245], [102.37385888478181, 16.909704666699483], [102.37392094827611, 16.909642599394704], [102.37392094875209, 16.9095699313428], [102.37397634461979, 16.909569931263935], [102.37397634603853, 16.909307237692676], [102.37418630590446, 16.90909726642132], [102.37432627904789, 16.90909726730589], [102.37459459149306, 16.90882894083277], [102.37459459239555, 16.908626781954567], [102.37381692858116, 16.908626779621336], [102.37378622535853, 16.908657483762067], [102.37378622396682, 16.90889625077156], [102.37368744488322, 16.908896250147173], [102.3736514960491, 16.90893220132765], [102.3736514955169, 16.90903098675637], [102.37351676759373, 16.909030986382962], [102.37351676686018, 16.90916572178275], [102.37324731077021, 16.909165720803344], [102.37324731081661, 16.909300457122967], [102.3729778544658, 16.909300455822002], [102.37297785433867, 16.909435192174552], [102.3727083986644, 16.909435190536524], [102.37270839836378, 16.90956992692199], [102.37261797430722, 16.909569926068478], [102.37258356276104, 16.909692179729372], [102.37239787651367, 16.910100539733907], [102.37217411326479, 16.91034065496202], [102.37205132263865, 16.91042771636451], [102.37188344146641, 16.911026336289577], [102.37175405068415, 16.9113369576299], [102.37208670341926, 16.91133695899913], [102.37222667584219, 16.91147694100727], [102.37234069007145, 16.911590963965583], [102.37267255168405, 16.91159096472126], [102.37278656692271, 16.911476942826976], [102.37282643302511, 16.911516811307024]]]}}, {"type": "Feature", "properties": {"tambon": "ต.หนองบัวใต้", "amphoe": "อ.ศรีบุญเรือง", "cls": 3, "label": "ท่วมซ้ำซากเป็นครั้งคราว", "desc": "ประสบน้ำท่วมไม่เกิน 3 ครั้ง ใน 10 ปี", "color": "#38bdf8"}, "geometry": {"type": "Polygon", "coordinates": [[[102.37316251324461, 16.874269128024448], [102.37316251379364, 16.874248635937633], [102.37310862259744, 16.874248635501523], [102.37310862210693, 16.874194740674486], [102.37305473093932, 16.87419474112382], [102.37305473140431, 16.874140846278355], [102.37295936226928, 16.874140845750084], [102.37297225865423, 16.874286277652665], [102.37299108063443, 16.874287815337773], [102.37311272148074, 16.874308159470846], [102.37311272165752, 16.87426912775396], [102.37316251324461, 16.874269128024448]], [[102.37278339220181, 16.874277930403697], [102.37277249498244, 16.874278357227837], [102.3727850850496, 16.874297017151594], [102.37278339220181, 16.874277930403697]], [[102.37405581872635, 16.8738460681392], [102.3739401318251, 16.873846067949284], [102.37382363160259, 16.873729568232612], [102.37375196067059, 16.873657897641134], [102.37374645271126, 16.874056253202916], [102.37346509734272, 16.87405264566716], [102.37346884334626, 16.873781741429784], [102.37318748928695, 16.873778135226903], [102.37318977144004, 16.87361306879529], [102.37316251516971, 16.873613069172333], [102.37316251597038, 16.87365579724616], [102.37310862495885, 16.87365579768219], [102.37310862446645, 16.873709691624594], [102.37305473343685, 16.87370969204915], [102.37305473243026, 16.873817479938776], [102.37300084136726, 16.873817480354628], [102.37300084179029, 16.873871374286406], [102.3730547328847, 16.873871374770193], [102.37305473191196, 16.873979163560815], [102.37316251413776, 16.873979163572358], [102.3731625146, 16.87392526963387], [102.37327029678411, 16.87392526959407], [102.37327029636859, 16.873979164429453], [102.3733241874799, 16.873979164836687], [102.37332418800382, 16.87403305875125], [102.37343197024882, 16.874033059517565], [102.37343196917378, 16.874134393388058], [102.37378636070612, 16.874134394709195], [102.37378636098185, 16.874269130360027], [102.37390914677951, 16.874269130969697], [102.37405581668726, 16.874210157473318], [102.37405581773362, 16.87399965933189], [102.37419054495237, 16.873999659810508], [102.37419054630071, 16.873864924177482], [102.37405581824059, 16.873864923697123], [102.37405581872635, 16.8738460681392]], [[102.37731213376657, 16.87373019941143], [102.37715455986653, 16.87373019956039], [102.37715456006511, 16.87359546338532], [102.37688510406687, 16.873595462581235], [102.37688510428787, 16.873494129022667], [102.37666611176478, 16.87349412794103], [102.37666611224519, 16.873534474694278], [102.3765762935794, 16.873534474546624], [102.37657629284743, 16.873624298417578], [102.37648647413141, 16.873624298238116], [102.37648647490597, 16.873534474359506], [102.3763966562249, 16.873534474132917], [102.37639665578583, 16.873494126466962], [102.37634619331023, 16.873494126281326], [102.37634619280097, 16.873595459891696], [102.37648092134617, 16.873595460685735], [102.37648091999334, 16.873864932304244], [102.37661564777575, 16.873864932990447], [102.37661564723105, 16.873999669231505], [102.37728928636402, 16.873999671244075], [102.377289286317, 16.874134407397573], [102.37741991459245, 16.874134407437786], [102.37741991522638, 16.874086967655476], [102.37736602335652, 16.87408696834938], [102.37736602544392, 16.87376360138642], [102.37731213364724, 16.873763601147182], [102.37731213376657, 16.87373019941143]], [[102.37747380729253, 16.873864936255313], [102.37747380682602, 16.873871391126347], [102.37752769770789, 16.873871391332898], [102.37752769754734, 16.873925285064004], [102.37755874210852, 16.873925284793806], [102.37755874272385, 16.87386493619375], [102.37747380729253, 16.873864936255313]], [[102.37621146647308, 16.873332442179215], [102.3762114660797, 16.873460723598704], [102.3763420940242, 16.873460724411405], [102.37634209406615, 16.873444649970562], [102.37630683840416, 16.873444649972292], [102.37630683856904, 16.87344023148422], [102.3762343126038, 16.873440231288306], [102.37623431276405, 16.873332442802464], [102.37621146647308, 16.873332442179215]], [[102.37606733575733, 16.873116864837552], [102.37603713214163, 16.87314706820638], [102.3760187491941, 16.873147067989315], [102.37601874838704, 16.873191251965153], [102.3760767387139, 16.873191251797074], [102.3760767386142, 16.87332598719643], [102.37618042062515, 16.873325988281334], [102.37618042181744, 16.873170759947424], [102.37612653106599, 16.873170759349776], [102.37612653071353, 16.87311686465682], [102.37606733575733, 16.873116864837552]], [[102.37734147859499, 16.87319125614828], [102.37725824549234, 16.873157217248725], [102.3772582455437, 16.873170763347247], [102.37720435391013, 16.873170763049288], [102.377204353635, 16.873224657702355], [102.37725824528388, 16.873224657997557], [102.37725824502704, 16.87327855264764], [102.37728928949016, 16.87327855243743], [102.37728928987997, 16.873191256050994], [102.37734147859499, 16.87319125614828]], [[102.3766115570617, 16.871706908876554], [102.37643851237623, 16.871565135382365], [102.37639599399418, 16.871437217393638], [102.37639599331669, 16.871446141030606], [102.37634210214566, 16.871446141319478], [102.37634210245129, 16.871500035106244], [102.37628821126218, 16.87150003538366], [102.37628821061824, 16.871553929188426], [102.37623431941104, 16.871553929454382], [102.37623431935758, 16.87171561264936], [102.37634210094004, 16.871715613004536], [102.37634210126052, 16.871769506790134], [102.37655766540693, 16.871769508205873], [102.3765576659463, 16.871715613513437], [102.376611557199, 16.87171561405635], [102.3766115570617, 16.871706908876554]], [[102.37594201703742, 16.871558346564594], [102.37594201651216, 16.87170915644804], [102.37607264514072, 16.871709156716708], [102.37607264529252, 16.87166171687998], [102.37601875498085, 16.871661717079157], [102.37601875474223, 16.87160782237416], [102.37596486350594, 16.871607822571818], [102.37596486404146, 16.871558346338563], [102.37594201703742, 16.871558346564594]]]}}, {"type": "Feature", "properties": {"tambon": "ต.โคกม่วง", "amphoe": "อ.โนนสัง", "cls": 3, "label": "ท่วมซ้ำซากเป็นครั้งคราว", "desc": "ประสบน้ำท่วมไม่เกิน 3 ครั้ง ใน 10 ปี", "color": "#38bdf8"}, "geometry": {"type": "Polygon", "coordinates": [[[102.37667169965715, 16.886374877958612], [102.37661149926717, 16.88637487751138], [102.37661149898584, 16.886320982884953], [102.37655760826314, 16.886320983011316], [102.37655760867732, 16.886213193736786], [102.37644982634775, 16.886213193951278], [102.37644982609143, 16.88637487696912], [102.376503716835, 16.88637487686844], [102.37650371572245, 16.88655536303242], [102.37666917505847, 16.886557482739164], [102.37667169965715, 16.886374877958612]], [[102.37054650571768, 16.88160182518737], [102.37054685536722, 16.88157654233171], [102.37052475445121, 16.881644214678612], [102.37050917125757, 16.881679591858703], [102.37068759006627, 16.881679592804144], [102.37068759077457, 16.88160363694147], [102.37054650571768, 16.88160182518737]], [[102.37540306812417, 16.881169503773467], [102.3753188033118, 16.88116950324363], [102.37531880268496, 16.881259327166592], [102.37526833996336, 16.881259327055425], [102.37526833995877, 16.881275401502528], [102.37540306754417, 16.881275402134307], [102.37540306812417, 16.881169503773467]], [[102.37596497283967, 16.880810209864762], [102.37576789727537, 16.880810208780925], [102.37576789682856, 16.88090003266824], [102.37569537078144, 16.880900032747736], [102.37569537074619, 16.880931544358397], [102.37564147963623, 16.880931543998514], [102.37564147905532, 16.88103933339698], [102.3755336967658, 16.88103933264557], [102.37553369738636, 16.88109322733451], [102.37540862165666, 16.88109322647113], [102.37540862178018, 16.88114066539938], [102.37567252381335, 16.881140666833026], [102.37567252406075, 16.881005931451195], [102.37598336904007, 16.88100593281287], [102.37593940964501, 16.88089546818767], [102.37593727511184, 16.880890103724294], [102.3759394099607, 16.88088394582156], [102.37596497283967, 16.880810209864762]], [[102.37472533366194, 16.880197513089385], [102.37472533384387, 16.8800153368239], [102.37467144296114, 16.88001533706369], [102.37467144328592, 16.879907548475067], [102.37472533413796, 16.879907548240784], [102.37472533444392, 16.879799759656738], [102.37483311703171, 16.879799760043515], [102.37483311761906, 16.879745865297718], [102.37494089922792, 16.87974586564857], [102.37494089960846, 16.8797997603734], [102.37499479043214, 16.87979976097593], [102.37499479097347, 16.87974586623842], [102.37504868176299, 16.879745865927095], [102.37504868230803, 16.879691972094474], [102.37499479058056, 16.879691971516102], [102.3749947913262, 16.879530289121636], [102.37494090057922, 16.879530288505332], [102.37494090114822, 16.879389098144358], [102.37486416340401, 16.879389097766328], [102.37486416228518, 16.87965856965705], [102.37459470646449, 16.87965856812948], [102.37459470621783, 16.879793304550535], [102.3741905225629, 16.879793302990237], [102.37419052311319, 16.87965856741994], [102.37405579466483, 16.87965856671523], [102.37405579495595, 16.87979330228729], [102.37392106639454, 16.879793301510926], [102.37392106662438, 16.879928038001097], [102.37378633794992, 16.879928037153082], [102.37378633808643, 16.8800627727566], [102.37324742663019, 16.880062771190143], [102.37324742546458, 16.880197506876467], [102.37311269746569, 16.880197506505507], [102.37311269662041, 16.880601714463385], [102.37351687956983, 16.88060171608816], [102.373516880472, 16.880466979538227], [102.37365160862707, 16.8804669805106], [102.37365160853075, 16.880332244894262], [102.3737863365567, 16.88033224489257], [102.37378633732033, 16.88019750927652], [102.37472533366194, 16.880197513089385]], [[102.37169935792619, 16.879638065526812], [102.37165353991104, 16.879638065574344], [102.37165353933405, 16.87969195956512], [102.37159964838649, 16.879691958978018], [102.37159964781318, 16.879745853873715], [102.37138408396619, 16.879745853198934], [102.37138408331846, 16.879799747203], [102.37133019234251, 16.87979974745271], [102.3713301916824, 16.87985364145929], [102.37127630068836, 16.87985364169752], [102.37127629883143, 16.88039258440806], [102.37133018999488, 16.880392585044685], [102.3713301893674, 16.88044647904872], [102.37138408054344, 16.880446479668407], [102.37138408086898, 16.880466971764076], [102.37149596202656, 16.880466972244676], [102.37149596252674, 16.8803322363686], [102.37176541814245, 16.880332237330546], [102.3717654194067, 16.880197501471955], [102.37190014662428, 16.880197501844545], [102.3719001484508, 16.879722545981764], [102.37169822444899, 16.879719955095666], [102.37169935792619, 16.879638065526812]], [[102.37405579852978, 16.87899134182498], [102.37402475303514, 16.878991341712062], [102.37402475311337, 16.879045236486967], [102.37397086151765, 16.879045235605417], [102.37397086158353, 16.879099130382844], [102.37391696998577, 16.879099130392234], [102.37391697002323, 16.879153024269797], [102.37386307934462, 16.879153024252272], [102.37386307843246, 16.879206918147784], [102.37343194995394, 16.8792069166618], [102.37343194893813, 16.87926081148148], [102.37305471093013, 16.87926081024951], [102.37305471111607, 16.879206915426014], [102.3729469287001, 16.879206914942777], [102.37294692893573, 16.87915302101592], [102.37284324626111, 16.8791530206213], [102.37284324571138, 16.879389090222418], [102.37270851729879, 16.879389089497156], [102.37270851592426, 16.87965856189203], [102.37311269979509, 16.879658562826606], [102.37311270019352, 16.879523827132676], [102.37338215615281, 16.879523827942315], [102.37338215637809, 16.879389092281333], [102.37378634038511, 16.879389093775615], [102.3737863412786, 16.879254358149353], [102.37392106852053, 16.879254358196434], [102.37392106933675, 16.87911962258592], [102.37405579741889, 16.879119623448297], [102.37405579852978, 16.87899134182498]], [[102.37540308149877, 16.87766636991266], [102.37537203719819, 16.87766636995003], [102.37537203702095, 16.877697882480955], [102.37531881620063, 16.877697882568768], [102.37531881637534, 16.87775619396905], [102.3752289974674, 16.877756193557858], [102.37522899825758, 16.87769788213714], [102.37521036359823, 16.877697881555793], [102.37521036300534, 16.87775177629118], [102.37515647183822, 16.87775177565633], [102.37515647217022, 16.87780567037876], [102.37521036333662, 16.877805670108486], [102.37521036266662, 16.877907003792895], [102.3754030806079, 16.877907004641553], [102.37540308149877, 16.87766636991266]], [[102.37553780975719, 16.877536200156687], [102.37553371101815, 16.877536200038037], [102.37553371049233, 16.877590093855204], [102.37547981940381, 16.877590094199764], [102.37547981937516, 16.87763753313816], [102.37553781017166, 16.8776375337964], [102.37553780975719, 16.877536200156687]], [[102.37145145866869, 16.877217236515463], [102.37145061445233, 16.87727821943717], [102.37136680073749, 16.877277143524008], [102.37136680059521, 16.877307060267245], [102.37127631128763, 16.877307060091283], [102.37127631111001, 16.877374501169122], [102.37116852863412, 16.877374500478393], [102.37116852781053, 16.877428395406117], [102.37109179061855, 16.877428395273327], [102.37109178999192, 16.8775027814086], [102.37136124635515, 16.87750278264609], [102.37136124536967, 16.877637518569998], [102.37170743910937, 16.877637520235307], [102.37170743912964, 16.877590080240363], [102.37165354784571, 16.877590079575626], [102.371653548976, 16.877212819828436], [102.37159965779665, 16.87721281913023], [102.37159965852547, 16.87715892512596], [102.37154643861962, 16.87715892509087], [102.37154643760076, 16.877217236702123], [102.37145145866869, 16.877217236515463]], [[102.3744558940358, 16.876020699434424], [102.37445589354279, 16.87613494295163], [102.3744020027972, 16.87613494203517], [102.37440200193741, 16.876296625451545], [102.37445589271299, 16.876296625457368], [102.37445589280479, 16.876404414083844], [102.37456367442505, 16.876404414944215], [102.37456367449805, 16.876458308800395], [102.3746714570752, 16.876458309582954], [102.37467145624463, 16.876512203448865], [102.37472944672497, 16.876512203496], [102.37472944708453, 16.87642490783817], [102.37459471913085, 16.8764249071068], [102.3745947198576, 16.87629017155165], [102.37445999198256, 16.876290170714224], [102.37445999274624, 16.876020699580607], [102.3744558940358, 16.876020699434424]]]}}, {"type": "Feature", "properties": {"tambon": "ต.หนองบัวใต้", "amphoe": "อ.ศรีบุญเรือง", "cls": 3, "label": "ท่วมซ้ำซากเป็นครั้งคราว", "desc": "ประสบน้ำท่วมไม่เกิน 3 ครั้ง ใน 10 ปี", "color": "#38bdf8"}, "geometry": {"type": "Polygon", "coordinates": [[[102.36423984147724, 16.88992017895699], [102.36367708784543, 16.889912932006855], [102.36367167238939, 16.890302663054513], [102.36451595578698, 16.89030266614231], [102.36451745590226, 16.8901947021777], [102.36423607784842, 16.89019107982068], [102.36423984147724, 16.88992017895699]], [[102.36475953045942, 16.890087270781525], [102.36475953014636, 16.89003319508703], [102.36489425863178, 16.890033195326073], [102.36489426007525, 16.88962898835698], [102.3647595318776, 16.88962898806649], [102.36475953342068, 16.889359515804614], [102.3646824909304, 16.889359515452785], [102.36468249060967, 16.89001023103924], [102.36475269241342, 16.89008043365502], [102.36475953045942, 16.890087270781525]], [[102.36745411074908, 16.88437429790068], [102.36745411079215, 16.88423956250023], [102.36758883857578, 16.884239562540195], [102.3675888394788, 16.884104827140035], [102.36772356714935, 16.884104827108295], [102.36772356881526, 16.88373315910847], [102.36742142914302, 16.883729273746894], [102.3674323734903, 16.882940104626897], [102.36740726852771, 16.882916241563297], [102.36691520495143, 16.882909915051517], [102.36691520407891, 16.88302693765167], [102.36686833501948, 16.883026937798288], [102.36686620933769, 16.88318023533191], [102.36678047590136, 16.883179132665116], [102.36678047445876, 16.883565880806614], [102.36691520184885, 16.883565881376796], [102.36691520036274, 16.883970088704107], [102.36704992802328, 16.88397008913394], [102.36704992804992, 16.883995446640235], [102.36713630232293, 16.883996557545625], [102.36713293123447, 16.884239561047636], [102.36718465515737, 16.884239561251235], [102.36718465493854, 16.88437429758843], [102.36745411074908, 16.88437429790068]], [[102.37012336938399, 16.881325440401934], [102.37013012464143, 16.88130878437522], [102.36987922453663, 16.881308783791646], [102.3698792235509, 16.881593256259304], [102.36998377355778, 16.88159459855394], [102.36998752734925, 16.8813236962547], [102.37012336938399, 16.881325440401934]]]}}, {"type": "Feature", "properties": {"tambon": "ต.โคกม่วง", "amphoe": "อ.โนนสัง", "cls": 3, "label": "ท่วมซ้ำซากเป็นครั้งคราว", "desc": "ประสบน้ำท่วมไม่เกิน 3 ครั้ง ใน 10 ปี", "color": "#38bdf8"}, "geometry": {"type": "Polygon", "coordinates": [[[102.37782812851297, 16.891499073340913], [102.3777752733089, 16.891499073179986], [102.37777527293855, 16.891588897752406], [102.3774239447592, 16.891588896940775], [102.3774239449215, 16.891650072295285], [102.3775586721656, 16.891650073010172], [102.37755867065695, 16.89221766433623], [102.37759563334795, 16.892217664248022], [102.37759563256104, 16.892397312510077], [102.3775058134131, 16.892397311532008], [102.37750581393469, 16.892487136105434], [102.37759563217192, 16.892487136188944], [102.37759563141844, 16.892666783544716], [102.37777526899382, 16.89266678444945], [102.37777526777747, 16.892756608126533], [102.377865087073, 16.89275660895543], [102.37786508684482, 16.892846432608742], [102.37795490523804, 16.892846433405943], [102.37795490232809, 16.893475200743055], [102.37786508363638, 16.893475199999436], [102.37786508347426, 16.89356502364756], [102.3778281205295, 16.893565023831805], [102.37782812040169, 16.89367111143725], [102.37796284811193, 16.893671112544958], [102.37796284750789, 16.893805848461195], [102.37823230305256, 16.893805849472997], [102.3782323034647, 16.8936711135912], [102.37836703204452, 16.893671113514284], [102.3783670327327, 16.893401641780745], [102.37823230528207, 16.893401641807753], [102.37823230574998, 16.893266905921575], [102.3780975774247, 16.89326690495551], [102.37809757860813, 16.892997433144348], [102.37796285047358, 16.892997432957323], [102.37796285493519, 16.89205428146714], [102.37782812651766, 16.89205428108613], [102.37782812745917, 16.891919545133675], [102.3779628548435, 16.891919545547402], [102.37796285570768, 16.89178480961072], [102.377828127482, 16.89178480919526], [102.37782812851297, 16.891499073340913]], [[102.37813455121186, 16.890437451503416], [102.37813454973559, 16.89087030758341], [102.37804473137444, 16.890870307614716], [102.37804473105813, 16.89096013126632], [102.3779549126306, 16.890960130363382], [102.37795491195352, 16.89113977858237], [102.37786509344917, 16.891139778557612], [102.37786509307236, 16.891229602222584], [102.37795491161934, 16.891229602239708], [102.37795491070537, 16.891380603041657], [102.37796285749047, 16.891380602709802], [102.37796285749168, 16.891245866782764], [102.37809758531641, 16.8912458671782], [102.37809758617757, 16.891111131251456], [102.37836704158353, 16.89111113181006], [102.3783670442715, 16.89043745234214], [102.37813455121186, 16.890437451503416]], [[102.37657622558325, 16.890572181604426], [102.37634612559266, 16.890572180775425], [102.37634612499542, 16.890841653024943], [102.37648085272292, 16.890841653636564], [102.37648085254808, 16.890976389741905], [102.37661558035428, 16.890976390247403], [102.3766155793406, 16.891111125447168], [102.37696690782354, 16.891111126891243], [102.37696690784271, 16.891049951507558], [102.37687708929681, 16.891049951040486], [102.37687708920576, 16.890960126403098], [102.3767872707109, 16.890960126791253], [102.37678727124943, 16.89087049259545], [102.3767558619658, 16.89087049199993], [102.3767558623405, 16.890870302436962], [102.37669745221086, 16.890870302486523], [102.3766974527841, 16.89078066738009], [102.37657622508506, 16.890780667048077], [102.37657622555254, 16.890690653722498], [102.37651781640568, 16.89069065369525], [102.37651781653426, 16.89060082992707], [102.3765762256534, 16.890600829959272], [102.37657622558325, 16.890572181604426]], [[102.37693550240448, 16.89003323965076], [102.37693550304782, 16.889972252905043], [102.37696691217698, 16.88997225349968], [102.37696691253312, 16.8898822402016], [102.37705673051715, 16.88988224072866], [102.37705673138545, 16.889792416082667], [102.37723636818258, 16.889792417018064], [102.37723636898993, 16.889702593289144], [102.37732618780305, 16.88970259369748], [102.37732618834971, 16.889546370064675], [102.37714655114392, 16.88954406831932], [102.37714655009015, 16.88961276911951], [102.37705673224164, 16.889612768609027], [102.37705673252313, 16.889542916935902], [102.37690935642685, 16.88954102845904], [102.37690960632321, 16.889522944227206], [102.37687709470421, 16.88952294375507], [102.37687709570687, 16.8894331199936], [102.37678727699947, 16.889433120267125], [102.37678727709962, 16.88934329561042], [102.37669745842722, 16.88934329583678], [102.37669745835707, 16.88926736027507], [102.37663172267439, 16.889266517995644], [102.37663190291583, 16.88925347170514], [102.37660764087809, 16.8892534713355], [102.3766076407209, 16.889163837127626], [102.37657623171519, 16.889163836453633], [102.37657623209041, 16.889163646890587], [102.37651782247757, 16.889163646794238], [102.37651782237117, 16.889074012578075], [102.37630677622947, 16.889074011990225], [102.37630677660499, 16.889073822427118], [102.37594750220111, 16.889073821255813], [102.37594750180921, 16.889074009916584], [102.37580722027253, 16.889074009213157], [102.37580722045827, 16.88909008454436], [102.37594194792891, 16.889090084817504], [102.37594194728487, 16.889359557186925], [102.37607667493012, 16.889359557336764], [102.37607667235793, 16.889898501117806], [102.37594194525023, 16.889898500118967], [102.37594194389176, 16.890167972486367], [102.37607667211252, 16.890167972532897], [102.37607667155704, 16.890302708697188], [102.37621139891922, 16.890302708653103], [102.37621139939483, 16.890167973408403], [102.37634612758114, 16.890167973277137], [102.37634612838019, 16.88989850191542], [102.37648085637352, 16.88989850263207], [102.37648085669694, 16.88976376651505], [102.3768850402859, 16.889763768183236], [102.3768850392798, 16.89003323942562], [102.37693550240448, 16.89003323965076]], [[102.37526830780291, 16.889433302746554], [102.375260360142, 16.889433302974297], [102.37526035987857, 16.88949429070645], [102.37526830754207, 16.88949429047824], [102.37526830780291, 16.889433302746554]], [[102.37540303620409, 16.88925365560184], [102.37531877060506, 16.889253655671475], [102.37531876993226, 16.889359554889808], [102.37540303557843, 16.88935955481172], [102.37540303620409, 16.88925365560184]], [[102.37466066292977, 16.88934328782135], [102.3746604376176, 16.889359551931403], [102.37469004096306, 16.889359551988296], [102.37469004126095, 16.88934328797942], [102.37466066292977, 16.88934328782135]], [[102.37450466966263, 16.88898399152085], [102.37445994215071, 16.889056731148383], [102.37445994110811, 16.88922481514158], [102.37459466884673, 16.88922481628651], [102.37459466868071, 16.889240403304754], [102.37460022214803, 16.889240474185964], [102.37460022288465, 16.88916364033343], [102.37454181316238, 16.889163639671786], [102.37454181333217, 16.888984181370496], [102.3745104052481, 16.888984181260287], [102.37451040562541, 16.888983991696882], [102.37450466966263, 16.88898399152085]], [[102.37553776436528, 16.88907400841153], [102.37552981765876, 16.889074008631592], [102.3755298178209, 16.889090083967027], [102.37553776452809, 16.889090083746822], [102.37553776436528, 16.88907400841153]], [[102.37660764448434, 16.88828167198019], [102.37660764433481, 16.888355231776885], [102.37669746256206, 16.8883552325766], [102.37669746231238, 16.888445056345695], [102.37675031765481, 16.888445056923313], [102.37675031889471, 16.888281672454106], [102.37660764448434, 16.88828167198019]], [[102.37633818866686, 16.888146935008155], [102.37633818862987, 16.888175583375073], [102.37642800771603, 16.88817558339076], [102.37642800732198, 16.888265407184097], [102.37648086262774, 16.888265407840475], [102.37648086301212, 16.888146935688592], [102.37633818866686, 16.888146935008155]], [[102.37715450707788, 16.887069051364907], [102.37715450731183, 16.886934315303307], [102.37719276842272, 16.886934315690883], [102.37718664881432, 16.886590554374372], [102.37718197678981, 16.886564052912348], [102.37695055023016, 16.886561087894687], [102.37694744193784, 16.886785931914247], [102.37675032468844, 16.88678593167831], [102.37675032426081, 16.886934314079042], [102.37701977964002, 16.88693431468333], [102.37701977931016, 16.88706905076213], [102.37715450707788, 16.887069051364907]]]}}, {"type": "Feature", "properties": {"tambon": "ต.ศรีบุญเรือง", "amphoe": "อ.ศรีบุญเรือง", "cls": 3, "label": "ท่วมซ้ำซากเป็นครั้งคราว", "desc": "ประสบน้ำท่วมไม่เกิน 3 ครั้ง ใน 10 ปี", "color": "#38bdf8"}, "geometry": {"type": "Polygon", "coordinates": [[[102.28307500695512, 16.90960781942609], [102.28307500744614, 16.90955352790322], [102.2831648260088, 16.909553527749964], [102.2831648267047, 16.909463704183953], [102.28325464521727, 16.90946370399859], [102.28325464494107, 16.90937388045442], [102.28352410127482, 16.909373881473282], [102.28352410180045, 16.909284057033233], [102.28361392021353, 16.90928405760704], [102.28361392072016, 16.909194234076246], [102.28370373906748, 16.90919423371547], [102.28370373955437, 16.908924762254063], [102.28379355871935, 16.908924762763473], [102.28379355961847, 16.908745114823255], [102.2838833777532, 16.908745115323068], [102.28388337902629, 16.908475642978903], [102.28397319702556, 16.908475643461482], [102.2839731995637, 16.907936700605003], [102.28406301822135, 16.907936700175135], [102.28406301904106, 16.907757052265136], [102.28442229331837, 16.907757053819687], [102.28442229308301, 16.90784687819648], [102.28451211167642, 16.907846878478825], [102.28451211053864, 16.907936701960146], [102.28460192916727, 16.907936702195506], [102.28460192903331, 16.908026526556107], [102.28467652098601, 16.908026526782212], [102.2846765208161, 16.90790531933554], [102.28456302141967, 16.907791819562874], [102.28433602116351, 16.907564819783833], [102.28410902145612, 16.907337819652998], [102.28399551979255, 16.907224311363517], [102.28397320256063, 16.90720199532214], [102.28397320192661, 16.907307932420164], [102.28388338356025, 16.90730793275841], [102.28388338301308, 16.907397756280677], [102.283703746157, 16.907397755950942], [102.28370374583643, 16.907307931526375], [102.28368490895835, 16.907307931698043], [102.28354152087785, 16.907451319538044], [102.28354152067566, 16.907678319797547], [102.28331452069577, 16.907905319252073], [102.28331452126103, 16.908132319535614], [102.28253609827883, 16.908910742544002], [102.28253609827941, 16.90892475821488], [102.28262591658799, 16.908924758350953], [102.28262591652533, 16.909014581950462], [102.28244627981543, 16.909014581653626], [102.28244627972641, 16.909000560566874], [102.28240652073038, 16.909040319428872], [102.2824065213992, 16.909267319866398], [102.28252002076347, 16.909380819993974], [102.28274702062404, 16.909380819595185], [102.28297402092679, 16.90960781927134], [102.28307500695512, 16.90960781942609]], [[102.28389948808464, 16.90712828520241], [102.28388338402823, 16.90711218116767], [102.28388338372557, 16.9071282848245], [102.28389948808464, 16.90712828520241]]]}}, {"type": "Feature", "properties": {"tambon": "ต.ศรีบุญเรือง", "amphoe": "อ.ศรีบุญเรือง", "cls": 3, "label": "ท่วมซ้ำซากเป็นครั้งคราว", "desc": "ประสบน้ำท่วมไม่เกิน 3 ครั้ง ใน 10 ปี", "color": "#38bdf8"}, "geometry": {"type": "Polygon", "coordinates": [[[102.29124851052657, 16.906226918459634], [102.29174250092353, 16.9062269187001], [102.29181270302382, 16.906297119994225], [102.29181270355028, 16.906437523875248], [102.29167229918913, 16.90657792818263], [102.29167229966633, 16.90671833298112], [102.29153189501353, 16.906858737243336], [102.2915318954101, 16.906999141154394], [102.29160209778668, 16.907069342480106], [102.2917425012087, 16.90706934296932], [102.29187723774353, 16.907204079166256], [102.2918772377747, 16.90712831334073], [102.29205687501938, 16.907128313708156], [102.29205687544193, 16.907038489898966], [102.29214669401826, 16.907038490482055], [102.29214669440616, 16.906948666679686], [102.29223651291667, 16.906948666328212], [102.2922365136313, 16.90676901873641], [102.29239322070464, 16.906769019837263], [102.29228102075865, 16.906656819316932], [102.29205402130683, 16.906656819901308], [102.29194052092656, 16.9065433194187], [102.2919405206609, 16.906316319845196], [102.29182702151725, 16.906202819233567], [102.29171352065157, 16.9060893194666], [102.29171352076123, 16.905862319837073], [102.29160778708115, 16.90575658554267], [102.29160778677546, 16.905870777304486], [102.2915179677873, 16.905870777304763], [102.2915179679416, 16.90596060115213], [102.29133833077934, 16.90596060013142], [102.29133832991891, 16.906050424008136], [102.2912485117605, 16.906050423889607], [102.29124851052657, 16.906226918459634]], [[102.29044014242385, 16.90654644774603], [102.29039722524774, 16.906589364910257], [102.29044014232049, 16.9065893647073], [102.29044014242385, 16.90654644774603]], [[102.29054906635487, 16.90578095014274], [102.29054906612011, 16.90587590781983], [102.29061926769987, 16.905946109626793], [102.29061978156015, 16.905946109480055], [102.29061978244758, 16.905780950232362], [102.29054906635487, 16.90578095014274]], [[102.29154232997956, 16.90569112914073], [102.29151796907406, 16.90566676888923], [102.29151796937772, 16.905691129577868], [102.29154232997956, 16.90569112914073]], [[102.29011351014586, 16.90473833049233], [102.29012785092343, 16.90475267136965], [102.29019805473787, 16.904822876090254], [102.29033845868044, 16.904963280076046], [102.29047886377035, 16.905103683912106], [102.29052736189942, 16.905152181745585], [102.29088924076183, 16.905152183099112], [102.29088924055311, 16.90524200700392], [102.29097905929478, 16.905242007332596], [102.29097905913677, 16.905331831229297], [102.2910688769919, 16.905331832428544], [102.2910688768846, 16.905421656317134], [102.29115869569672, 16.905421656551837], [102.29115869564014, 16.905511480432317], [102.29124851354999, 16.905511480635102], [102.2912485135441, 16.905601304507464], [102.29148652054704, 16.905601305635418], [102.29148652117206, 16.90540831938422], [102.29137302104186, 16.905294819301435], [102.29114602117536, 16.905294819522467], [102.29091902062963, 16.905067819710286], [102.29069202063265, 16.904840819546134], [102.29046502118395, 16.904840819816787], [102.29035151994862, 16.904727310901862], [102.2902380210388, 16.90461381991809], [102.29011351014586, 16.90473833049233]]]}}, {"type": "Feature", "properties": {"tambon": "ต.ทรายทอง", "amphoe": "อ.ศรีบุญเรือง", "cls": 3, "label": "ท่วมซ้ำซากเป็นครั้งคราว", "desc": "ประสบน้ำท่วมไม่เกิน 3 ครั้ง ใน 10 ปี", "color": "#38bdf8"}, "geometry": {"type": "Polygon", "coordinates": [[[102.37612744284796, 16.8120949099446], [102.37612744288728, 16.8120050857001], [102.37657653558088, 16.81200508739443], [102.3765765354734, 16.812044381820673], [102.37684599106943, 16.81204782111255], [102.37684599175985, 16.81191526428096], [102.3769358111503, 16.811915264556458], [102.37693581145952, 16.811735617089067], [102.37702562982057, 16.81173561735591], [102.37702563040557, 16.81164579317002], [102.37713945806784, 16.811645794075606], [102.3771413309026, 16.81150968433548], [102.37657880400693, 16.811502504452516], [102.37658253069912, 16.81123159852467], [102.3768637942451, 16.811235188719643], [102.3768665997966, 16.811031269643326], [102.37676745076172, 16.81101119048765], [102.37634263942384, 16.810862733372918], [102.37612677709447, 16.810832197468674], [102.37612677662159, 16.81086888685244], [102.37607288579909, 16.810868886055477], [102.37607288521876, 16.810976674989856], [102.37602341311356, 16.81097667468542], [102.3760200034458, 16.81122441877616], [102.37574953738519, 16.811220965017466], [102.37574953695021, 16.811300040465444], [102.37573765082993, 16.811300039902545], [102.37573501274353, 16.811491733532065], [102.37564175357721, 16.811490542648436], [102.37564175329643, 16.81167730054652], [102.37569564435407, 16.81167730051307], [102.375695643293, 16.81183898351053], [102.37574953439369, 16.81183898345465], [102.37574953407189, 16.811892878385503], [102.37580342518507, 16.8118928783127], [102.37580342580243, 16.811946772322774], [102.37585798795567, 16.811946772940473], [102.37585798701906, 16.812094908839683], [102.37612744284796, 16.8120949099446]], [[102.37792381806061, 16.81124871480527], [102.37792381791013, 16.811196676742576], [102.37801363688531, 16.81119667750951], [102.37801363725148, 16.81119019463523], [102.37777509599162, 16.81115277884708], [102.3774280175767, 16.81111905266502], [102.37742632112763, 16.811242367043782], [102.37792381806061, 16.81124871480527]]]}}, {"type": "Feature", "properties": {"tambon": "ต.โนนเมือง", "amphoe": "อ.โนนสัง", "cls": 3, "label": "ท่วมซ้ำซากเป็นครั้งคราว", "desc": "ประสบน้ำท่วมไม่เกิน 3 ครั้ง ใน 10 ปี", "color": "#38bdf8"}, "geometry": {"type": "Polygon", "coordinates": [[[102.44009549177697, 16.83253465342477], [102.44009549232936, 16.832480758870783], [102.44014938347104, 16.832480758903937], [102.44014938401116, 16.83242686435253], [102.44020327513472, 16.832426864374316], [102.44020327474195, 16.83237297074351], [102.44025716584741, 16.83237297075393], [102.44025716636301, 16.83231907620766], [102.44031105745037, 16.832319076206687], [102.44031105797, 16.832265182565333], [102.44036494903928, 16.832265182553012], [102.44036494953035, 16.832211288011898], [102.4404188405815, 16.83221128798819], [102.44041884062149, 16.83210349982892], [102.44047273163928, 16.832103499796634], [102.44047273210882, 16.832049605260465], [102.44041884110635, 16.83204960528994], [102.44041884114822, 16.83194181622697], [102.44036495017352, 16.831941816236625], [102.44036495068275, 16.83188792169414], [102.44025716781857, 16.83188792168102], [102.4402571689073, 16.831780132584104], [102.44031105984173, 16.83178013261124], [102.44031105945469, 16.831726238983276], [102.4404188422215, 16.83172623898486], [102.44041884171848, 16.83178013352525], [102.44044718879775, 16.831780133939162], [102.44045397273909, 16.83127540817104], [102.44073528014434, 16.83127891358179], [102.4407381561235, 16.831064877675136], [102.44088760416273, 16.831064877519832], [102.44088760374414, 16.831009848440928], [102.44130153365445, 16.831015006965412], [102.44129849465442, 16.83124119275457], [102.44131295305823, 16.831241193094918], [102.44133499376697, 16.831222390500617], [102.44133499407336, 16.831133404563026], [102.44137216864233, 16.83113340485847], [102.44138514000747, 16.831003781890235], [102.44138888627151, 16.830995656104474], [102.44138888585898, 16.83091782727077], [102.44142476328388, 16.830917827653796], [102.44143660353741, 16.830892142264847], [102.44144277786482, 16.830886438966985], [102.44144277770391, 16.8308639334409], [102.4414671377042, 16.830863932903288], [102.44188009759317, 16.830482419417457], [102.44172204247324, 16.83020172570657], [102.441652812864, 16.82970064089543], [102.44164221831593, 16.829623954618082], [102.44163548570435, 16.82925152135065], [102.44163296093176, 16.829111821640257], [102.44165395359701, 16.829019823715406], [102.44164724732744, 16.828979979701906], [102.44164842646278, 16.82889222501756], [102.44164906581747, 16.828844595618275], [102.4415364544719, 16.828844595727187], [102.44153645514267, 16.82870984775969], [102.44140170717614, 16.828709848005172], [102.4414017073304, 16.828844595072177], [102.44113221302729, 16.828844595300886], [102.4411322130093, 16.828979342401592], [102.44097639929433, 16.828979342681137], [102.44097639789642, 16.829251518576815], [102.44106554571484, 16.82925151950807], [102.44106554506338, 16.829408783896053], [102.4411194362361, 16.829408784720634], [102.44111943501477, 16.82967825636925], [102.44117332624484, 16.829678256263293], [102.44117332677773, 16.829732150757405], [102.4411194355324, 16.829732150866185], [102.44111943509982, 16.82978604447627], [102.44117332637676, 16.82978604526701], [102.44117332597881, 16.82983993977637], [102.44111943468657, 16.82983993898844], [102.44111943296122, 16.830324988653906], [102.44106554152853, 16.830324987877074], [102.44106554113029, 16.830378882389763], [102.44101165063276, 16.830378882488162], [102.44101165022225, 16.83043277700343], [102.44090386729802, 16.83043277629242], [102.44090386779689, 16.830486670797345], [102.44084997632342, 16.830486670874546], [102.44084997546089, 16.830702248048], [102.44079608392344, 16.830702248122247], [102.44079608439057, 16.830756141729317], [102.44074219283502, 16.83075614179218], [102.44074219236924, 16.830810036319875], [102.44052662791539, 16.830810035507024], [102.44052662832841, 16.83086393003001], [102.44047273671192, 16.830863929125265], [102.44047273617575, 16.830917823666514], [102.44041884549442, 16.830917823637016], [102.44041884494598, 16.830971718180848], [102.44036495424655, 16.830971718139978], [102.44036495366953, 16.831025611784067], [102.44004160651141, 16.83102561130493], [102.44004160678261, 16.831079504949933], [102.43993382434353, 16.831079504682393], [102.43993382325858, 16.83124118837125], [102.43998771499386, 16.831241188495834], [102.43998771432496, 16.831295082158434], [102.43993382351128, 16.831295082020947], [102.4399338231215, 16.831402871140007], [102.43971825877954, 16.831402870486393], [102.43971825805956, 16.83145676506465], [102.43966436718598, 16.83145676486468], [102.43966436643743, 16.83151065854319], [102.43934102012471, 16.831510657980353], [102.43934102014961, 16.831532494718573], [102.4396064088431, 16.831535804485338], [102.43960276675396, 16.831806722983075], [102.43988407424331, 16.83181023033944], [102.43988043263975, 16.832081149666763], [102.43971825529779, 16.832079127742297], [102.43971825546848, 16.83215739084186], [102.43961047332093, 16.832157390500736], [102.4396104723639, 16.83237296788821], [102.43966436350024, 16.83237296805463], [102.43966436281944, 16.832426862631557], [102.4397182539683, 16.832426862780995], [102.43971825424273, 16.832480757339162], [102.43982603656258, 16.832480757589884], [102.43982603593375, 16.832534652157907], [102.44009549177697, 16.83253465342477]], [[102.44087738398964, 16.831822613818936], [102.44052662451683, 16.83181824143477], [102.44052662403523, 16.83183402799903], [102.44087591181095, 16.831834029372114], [102.44087738398964, 16.831822613818936]], [[102.44095776489114, 16.828979342801706], [102.4408627184448, 16.828979342310795], [102.4408627182676, 16.82908541730767], [102.440957764767, 16.82908541778886], [102.44095776489114, 16.828979342801706]], [[102.44181135155212, 16.82804075005684], [102.44162287239699, 16.828038402014307], [102.44161559411607, 16.82858023992015], [102.44165261062817, 16.8285807014212], [102.44165320252533, 16.828536666986203], [102.44174032896791, 16.828263458092845], [102.44181135155212, 16.82804075005684]], [[102.44191670378059, 16.827710389539387], [102.4422501922044, 16.827199646659107], [102.44237011033165, 16.82700592525399], [102.44258406330884, 16.826660296306635], [102.44284164611413, 16.826427792544944], [102.44277406708716, 16.826426951125576], [102.4427740661772, 16.82630380717809], [102.44277155733457, 16.82630380773748], [102.4427735421154, 16.826155980390038], [102.44305484223659, 16.826159482181023], [102.44305360418625, 16.826251677669422], [102.44341927916183, 16.82599218215201], [102.44339013148253, 16.825979264749687], [102.4432728930392, 16.825863377640918], [102.44324704927466, 16.825855555946575], [102.44305743163403, 16.82586526508023], [102.44276467235126, 16.825938541298374], [102.44275212396917, 16.825942717797773], [102.44250457134693, 16.82615847863984], [102.44233143723574, 16.82630937757587], [102.44230505447905, 16.826313578459025], [102.44230505465136, 16.82633681057011], [102.442251163475, 16.82633680991306], [102.44225116318898, 16.826390704381], [102.44219727201086, 16.826390704614912], [102.44219727171256, 16.826444599085434], [102.44208948930098, 16.826444598614014], [102.44208948897514, 16.826498493089943], [102.44192781528267, 16.82649849183372], [102.44192781491398, 16.826552386317832], [102.44187392461005, 16.82655238645939], [102.44187392422911, 16.82660628094608], [102.44182003295387, 16.826606280189637], [102.44182003256067, 16.826660174678924], [102.44176614128362, 16.82666017481345], [102.44176614141267, 16.826767963781222], [102.44171225008591, 16.82676796300486], [102.4417122493823, 16.82698354096458], [102.4416583579916, 16.826983540185264], [102.44165835674714, 16.827145223672836], [102.44160446624466, 16.827145222872065], [102.44160446582062, 16.827199117370277], [102.44155057437943, 16.827199117476187], [102.44155057481878, 16.827145222975165], [102.44138890144488, 16.827145222281324], [102.44138890095967, 16.827199116790762], [102.44128111898897, 16.827199116859248], [102.44128111845991, 16.82725301047175], [102.44122722792349, 16.82725301047966], [102.44122722739849, 16.82730690499708], [102.44117333590708, 16.827306905009323], [102.44117333510852, 16.827576376673214], [102.44111944353787, 16.827576376685347], [102.44111944392105, 16.827630270288957], [102.44106565636217, 16.827630270350838], [102.44106390670136, 16.82776047240317], [102.44134520967054, 16.82776397791557], [102.44134884844257, 16.827493058899584], [102.44163015000564, 16.827496564108188], [102.44162651069976, 16.8277674830711], [102.44189742049456, 16.82777085791416], [102.44191670378059, 16.827710389539387]]]}}, {"type": "Feature", "properties": {"tambon": "ต.ทรายทอง", "amphoe": "อ.ศรีบุญเรือง", "cls": 3, "label": "ท่วมซ้ำซากเป็นครั้งคราว", "desc": "ประสบน้ำท่วมไม่เกิน 3 ครั้ง ใน 10 ปี", "color": "#38bdf8"}, "geometry": {"type": "Polygon", "coordinates": [[[102.35286433015108, 16.836938559739345], [102.35286433004605, 16.83689977549086], [102.35289958709748, 16.836899775210323], [102.35289958739662, 16.83688622788872], [102.35304396745063, 16.836886228795766], [102.35304396772955, 16.8367964047122], [102.35349306061786, 16.83679640607165], [102.35349306070846, 16.836706582927853], [102.35358287958611, 16.83670658254157], [102.35358287962652, 16.836616758502327], [102.35376251730581, 16.83661675943159], [102.35376251726943, 16.83652693540688], [102.3546607038638, 16.83652693868291], [102.354660703388, 16.836616762646866], [102.3547505221402, 16.83661676265839], [102.35475052223401, 16.836576415943956], [102.3547857782416, 16.836576416267103], [102.35478577798696, 16.83663031027802], [102.35489356030584, 16.836630310764406], [102.35489356008475, 16.836684204769625], [102.35496333634535, 16.836684205650545], [102.35496246393151, 16.836681826031942], [102.35497929399754, 16.83653901900015], [102.3550731879807, 16.83646862781794], [102.35505523475153, 16.836468628033916], [102.3550552351126, 16.83636083913541], [102.35500134357866, 16.836360839387044], [102.35500134442208, 16.83616764421689], [102.35528943457851, 16.836167645062517], [102.35528943573496, 16.836077821133244], [102.35537925419492, 16.83607782181701], [102.35537925416135, 16.83603747422232], [102.35548636591089, 16.83603747458478], [102.35548636490445, 16.836091369480172], [102.35559414778325, 16.8360913696372], [102.35559414783799, 16.836037475665034], [102.35563064845272, 16.836037475361792], [102.35560629077382, 16.835942338647108], [102.35549381199962, 16.835804343616115], [102.35505000162817, 16.835651580246548], [102.35499459902634, 16.835665756353254], [102.35499459934248, 16.836095012734848], [102.35485419616413, 16.836235417316235], [102.35485419613188, 16.836375821556967], [102.35480829364539, 16.83642172376397], [102.3545719075649, 16.836418678024074], [102.3545756735587, 16.836147777910796], [102.35429437764108, 16.836144151776672], [102.35429814222782, 16.83587325162328], [102.35457943680521, 16.835876877839453], [102.35458320103672, 16.835605976846324], [102.3543019068943, 16.835602352368234], [102.35430784320958, 16.835175160566468], [102.3543007637554, 16.835175160758688], [102.35430076329035, 16.835121266732127], [102.35424687206985, 16.83512126672221], [102.35424687254417, 16.83506737177494], [102.35419298133624, 16.83506737174811], [102.35419298183253, 16.835059050908313], [102.35402814297119, 16.835056926138904], [102.35402949604455, 16.83495958241146], [102.35397741760342, 16.83495958247872], [102.35397741780451, 16.834851793472932], [102.35392352664407, 16.83485179336423], [102.3539235267403, 16.834784628221062], [102.35381596746166, 16.83478324141491], [102.35381596689405, 16.83477347631378], [102.35368122029807, 16.834773477107955], [102.35368121987345, 16.834638728865457], [102.35354647240301, 16.834638728666743], [102.35354647273205, 16.83477347692635], [102.35341172514889, 16.83477347665609], [102.35341172572481, 16.8347780306307], [102.35318802974858, 16.834775146552587], [102.35319179628307, 16.834504247014497], [102.35375438086815, 16.83451150014055], [102.35375676517428, 16.834339960615832], [102.35394156798166, 16.83433996036209], [102.35396835190778, 16.834366744455718], [102.35397741934806, 16.834366744281283], [102.35397742056703, 16.834258956157466], [102.35413909352734, 16.83425895648883], [102.35413909448282, 16.834207211690995], [102.35404338176774, 16.834166930132284], [102.35397766769748, 16.83408741819475], [102.35399310682837, 16.83404470773953], [102.35413909469824, 16.833976732388045], [102.354139095074, 16.83393559038683], [102.35403131234969, 16.833935590162557], [102.35403131295014, 16.833881695199224], [102.35397742113065, 16.833881695070744], [102.35397742176522, 16.833827801006834], [102.35392353089533, 16.833827800846098], [102.35392353061114, 16.83377390679456], [102.3538696397538, 16.8337739066169], [102.35386963947192, 16.833720011659967], [102.3537079659923, 16.83372001104905], [102.35370796671221, 16.833666116970747], [102.35365407587452, 16.833666116730914], [102.35365407567562, 16.833612222664964], [102.35360018485046, 16.833612222408203], [102.35360018541327, 16.833504433352413], [102.35354629367892, 16.83350443309129], [102.3535462943, 16.833396644931515], [102.35349240353055, 16.83339664463542], [102.35349240404578, 16.833234961491037], [102.35338462165335, 16.833234960855215], [102.35338462155454, 16.83318106677371], [102.35322294845977, 16.833181065697755], [102.35322294759159, 16.83323496070518], [102.35316934553495, 16.83323496011187], [102.35316934575116, 16.83356773683418], [102.35323954801468, 16.83363793872331], [102.35330974939346, 16.83370814059398], [102.35330974967366, 16.833963870524855], [102.35319932857459, 16.833962446136667], [102.3531955619284, 16.834233346585272], [102.35291427041975, 16.834229719816598], [102.35291803653203, 16.833958819316607], [102.3520741618957, 16.83394793649591], [102.35207793023413, 16.833677036678946], [102.3520373406854, 16.833676513622084], [102.3520373409235, 16.833720005348077], [102.35198344998568, 16.833720004671303], [102.3519834497323, 16.833773899724033], [102.35192955783941, 16.833773899051135], [102.3519295575578, 16.83382779320396], [102.35182177562321, 16.833827792692876], [102.35182177593539, 16.8337738985346], [102.35171399308338, 16.833773897976613], [102.3517139934291, 16.83372000381264], [102.35166010249075, 16.8337200039532], [102.35166010285471, 16.83366610978623], [102.3514445381663, 16.833666108406195], [102.35144453775708, 16.833720003486516], [102.35128286487688, 16.833720002750503], [102.35128286440882, 16.83377389693637], [102.35106729953736, 16.833773896083525], [102.3510673000666, 16.8337200018867], [102.35101340909542, 16.833720001857092], [102.35101340868997, 16.833666106770174], [102.35090562677, 16.833666106662925], [102.35090562641398, 16.83361221247273], [102.35085173546517, 16.833612212395085], [102.35085173606441, 16.83355831818661], [102.35101340979375, 16.83355831836991], [102.3510134099723, 16.833450529984002], [102.35085173631883, 16.83345052888188], [102.35085173692691, 16.833396634672734], [102.35079784509952, 16.83339663458527], [102.35079784541317, 16.833450528781867], [102.35069006265662, 16.83345052855456], [102.35069006229456, 16.83355831697328], [102.35063617135012, 16.83355831683618], [102.35063617098517, 16.833666106161864], [102.3505822799915, 16.83366610511364], [102.35058227933759, 16.833720000237715], [102.35036671533801, 16.833719999523577], [102.35036671511608, 16.83366610440384], [102.35031282412464, 16.83366610418713], [102.350312824689, 16.833558315731032], [102.35025893278836, 16.83355831550995], [102.35025893355878, 16.83350442127119], [102.35022274349829, 16.833504420880484], [102.35011573614379, 16.83355726204606], [102.34971212906608, 16.833563850962967], [102.34961462900638, 16.833495881443735], [102.34957542168421, 16.83353001432543], [102.3495305272395, 16.83364416385332], [102.34954631591211, 16.833644368299858], [102.34953877291608, 16.834186165504445], [102.34897619192553, 16.834178901421268], [102.34898239553573, 16.83373331772359], [102.34902742098132, 16.833778344042663], [102.34906892391233, 16.83381984602084], [102.34903086747958, 16.83371607986278], [102.34904507617348, 16.833637895556294], [102.34907106507896, 16.83349490091237], [102.34914623419222, 16.833269620829853], [102.34921250958584, 16.833098161730213], [102.34922325303889, 16.833070366300515], [102.34929967530643, 16.832914022986806], [102.34939133742333, 16.832729263820525], [102.34942271836931, 16.832678627833968], [102.34881681483934, 16.832769889120094], [102.34881681470922, 16.832865716347353], [102.34860620803751, 16.833076321941043], [102.34853441848482, 16.833076321736016], [102.348534417695, 16.83312715417701], [102.34864220047089, 16.83312715466925], [102.34864220015814, 16.833181048976396], [102.34869609109668, 16.83318104965737], [102.34869609080216, 16.833234943961518], [102.34874998173741, 16.833234943723173], [102.34874998081827, 16.833612204713766], [102.34880387185783, 16.833612204442087], [102.3488038707014, 16.833881676826316], [102.34874997956953, 16.833881676209252], [102.34874997932862, 16.833935570507638], [102.34864219704194, 16.833935570138834], [102.34864219677338, 16.833989464442467], [102.3485883056186, 16.83398946469071], [102.3485883053377, 16.834043358996844], [102.348534414149, 16.834043358331236], [102.34853441385579, 16.83409725263987], [102.34848052266496, 16.834097252865234], [102.3484805232964, 16.83415114716106], [102.34842663208751, 16.834151147374982], [102.3484266317696, 16.834205041688616], [102.34837274052684, 16.83420504098866], [102.34837274019655, 16.834258935304792], [102.34831884895165, 16.83425893549579], [102.34831884793263, 16.83442061845096], [102.34837273922342, 16.834420618251762], [102.34837273865477, 16.834442055026386], [102.34869112825432, 16.8344461676009], [102.34868735523762, 16.834717066400543], [102.3489686485088, 16.834720698860828], [102.34896607261297, 16.83490566946433], [102.34912721350594, 16.83490567062509], [102.34912721460755, 16.834797882059465], [102.34918110502736, 16.834797881643663], [102.34918110611015, 16.83469009308257], [102.34912721476803, 16.834690092605772], [102.34912721480917, 16.83464061602729], [102.34927159549522, 16.834640617161806], [102.34927159588918, 16.834550792773516], [102.34936141408843, 16.834550793518925], [102.34936141444811, 16.834460969137577], [102.34954105167596, 16.8344609705101], [102.34954105201196, 16.834420622703576], [102.34955834527759, 16.834420622945224], [102.3495583443585, 16.834474517215583], [102.34982780061078, 16.83447451804268], [102.3498277997711, 16.834528412299125], [102.34998947354508, 16.83452841315842], [102.34998947369125, 16.834582307391138], [102.35004336495906, 16.834582307646475], [102.3500433637604, 16.834797884594646], [102.35009725508665, 16.834797884824845], [102.35009725435702, 16.83485177996865], [102.35020503703191, 16.83485178038104], [102.35020503679392, 16.834797885258027], [102.35025892811196, 16.834797885445695], [102.35025892881454, 16.83474399121229], [102.35036671047482, 16.834743991565844], [102.35036671114976, 16.834690097337667], [102.35042060242903, 16.83469009748826], [102.35042060215461, 16.834636203277903], [102.35047449341583, 16.834636203417027], [102.3504744940661, 16.83458230919387], [102.3505283853093, 16.834582309321565], [102.35052838501018, 16.834528415116196], [102.35058227623537, 16.83452841523244], [102.35058227686095, 16.83447452101427], [102.35063616806808, 16.834474521119063], [102.35063616774428, 16.8344206269187], [102.35058227655242, 16.834420626811173], [102.35058227718389, 16.834366732592553], [102.35063616836047, 16.834366732702815], [102.35063616864875, 16.834258943383205], [102.35069005979199, 16.834258943484738], [102.35069006007738, 16.83415115507209], [102.35090562451656, 16.83415115626076], [102.35090562490207, 16.834205050448613], [102.35095951601636, 16.834205050481994], [102.35095951548308, 16.834258944682166], [102.35101340660991, 16.83425894469863], [102.35101340612167, 16.834281327426773], [102.35097815043073, 16.834281327280266], [102.35097814988231, 16.834371151541486], [102.35106796878934, 16.834371151538278], [102.35106796829159, 16.834460975791245], [102.35115778629647, 16.83446097575635], [102.35115778584938, 16.834550800001086], [102.35122897029923, 16.834550800049012], [102.35122897031682, 16.834582311511017], [102.35124760484685, 16.834582311365327], [102.35124760442974, 16.834640624140356], [102.35133675233418, 16.834640624125228], [102.3513367515478, 16.834743995697437], [102.35133742265542, 16.834743995568306], [102.35133742241287, 16.83491009577654], [102.35142724062324, 16.83491009648786], [102.35142724034456, 16.834999920706547], [102.35160620664028, 16.834999921208265], [102.35160620622293, 16.83501346854843], [102.35169669555188, 16.83501346810023], [102.35169669581975, 16.835089744956466], [102.35182177083591, 16.835089745460152], [102.351821770985, 16.835121257805614], [102.35192955271664, 16.835121258200687], [102.35192955254965, 16.835089745858422], [102.35205596977103, 16.835089746858902], [102.3520559702959, 16.83501347001318], [102.35209122702398, 16.835013469934488], [102.35209122740675, 16.834999922600495], [102.35214578887326, 16.834999923067272], [102.35214578974913, 16.834910098894074], [102.35223560789115, 16.83491009925082], [102.35223560800482, 16.834851787433717], [102.35225290126583, 16.83485178744081], [102.35225290139962, 16.83479789330884], [102.35230679261375, 16.834797892957557], [102.35230679273519, 16.83474399882809], [102.35236068394717, 16.834743999367763], [102.35236068431442, 16.834730452036933], [102.35241524568966, 16.834730452445754], [102.35241524586189, 16.834820276582168], [102.3525050639386, 16.834820276828317], [102.35250506343964, 16.83499992419685], [102.35259488159372, 16.834999924388402], [102.35259488162771, 16.835038445973765], [102.35262167869902, 16.83503879164341], [102.35261972076589, 16.835179572976013], [102.35268469945983, 16.83517957277851], [102.35268469980049, 16.83526939688888], [102.35277451806681, 16.835269396978827], [102.35277451752108, 16.83535922109623], [102.35286433582229, 16.835359221139182], [102.35286433626428, 16.835449045233037], [102.35295415460035, 16.83544904522899], [102.352954154156, 16.835538869329895], [102.35304397254286, 16.835538870181267], [102.35304397213329, 16.83562869337151], [102.35313379055502, 16.835628694175867], [102.35313379021203, 16.83571851826028], [102.35322360958978, 16.835718518099924], [102.35322360929746, 16.835808342176062], [102.35327682965476, 16.83580834255657], [102.353276828141, 16.83598357213107], [102.35322293757672, 16.83598357278255], [102.35322293684608, 16.83603746687544], [102.3531690462479, 16.83603746661305], [102.3531690455049, 16.83609136070844], [102.35311515488868, 16.836091360434626], [102.35311515414924, 16.836145255434918], [102.35306126351497, 16.83614525514964], [102.35306126274733, 16.83619914925003], [102.35300737209502, 16.836199148953323], [102.35300737131502, 16.836253043056203], [102.3528995890505, 16.836253043343426], [102.35289958917987, 16.836306937436245], [102.35279180685791, 16.83630693676978], [102.35279180695967, 16.836360830867843], [102.35268402461207, 16.836360831052524], [102.35268402374913, 16.836414725171135], [102.35260254419508, 16.836414725173288], [102.35259530675104, 16.836935090150423], [102.35286433015108, 16.836938559739345]], [[102.34895721819795, 16.83258270624548], [102.34948069464433, 16.832484695750047], [102.34950916964901, 16.832539128115027], [102.34955841787269, 16.832459660580817], [102.34975112361958, 16.83223389628195], [102.34939667960045, 16.832233896368063], [102.34939667970154, 16.83226484822365], [102.34934278905848, 16.83226484768056], [102.34934278889733, 16.832318741955902], [102.3492888973151, 16.83231874231908], [102.34928889714162, 16.8323726365969], [102.34912722323787, 16.83237263578942], [102.34912722345723, 16.832318741503403], [102.34907333278517, 16.83231874089214], [102.34907333300612, 16.832233896542963], [102.34907208639815, 16.832233896125842], [102.3490305740815, 16.832339446525552], [102.34895721881017, 16.832442428529916], [102.34895721819795, 16.83258270624548]]]}}, {"type": "Feature", "properties": {"tambon": "ต.ทรายทอง", "amphoe": "อ.ศรีบุญเรือง", "cls": 3, "label": "ท่วมซ้ำซากเป็นครั้งคราว", "desc": "ประสบน้ำท่วมไม่เกิน 3 ครั้ง ใน 10 ปี", "color": "#38bdf8"}, "geometry": {"type": "Polygon", "coordinates": [[[102.35785755157023, 16.84239701734054], [102.35785755155794, 16.84234312259301], [102.35796533404425, 16.842343123634578], [102.35796533388373, 16.84227568254367], [102.35807378743482, 16.84227568247695], [102.35807378765305, 16.842185858812332], [102.35825342523509, 16.842185859446122], [102.35825342504033, 16.84218144178929], [102.35839646338584, 16.84218144216912], [102.35839646416945, 16.842127547432725], [102.35850424647855, 16.842127548212446], [102.35850424629744, 16.84207365349662], [102.35855813743257, 16.842073653867942], [102.3585581381762, 16.84201975913931], [102.3586120292933, 16.842019759499166], [102.3586120290875, 16.841965864788378], [102.3587151208642, 16.841965865551163], [102.35872559264642, 16.841211345051363], [102.35871981400172, 16.84121134489454], [102.35871981474673, 16.84115745017039], [102.35855814121693, 16.841157449919507], [102.35855814107374, 16.841103555202224], [102.35845035936745, 16.841103555249134], [102.35845035915112, 16.84099576580292], [102.3583964683324, 16.840995766250813], [102.3583964691115, 16.84088797768525], [102.35834257736767, 16.84088797722641], [102.35834257823751, 16.840834082481674], [102.35828868652217, 16.840834082908305], [102.3582886864732, 16.840780188175916], [102.35823479569156, 16.840780187667878], [102.35823479567678, 16.84072629383493], [102.35818090490768, 16.840726293309967], [102.35818090491117, 16.840672399474048], [102.35812701415463, 16.840672398932135], [102.35812701416043, 16.84061850419084], [102.35801923174861, 16.840618503976753], [102.3580192318462, 16.84051071538489], [102.35796534114327, 16.840510715694617], [102.35796534120382, 16.840456820944375], [102.35791145049754, 16.840456820334776], [102.35791145067404, 16.840349031730543], [102.35785755907447, 16.840349032019013], [102.35785756057307, 16.840079560024133], [102.35780366904726, 16.84007956028471], [102.35780366931041, 16.83997177076383], [102.3577497787495, 16.8399717709894], [102.35774977974945, 16.83964840511199], [102.35769588832461, 16.839648404419876], [102.35769588852487, 16.839594510554612], [102.35774977991849, 16.839594510347073], [102.35774978104257, 16.839271144459858], [102.35780367234166, 16.83927114425458], [102.357803672703, 16.839221668052943], [102.35780434382232, 16.83922166789977], [102.35780434414316, 16.83904202049547], [102.35819300120038, 16.839042022281852], [102.35819491862453, 16.838903883468348], [102.35791361855199, 16.83890026216416], [102.357917377226, 16.838629361114418], [102.35847997743761, 16.838636603452613], [102.3584846337046, 16.83830104862854], [102.35845037011767, 16.838301048997753], [102.35845037027464, 16.838139365694087], [102.35848687683323, 16.838139365619647], [102.35848749523846, 16.83809480157756], [102.35850426198944, 16.838095017240132], [102.35850426224805, 16.838031576782605], [102.35861204501606, 16.83803157697379], [102.35861204504495, 16.837977683148146], [102.35866593593306, 16.837977682781673], [102.3586659369505, 16.837708211843406], [102.35861204612293, 16.83770821129375], [102.35861204615361, 16.837654316564286], [102.35855815535457, 16.837654316900128], [102.35855815547131, 16.83754652833741], [102.35850426374714, 16.83754652776652], [102.35850426484333, 16.83743873918205], [102.358450373147, 16.837438738591477], [102.35845037439883, 16.83727705616366], [102.3585042650963, 16.837277055875376], [102.35850426519717, 16.837223162040985], [102.3586120475063, 16.83722316231441], [102.35861204859646, 16.837077885008465], [102.35775934597606, 16.8380620593377], [102.3576886772466, 16.838417288891222], [102.35770239679007, 16.839194675942196], [102.35764795658085, 16.839390725898433], [102.35769410858157, 16.83950157198686], [102.3576774784178, 16.839630085498356], [102.35757891646814, 16.839639350683345], [102.35755634171983, 16.839720648991946], [102.35750029110632, 16.839759125569937], [102.35731939686, 16.839883303939587], [102.35730400035696, 16.839893873440165], [102.3571891548491, 16.839972711031848], [102.35718464945222, 16.839973685631797], [102.35651812422458, 16.840117901977152], [102.35651091328297, 16.84012257213435], [102.35632616357704, 16.840242230915475], [102.35593757042966, 16.840618496794743], [102.35597136773322, 16.840618497186725], [102.35597136740589, 16.840726285068136], [102.35602525827137, 16.840726285272385], [102.35602525861187, 16.840780180104744], [102.35607914948994, 16.840780180292068], [102.35607914925743, 16.840887969063534], [102.35613304016334, 16.840887969231193], [102.3561330405274, 16.840941863154974], [102.35618693144588, 16.840941863305705], [102.35618693129227, 16.841049652064807], [102.35624082223862, 16.841049652195878], [102.35624082109103, 16.841265229715674], [102.3561869300835, 16.84126522959556], [102.35618692943626, 16.841316567170026], [102.35619195187495, 16.841316632126258], [102.35619191710462, 16.841319124064995], [102.35624082058521, 16.841319124550072], [102.35624082100348, 16.841373018466495], [102.35634860307154, 16.841373018653197], [102.35634860355972, 16.84131912472691], [102.35645638558618, 16.84131912486233], [102.35645638468989, 16.84142691360611], [102.35645705675495, 16.84142691344064], [102.35645705630161, 16.841467260992143], [102.35651027622467, 16.841467261181226], [102.35651027539825, 16.84158859718863], [102.35654687359799, 16.84158859675634], [102.35654687334942, 16.841646909237916], [102.35656416623789, 16.841646909687796], [102.35656416622226, 16.841750280738417], [102.35661805734831, 16.841750280734555], [102.35661805696026, 16.841804174645272], [102.35672583925066, 16.841804175491923], [102.35672583959219, 16.841750280684263], [102.35672651072117, 16.84175028053304], [102.35672651030357, 16.841865415167707], [102.35674703323785, 16.841865679574727], [102.35674632886457, 16.84191638142526], [102.35681632815307, 16.841916382223147], [102.35681632825228, 16.84200620598092], [102.35694140353635, 16.84200620621236], [102.3569414035961, 16.84201975347678], [102.35683362120523, 16.84201975276556], [102.35683362059991, 16.842127541464915], [102.35677972937773, 16.842127541544706], [102.35677972939638, 16.84213705026725], [102.3570245742162, 16.842140203878753], [102.35702325358581, 16.84223533075529], [102.35737253151035, 16.84223533215519], [102.35737253137901, 16.84228922692788], [102.35753487623094, 16.84228922690122], [102.35753487567601, 16.842365504256712], [102.35780365988568, 16.842365505538996], [102.35780366030767, 16.842397016801225], [102.35785755157023, 16.84239701734054]], [[102.35785712583338, 16.84155709000008], [102.35776924693947, 16.84130765975801], [102.35781970476586, 16.84129588979452], [102.35797709125083, 16.84122845921872], [102.3580439122766, 16.8415019977438], [102.35794142565072, 16.84153409011182], [102.35788196045955, 16.841557089638716], [102.35786010392648, 16.841565543485046], [102.35785712583338, 16.84155709000008]], [[102.35704338549682, 16.840785701194523], [102.35676208420368, 16.840782077870983], [102.35676584593355, 16.8405111774541], [102.35704714776041, 16.840514800829084], [102.35704338549682, 16.840785701194523], [102.3573246895213, 16.840789323181145], [102.35732028302078, 16.841106598737216], [102.3573193963069, 16.84110659880798], [102.3573193966628, 16.8411704039859], [102.35731841131356, 16.84124134645594], [102.35718464937922, 16.841241345927866], [102.35718464960155, 16.841329417577736], [102.35691515499099, 16.841325947076157], [102.35691515521546, 16.841241346163486], [102.35675570565473, 16.84124134601111], [102.35675832160064, 16.841052978299153], [102.35703962423416, 16.841056601540576], [102.35704338549682, 16.840785701194523]], [[102.35473187011229, 16.840995752854866], [102.35471379177226, 16.84099575244862], [102.35471379162777, 16.841149564946058], [102.35473186914314, 16.841167642260068], [102.35473187011229, 16.840995752854866]], [[102.35500132753617, 16.84051070490142], [102.35500132750109, 16.84045681001586], [102.35510911011201, 16.840456810932977], [102.35510911004928, 16.84040291605264], [102.35521689261864, 16.840402916918485], [102.3552168925283, 16.840349022043412], [102.3552707842621, 16.840349022450123], [102.35527078407559, 16.84024123360715], [102.35532467577605, 16.840241234005163], [102.35532467566397, 16.840187339134857], [102.35543245808903, 16.84018733990912], [102.35543245821579, 16.840241233871524], [102.35548634897097, 16.840241234242292], [102.35548634882892, 16.84018734028263], [102.35563286816868, 16.840187340062407], [102.3556593566956, 16.840154320330967], [102.35570145928102, 16.839907578898657], [102.3555593739715, 16.839753322304624], [102.35521185543358, 16.839803743080697], [102.3547318736014, 16.839996035196872], [102.35473187253716, 16.84029512636225], [102.3547137914527, 16.84029512599004], [102.35471379146787, 16.84030713964377], [102.35478399344026, 16.84037734138084], [102.35485419546495, 16.840447543084167], [102.3548541957845, 16.8405107047955], [102.35500132753617, 16.84051070490142]], [[102.35888218086998, 16.835628714713277], [102.35888218176494, 16.835449067424513], [102.35897199963902, 16.835449067487982], [102.35897199952645, 16.835390756013197], [102.35904318381438, 16.835390755995473], [102.35904318433246, 16.835359243834624], [102.35924145633241, 16.8353592446835], [102.35924145674555, 16.83528296740789], [102.35925874901048, 16.835282967734013], [102.35925874887823, 16.835269420491905], [102.35937073472734, 16.8352694203269], [102.3593764850362, 16.834854846253727], [102.3590951912997, 16.834851227305492], [102.35909894932001, 16.834580326462383], [102.35881765500163, 16.834576707976737], [102.35882517110345, 16.834034906160028], [102.35854387751151, 16.834031286249967], [102.35854763653, 16.833760385261044], [102.35819188370135, 16.833755808058488], [102.35824807470081, 16.833836506880992], [102.35831089668808, 16.83457798896309], [102.35873268703567, 16.835183712758607], [102.35877039347186, 16.835628715006738], [102.35888218086998, 16.835628714713277]]]}}, {"type": "Feature", "properties": {"tambon": "ต.ทรายทอง", "amphoe": "อ.ศรีบุญเรือง", "cls": 3, "label": "ท่วมซ้ำซากเป็นครั้งคราว", "desc": "ประสบน้ำท่วมไม่เกิน 3 ครั้ง ใน 10 ปี", "color": "#38bdf8"}, "geometry": {"type": "Polygon", "coordinates": [[[102.33938232292003, 16.848001963048723], [102.33937286361193, 16.847992503530207], [102.33937286381759, 16.84800196274006], [102.33938232292003, 16.848001963048723]], [[102.33940973258845, 16.847186945618006], [102.33962033852706, 16.846976340109705], [102.3400415513303, 16.846976340097058], [102.34011175356548, 16.84704654191226], [102.34018195585294, 16.847116743693736], [102.34021293742389, 16.847085761770064], [102.34018123448723, 16.8470857618493], [102.34018123569203, 16.846924078801358], [102.34012734420126, 16.846924078318683], [102.34012734443031, 16.846816289924423], [102.34018123589048, 16.846816290412573], [102.34018123598618, 16.8467623957666], [102.34023512742831, 16.846762396243285], [102.34023512751163, 16.846708501599803], [102.34028901893574, 16.846708502065024], [102.34028901917334, 16.846546819043787], [102.34034291053294, 16.846546818600558], [102.3403429106133, 16.846492924864034], [102.34039680195488, 16.84649292440934], [102.34039680096859, 16.84654681906084], [102.34045069233858, 16.846546819491664], [102.34045069226377, 16.846654607855555], [102.340720148273, 16.84665460888234], [102.34072014822446, 16.846600714262927], [102.34077403959341, 16.846600714605874], [102.34077403949047, 16.846492926274237], [102.34082793082608, 16.846492926608445], [102.34082793075578, 16.84643903199378], [102.34088182207338, 16.84643903231653], [102.3408818219907, 16.846385137704356], [102.34093571329026, 16.846385138015638], [102.34093571413234, 16.84633124339069], [102.34104349575554, 16.846331243991397], [102.34104349646604, 16.846223455669417], [102.34109738771151, 16.846223455946298], [102.34109738757941, 16.8461695613441], [102.34104349634924, 16.84616956106449], [102.34104349780144, 16.845953983514374], [102.34098960662976, 16.845953983209657], [102.34098960647492, 16.84584619489424], [102.341043497616, 16.845846195204384], [102.34104349836358, 16.845738405975773], [102.34109738947132, 16.8457384062772], [102.34109738936566, 16.845684511672896], [102.34115128045536, 16.845684511962858], [102.3411512812903, 16.84563061824821], [102.34120517234612, 16.845630617624273], [102.34120517304125, 16.84552282931257], [102.34136684614809, 16.84552283007926], [102.34136684632145, 16.84557672467063], [102.34158241048694, 16.84557672548331], [102.34158241118946, 16.845522830887575], [102.34163630220873, 16.845522831058], [102.34163630225609, 16.84550928361757], [102.34172679176606, 16.84550928406759], [102.34172679194457, 16.845419460069007], [102.34181661025269, 16.84541946059133], [102.34181661039686, 16.84532963659968], [102.34190642959196, 16.845329637074887], [102.34190642965417, 16.84525335962504], [102.3419596494457, 16.84525336073122], [102.34195965005874, 16.84519946615319], [102.3420674328098, 16.84519946629862], [102.34206743304644, 16.84509167716803], [102.34212132393458, 16.84509167813497], [102.34212132451057, 16.8450377835644], [102.34222910621635, 16.84503778365635], [102.34222910712899, 16.844768311760287], [102.34217521635397, 16.84476831170777], [102.34217521659232, 16.84466052348676], [102.34212132584518, 16.844660523414618], [102.34212132745698, 16.84434157463264], [102.3423555266478, 16.844341575378106], [102.34235552663496, 16.844251751424125], [102.34287580368621, 16.844251753252536], [102.34287580356452, 16.844283264922243], [102.34289443825601, 16.84428326538215], [102.34289443770535, 16.844341577636794], [102.34307407497099, 16.844341577768468], [102.34307407546646, 16.84428326552365], [102.34314525938943, 16.844283266002314], [102.34314525906301, 16.844337160524315], [102.3431991496665, 16.844337160343244], [102.34319914999348, 16.844283266726393], [102.34325304151604, 16.844283266518577], [102.34325304181479, 16.84422937200179], [102.34330693239808, 16.8442293727002], [102.3433069332661, 16.844067689156653], [102.34336082473784, 16.84406768983378], [102.34336082501777, 16.844013795321533], [102.34330693356132, 16.844013794641658], [102.34330693417644, 16.8439060065134], [102.34325304274788, 16.84390600581389], [102.34325304325827, 16.8438026353979], [102.34325371440303, 16.84380263528955], [102.34325371495127, 16.84371281139218], [102.34363028142802, 16.843712812588407], [102.3436302814144, 16.843744324237143], [102.34373806412296, 16.843744324537273], [102.34373806393543, 16.843798219031587], [102.34379195437178, 16.843798219624137], [102.3437919542025, 16.843852114115485], [102.34389973695589, 16.84385211431958], [102.34389973682016, 16.84390600880524], [102.34390266793216, 16.843906008856862], [102.34390266726464, 16.84353643650527], [102.34383246537749, 16.843466233281788], [102.34369206013753, 16.843466234082346], [102.34355165685757, 16.84360663848145], [102.343130443439, 16.843606638221193], [102.34306024178727, 16.843536436491792], [102.34306024204056, 16.843396031798363], [102.34299003956596, 16.843325830040463], [102.34291982952008, 16.84325562115164], [102.34284963569483, 16.843185425505744], [102.34270923147004, 16.843185425579804], [102.34256882750122, 16.843325829400477], [102.34242842313556, 16.843325829300426], [102.34207741203694, 16.84367684019617], [102.34207741226935, 16.84451926629269], [102.34172640141857, 16.844870276113593], [102.34158599767355, 16.844870275608752], [102.34151579594987, 16.84480007424068], [102.34144559332555, 16.844729871951735], [102.3411647850453, 16.844729872243548], [102.3410243806976, 16.84487027626644], [102.3408839768759, 16.844870276182448], [102.3406031682699, 16.845151084777083], [102.34046276418495, 16.845151084441117], [102.34032235898954, 16.845291489028124], [102.33990114722535, 16.84529148899846], [102.33976074260892, 16.84515108494148], [102.33962033842882, 16.845151084930023], [102.33955013624171, 16.845080882793535], [102.33955013699776, 16.84494047768539], [102.33947993492485, 16.844870275505127], [102.33940973292012, 16.844800074193554], [102.33940973289864, 16.844659669981425], [102.33933953005517, 16.84458946773892], [102.33910342149476, 16.84458946758828], [102.33910342118129, 16.844660512373203], [102.33904953027877, 16.84466051149224], [102.33904952974704, 16.84471440620456], [102.33894174699782, 16.84471440622559], [102.3389417473597, 16.844768300025446], [102.33888785643424, 16.844768300009775], [102.33888785586251, 16.844822194729815], [102.33883396490317, 16.844822193800237], [102.33883396431906, 16.844876088522753], [102.33867229142635, 16.84487608836437], [102.33867229078345, 16.84492998219241], [102.33861839979845, 16.844929982113957], [102.33861839944377, 16.845037770661964], [102.33856450842546, 16.845037770574756], [102.33856450805193, 16.845145559127275], [102.33851061606318, 16.845145559046596], [102.33851061634199, 16.84519945376882], [102.33845672527231, 16.84519945366143], [102.33845672458582, 16.845253347498957], [102.33840283349812, 16.8452533473801], [102.33840283222372, 16.84557671398068], [102.33834894102564, 16.84557671296154], [102.33834894128205, 16.84563060769007], [102.33824115887877, 16.84563060741951], [102.33824115909167, 16.845684501250815], [102.33818809556867, 16.845684501163866], [102.33821629639121, 16.845712701414584], [102.3382864984355, 16.845782903148823], [102.33828649873952, 16.845900079621916], [102.33829504942548, 16.845900079440245], [102.33829504873128, 16.84595397328291], [102.33834894002338, 16.845953973394735], [102.33834893936327, 16.846007868136873], [102.33840283066793, 16.846007868231787], [102.33840283096315, 16.846061762955717], [102.3384567213433, 16.84606176304896], [102.33845672102024, 16.84616955160349], [102.33851061236537, 16.84616955166184], [102.33851061097361, 16.846546812035044], [102.33845671952135, 16.84654681199576], [102.33845671925116, 16.846654600546078], [102.33851061073402, 16.846654600579907], [102.33851060993605, 16.846816283854285], [102.3385645014621, 16.84681628386575], [102.33856450019339, 16.847031861856625], [102.33851060954323, 16.847031861840797], [102.33851060897194, 16.847085755667653], [102.33856449963741, 16.84708575568075], [102.33856449950304, 16.84719354511789], [102.3386183911335, 16.847193545096115], [102.33861839008854, 16.847301333639717], [102.33867228174691, 16.847301333598278], [102.33867228125203, 16.8473552283182], [102.33872617292299, 16.847355228259865], [102.33872617244636, 16.847409122976824], [102.33883395487356, 16.847409122827365], [102.33883395443051, 16.847463017538647], [102.33894173689326, 16.84746301822938], [102.3389417364679, 16.84751691203258], [102.33899562724986, 16.847516912812765], [102.33899562777987, 16.847570806597727], [102.3390495185744, 16.84757080736101], [102.33904951781545, 16.84767859585774], [102.33910340955914, 16.847678595683686], [102.33910340884256, 16.847786384174018], [102.33915729969286, 16.84778638489803], [102.33915730028349, 16.847840278673644], [102.33921119114636, 16.847840279380726], [102.33921119083396, 16.84789417407105], [102.33926508169358, 16.847894173858805], [102.33926508139942, 16.84794806854618], [102.33932842949764, 16.847948068659143], [102.33926932750146, 16.84788896664357], [102.33926932744501, 16.847467754938904], [102.33940973296895, 16.84732734980156], [102.33940973258845, 16.847186945618006]], [[102.33786459792854, 16.84398226393516], [102.33786459787267, 16.84395988097846], [102.33791781840878, 16.843959881380155], [102.33791781836587, 16.843905986622577], [102.33797171003262, 16.84390598692201], [102.33797170991572, 16.8438874466946], [102.33779508403308, 16.843887446250243], [102.3377248816293, 16.843957648623135], [102.33772488147437, 16.843982263924225], [102.33786459792854, 16.84398226393516]]]}}, {"type": "Feature", "properties": {"tambon": "ต.ทรายทอง", "amphoe": "อ.ศรีบุญเรือง", "cls": 3, "label": "ท่วมซ้ำซากเป็นครั้งคราว", "desc": "ประสบน้ำท่วมไม่เกิน 3 ครั้ง ใน 10 ปี", "color": "#38bdf8"}, "geometry": {"type": "Polygon", "coordinates": [[[102.33317535596605, 16.85459390867858], [102.33313286715789, 16.8545870450036], [102.33300007272834, 16.85471983943299], [102.33365315971892, 16.855132996062803], [102.33365315997185, 16.855049581479587], [102.33369453284698, 16.855008208249128], [102.33366037423366, 16.855008207749865], [102.33366037481399, 16.85495431372768], [102.33360648355587, 16.854954313692275], [102.3336064832173, 16.854900419682366], [102.33349870164487, 16.85490041864587], [102.33349870133985, 16.854846524630293], [102.33339091886585, 16.854846524449236], [102.3333909195157, 16.854792629510307], [102.33333702828992, 16.85479262939575], [102.3333370280367, 16.854738735371548], [102.33322924654479, 16.854738735079188], [102.3332292470297, 16.854630946101512], [102.33317535584172, 16.854630945936204], [102.33317535596605, 16.85459390867858]], [[102.33392983072075, 16.854772911603398], [102.33400417067459, 16.854698571296886], [102.33414457417726, 16.854698571335213], [102.33419928758038, 16.85464385777882], [102.33419928705875, 16.854630949371685], [102.33421219622782, 16.854630949713663], [102.33428497815268, 16.85455816653295], [102.33430706970049, 16.85458025879192], [102.33430706976158, 16.854577056059846], [102.33436096087713, 16.854577055929724], [102.33436096189108, 16.854341779757856], [102.33428497867965, 16.854417762689568], [102.33414457446614, 16.85441776272592], [102.3340041704365, 16.854558166530996], [102.33386376609796, 16.85455816729551], [102.33384046197365, 16.85458147185861], [102.33391253899981, 16.854581472143614], [102.33391253874984, 16.854671295785945], [102.33392983128714, 16.854671296162632], [102.33392983072075, 16.854772911603398]], [[102.33242088099182, 16.854199788622648], [102.3324208810576, 16.85409199957395], [102.33236698998192, 16.854091999168492], [102.33236698994017, 16.854145894146907], [102.33231309884647, 16.85414589372997], [102.33231309891936, 16.85409199965127], [102.33224911749416, 16.85409199895952], [102.33224911713287, 16.85420715576768], [102.33223902744201, 16.85421724574541], [102.33228427334642, 16.8542670065707], [102.33257007723279, 16.854447813755304], [102.33267033007297, 16.854347560675723], [102.33267033021987, 16.85430757793151], [102.33263644544243, 16.85430757820432], [102.33263644539882, 16.854253683240223], [102.33252866319046, 16.854253683447443], [102.33252866318043, 16.854199788477654], [102.33242088099182, 16.854199788622648]], [[102.33245059564355, 16.853448197984882], [102.3324439254595, 16.853419135160063], [102.3323193197143, 16.853294529020413], [102.33224911712603, 16.85322432627021], [102.332178915543, 16.8531541243735], [102.3320436462121, 16.853154124197076], [102.33204364641253, 16.8531757941255], [102.33209753818139, 16.853175794647125], [102.33209753781635, 16.85328358283401], [102.33215142867596, 16.85328358335122], [102.33215142851314, 16.853337477441606], [102.33209753765406, 16.85333747782953], [102.33209753747884, 16.85339137192239], [102.33215142836909, 16.853391372434164], [102.33215142821216, 16.85344526652406], [102.33209753730661, 16.85344526601501], [102.33209753698672, 16.853553055101987], [102.33215142792287, 16.853553055605598], [102.33215142777472, 16.85360694969479], [102.33220598990987, 16.85360695010323], [102.33220598971769, 16.853742815481628], [102.33223622452466, 16.853773050586103], [102.33229580748495, 16.85377305058659], [102.33229580733325, 16.85386287435552], [102.33247477377607, 16.85386287521536], [102.33247477318903, 16.85387642276303], [102.33247544437619, 16.853876422683687], [102.33247544396755, 16.853952698904436], [102.33256526234514, 16.853952699235577], [102.33256526235316, 16.854042523882992], [102.33263644588985, 16.85404252383248], [102.33263644625441, 16.85409200013612], [102.33265508113516, 16.854092000469926], [102.3326550808086, 16.854132347903924], [102.33269033699744, 16.854132347903242], [102.33269033735077, 16.85414589453023], [102.3327315911237, 16.85414589450083], [102.33295962998908, 16.853917857218708], [102.33298148458906, 16.85371255301817], [102.33298288840167, 16.8536124492411], [102.33298359045364, 16.853562405474232], [102.33294667556127, 16.85354761937696], [102.33285046728409, 16.853524909453146], [102.3325907433608, 16.853514387560697], [102.33250938803803, 16.853491870188176], [102.33245059564355, 16.853448197984882]]]}}, {"type": "Feature", "properties": {"tambon": "ต.ทรายทอง", "amphoe": "อ.ศรีบุญเรือง", "cls": 3, "label": "ท่วมซ้ำซากเป็นครั้งคราว", "desc": "ประสบน้ำท่วมไม่เกิน 3 ครั้ง ใน 10 ปี", "color": "#38bdf8"}, "geometry": {"type": "Polygon", "coordinates": [[[102.32918739676681, 16.85797238161873], [102.32918739703187, 16.857970898494663], [102.32916022522566, 16.85799807034561], [102.32916022512121, 16.858840495911842], [102.32923042733981, 16.85891069774989], [102.3295112351628, 16.858910697868637], [102.32961852309025, 16.858803410457167], [102.32961852340435, 16.858780798075536], [102.32956463180808, 16.85878079805544], [102.32956463207734, 16.858673009676103], [102.32951074143033, 16.85867300871873], [102.32951074206531, 16.858457431946388], [102.32945685055547, 16.858457431881597], [102.32945685156119, 16.85829574838169], [102.32940296009458, 16.85829574829454], [102.32940296076866, 16.858241854087122], [102.32934906931466, 16.858241853983063], [102.32934907000698, 16.858187959772696], [102.32929517854977, 16.85818795874928], [102.32929517903665, 16.858080170337633], [102.32924128762316, 16.858080170197017], [102.32924128815239, 16.857972381778975], [102.32918739676681, 16.85797238161873]], [[102.33069634699889, 16.858673013668977], [102.3306963466208, 16.858565224500413], [102.33071020947267, 16.858565224866922], [102.33070467150375, 16.858559686607702], [102.33070467131812, 16.858419283287148], [102.33063446885153, 16.85834908111447], [102.33049406405956, 16.85820867576553], [102.33035366044571, 16.85806827207134], [102.3302834582408, 16.857998069730055], [102.33028345844659, 16.857857666347797], [102.33021325635595, 16.8577874639628], [102.33014305431763, 16.857717261544067], [102.33014305465133, 16.85757685723774], [102.33015898928814, 16.857560923116424], [102.33013079171215, 16.85753302421231], [102.33015511710772, 16.857487709325127], [102.33021229229445, 16.857351575479875], [102.3303656892538, 16.85711022318151], [102.33041604677663, 16.85689794453089], [102.33041913675537, 16.856867251632906], [102.33033291159767, 16.856787261767217], [102.33023977404501, 16.856671972570407], [102.33023283968687, 16.856603433011855], [102.33026559735524, 16.85652020086422], [102.33034495601447, 16.85653949359925], [102.33025961158386, 16.856280840823505], [102.33025765137897, 16.856275167677033], [102.33025721878884, 16.856273591388813], [102.33021076589867, 16.85613280808276], [102.33018991322405, 16.856134542453873], [102.33017583094093, 16.856140038453695], [102.33007285251297, 16.856243016835073], [102.32993244737932, 16.856243016912295], [102.32944103321023, 16.856734432193928], [102.32944103327924, 16.857576857624835], [102.32930062891347, 16.85771726091244], [102.32930062900166, 16.85772529214382], [102.32933177906152, 16.857725292520705], [102.32933177880162, 16.85781511649493], [102.32942159738234, 16.85781511700981], [102.32942159623593, 16.857904940991048], [102.32945685323273, 16.857904941423232], [102.32945685340671, 16.857918488087094], [102.32951074382623, 16.857918488194283], [102.32951074344427, 16.858026276585605], [102.32951141464797, 16.85802627651339], [102.3295114145427, 16.858084589373934], [102.32960123322015, 16.858084588884864], [102.3296012331204, 16.858174412833826], [102.32969105184864, 16.858174413200192], [102.32969105086242, 16.858264237156178], [102.3297808696257, 16.85826423747557], [102.3297808696273, 16.85835406140813], [102.32987068748837, 16.85835406169574], [102.3298706875407, 16.8584438856201], [102.32996050637392, 16.85844388584549], [102.32996050553976, 16.858533709776896], [102.33014014328447, 16.858533710996664], [102.33014014309639, 16.8584438870956], [102.33031910952116, 16.858443888247844], [102.33031910976408, 16.85845743490018], [102.33037300029329, 16.85845743475301], [102.33037300009504, 16.85861911811222], [102.33053467369426, 16.858619118433015], [102.33053467336232, 16.85867301258173], [102.33069634699889, 16.858673013668977]], [[102.33085803018649, 16.856139979398705], [102.33085803056431, 16.85608608525528], [102.33091192132969, 16.85608608507047], [102.33091192169512, 16.856032190929522], [102.33086036138721, 16.85603219115232], [102.33083762356276, 16.85611255244296], [102.33084263603372, 16.856317948252176], [102.33085788340537, 16.8563507957449], [102.33090827568027, 16.856300406541205], [102.33091192072496, 16.856299729864357], [102.33091192096717, 16.85613997921117], [102.33085803018649, 16.856139979398705]]]}}, {"type": "Feature", "properties": {"tambon": "ต.ทรายทอง", "amphoe": "อ.ศรีบุญเรือง", "cls": 3, "label": "ท่วมซ้ำซากเป็นครั้งคราว", "desc": "ประสบน้ำท่วมไม่เกิน 3 ครั้ง ใน 10 ปี", "color": "#38bdf8"}, "geometry": {"type": "Polygon", "coordinates": [[[102.37262326557213, 16.85913952766505], [102.37297218732274, 16.85871134802888], [102.37326662583713, 16.858313222459444], [102.37355978003124, 16.858007824159642], [102.37380286185036, 16.85784090308805], [102.37395072124295, 16.85759547491565], [102.37418010486533, 16.857258344175214], [102.37426461830032, 16.85695027107671], [102.37423849735941, 16.85651712056961], [102.37430995073056, 16.855992473596043], [102.37429966330171, 16.855574982527926], [102.3744485869153, 16.85525227947132], [102.37455064164347, 16.85483622726698], [102.37455554905752, 16.854480762990605], [102.37457397985494, 16.854362391350662], [102.37458249005314, 16.854307729965893], [102.37456376209677, 16.85430773048602], [102.37456376188926, 16.85436162442241], [102.37445597973112, 16.854361624232972], [102.37445597927976, 16.854469413018492], [102.37440208816594, 16.854469412907974], [102.37440208723758, 16.8546849904872], [102.37434819604375, 16.854684989471117], [102.37434819556675, 16.854792778264855], [102.37429430435554, 16.85479277814246], [102.37429430411422, 16.854846672992924], [102.37429328891803, 16.85484667255513], [102.37428609772125, 16.855367504857064], [102.37400476857977, 16.85536390213128], [102.37398980278084, 16.85644751752672], [102.3735398217562, 16.856441754136252], [102.3735398215874, 16.856463500924995], [102.37348593079729, 16.856463500659565], [102.37348593002623, 16.856571289526], [102.37353982083096, 16.856571288883544], [102.37353982068772, 16.856732972608967], [102.37359371155166, 16.856732972846434], [102.3735937114651, 16.856894655659108], [102.37343203779007, 16.856894654944288], [102.37343203741952, 16.856948549829692], [102.3734201231135, 16.856948550063382], [102.37341965974139, 16.8569821184393], [102.37337814612573, 16.856981586776076], [102.37337814492419, 16.857164126403813], [102.37327036292652, 16.8571641258451], [102.37327036252486, 16.857218020737616], [102.37316258048553, 16.857218020127608], [102.3731625800402, 16.85727191412299], [102.37305479797526, 16.857271914364087], [102.37305479751828, 16.857433597252353], [102.37300090642773, 16.857433596908653], [102.37300090548788, 16.857541385816237], [102.37294701436396, 16.857541385463858], [102.3729470148123, 16.857595279453435], [102.37283923254155, 16.857595279613953], [102.37283923152762, 16.857703068536654], [102.37278534034948, 16.85770306814994], [102.37278533965628, 16.85797253998432], [102.37283923091098, 16.8579725403573], [102.37283923041534, 16.858026434365932], [102.37289312168261, 16.85802643472195], [102.37289312074401, 16.858242011630136], [102.37283922941546, 16.85824201128514], [102.37283922895062, 16.85829590619499], [102.37278533854114, 16.858295905823116], [102.37278533804796, 16.858349799833103], [102.37273144669929, 16.858349800367606], [102.37273144619375, 16.85840369438011], [102.37267755574814, 16.85840369398534], [102.37267755524628, 16.85845758890275], [102.37262366384546, 16.858457588511953], [102.37262366321681, 16.85861927145087], [102.3726775546636, 16.858619271833422], [102.37267755410761, 16.85878095476198], [102.3727314455976, 16.858780955122057], [102.37273144511582, 16.858834849132712], [102.37267755361052, 16.85883484877537], [102.37267755357838, 16.85894263768843], [102.3726236620397, 16.858942637322407], [102.3726236615522, 16.85899653224025], [102.3725697709326, 16.858996531847335], [102.372569770857, 16.859104320770022], [102.37251587926686, 16.859104320383832], [102.37251587885068, 16.85913815105531], [102.37262326557213, 16.85913952766505]], [[102.37751991502698, 16.843588462092118], [102.3773764956319, 16.84322192113544], [102.37737549482033, 16.84321417569738], [102.37726747262106, 16.843212795240216], [102.37726683037509, 16.84325939719251], [102.37731225411545, 16.843259397492716], [102.37731225404856, 16.843421080827774], [102.37726460131796, 16.84342108113293], [102.37726385890736, 16.84347497456594], [102.37731225310051, 16.84347497558856], [102.37731225307644, 16.84352886943128], [102.37736614469843, 16.84352887017526], [102.37736614469266, 16.84358276401499], [102.37747392700587, 16.84358276456789], [102.3774739261434, 16.843690553153465], [102.37752781686596, 16.843690553862032], [102.377527816915, 16.843744447692796], [102.37756460610552, 16.843744448401157], [102.37751991502698, 16.843588462092118]], [[102.37911411219231, 16.84080002138666], [102.37927874973967, 16.840645613851105], [102.37942449554006, 16.840551830888277], [102.37955507458575, 16.84054610592383], [102.37955526202875, 16.84053249264671], [102.37899264691535, 16.840525308804942], [102.37898891622396, 16.84079621387134], [102.37870760908017, 16.84079262006596], [102.37870199651347, 16.84120007971093], [102.37885717133757, 16.841101064302162], [102.37903974492677, 16.84095558021746], [102.37911411219231, 16.84080002138666]]]}}, {"type": "Feature", "properties": {"tambon": "ต.หนองบัวใต้", "amphoe": "อ.ศรีบุญเรือง", "cls": 3, "label": "ท่วมซ้ำซากเป็นครั้งคราว", "desc": "ประสบน้ำท่วมไม่เกิน 3 ครั้ง ใน 10 ปี", "color": "#38bdf8"}, "geometry": {"type": "Polygon", "coordinates": [[[102.37710177097803, 16.8756165009838], [102.37701982437424, 16.875616501332097], [102.37701982534577, 16.87548176514474], [102.37688509740232, 16.875481764916202], [102.37688509755104, 16.87534702872563], [102.37682595817314, 16.875347028323937], [102.3767821458858, 16.87537918214949], [102.37674482646763, 16.875449429132907], [102.37682265644075, 16.87545042563016], [102.37682013262292, 16.875633225451743], [102.37699579755596, 16.875658446698477], [102.37710129070075, 16.8756512619115], [102.37710177097803, 16.8756165009838]], [[102.37344801251827, 16.87505705222264], [102.37349443243528, 16.875136826796258], [102.37472535303834, 16.87515260615737], [102.37472535307212, 16.875110950484185], [102.3747792444471, 16.875110951352244], [102.37477924437098, 16.875057056598845], [102.37483313571184, 16.875057056553047], [102.37483313563939, 16.875003162704548], [102.37485898491276, 16.875003162695936], [102.37486064098033, 16.87488338753919], [102.37514199819343, 16.874886993813785], [102.3751448615409, 16.874679797541845], [102.37504870201602, 16.874679797524806], [102.37504870188698, 16.874625902783304], [102.37499481067981, 16.874625902863922], [102.37499481077745, 16.874679796705795], [102.3749409195522, 16.874679796774963], [102.37494091965351, 16.87473369152174], [102.37467146337713, 16.874733689863337], [102.37467146340475, 16.874787584623647], [102.3744558992196, 16.874787583578094], [102.37445589825168, 16.874841478364633], [102.37402476964259, 16.874841476515698], [102.37402476949217, 16.874895371308586], [102.37380920506826, 16.874895370505207], [102.37380920463764, 16.875003159209896], [102.37370142187925, 16.875003158741656], [102.3737014216297, 16.875057052647954], [102.37344801251827, 16.87505705222264]], [[102.37742401092898, 16.87483485276754], [102.37739085986385, 16.87493244459481], [102.37738465505785, 16.874936997918766], [102.37733742546831, 16.874971659804306], [102.3771931315986, 16.87507755777265], [102.37742401033141, 16.875077558701854], [102.37742401092898, 16.87483485276754]], [[102.37341665202847, 16.875003156867685], [102.37343196576153, 16.875029474212944], [102.37343196587227, 16.875003157306892], [102.37341665202847, 16.875003156867685]], [[102.37797178939799, 16.874403881956013], [102.37802957607087, 16.874325358373955], [102.37802690928737, 16.8743206363699], [102.37798534514295, 16.87424703476093], [102.37793041371334, 16.874200101345256], [102.37792934080238, 16.874194703136165], [102.3776772993144, 16.874312596804483], [102.37752314232256, 16.874543020446595], [102.37743856338935, 16.87479201207165], [102.37743310264305, 16.874808087207906], [102.37755873927819, 16.87480808727909], [102.37755873999394, 16.874673352054273], [102.37769346727634, 16.874673351941986], [102.37769346791484, 16.87453861673293], [102.3778281960214, 16.874538616533577], [102.37782819658264, 16.874403881340285], [102.37797178939799, 16.874403881956013]], [[102.37343196917378, 16.874134393388058], [102.37324744927986, 16.874134392197924], [102.3732474491723, 16.874269127917568], [102.37316251324461, 16.874269128024448], [102.37316251334921, 16.87430252987472], [102.37321640455802, 16.874302530293857], [102.37321640438674, 16.874338026306972], [102.37323026278655, 16.87434222372165], [102.3732680519554, 16.874356424579585], [102.37327029535325, 16.87435642463014], [102.3732702953351, 16.8743572677103], [102.3733151317638, 16.87437411729238], [102.37340014269044, 16.874395744394622], [102.37350128889081, 16.874407309109504], [102.37353975067123, 16.874400959821006], [102.37353975146081, 16.874194742884992], [102.3734858602992, 16.874194742545622], [102.37348586064152, 16.87414084772218], [102.37343196950854, 16.874140848268247], [102.37343196917378, 16.874134393388058]], [[102.37278339220181, 16.874277930403697], [102.37276658147636, 16.8740883589988], [102.37273719932249, 16.873952510390286], [102.37268828883671, 16.873855935716048], [102.37255417550286, 16.873657147602], [102.37246294080971, 16.873674083838388], [102.37241320337431, 16.873690317646567], [102.37239968229517, 16.873725791748207], [102.37277249498244, 16.874278357227837], [102.37278339220181, 16.874277930403697]], [[102.37755874210852, 16.873925284793806], [102.3775587419127, 16.87399967232971], [102.377424014155, 16.873999672282512], [102.37742401418774, 16.874134407516387], [102.37741991459245, 16.874134407437786], [102.37741991409462, 16.874188283125523], [102.37763129546248, 16.87413762653305], [102.37769604785103, 16.87410684672352], [102.3776854350623, 16.87410671127647], [102.37768719611195, 16.873979179970586], [102.37763548015981, 16.87397918004123], [102.37763548027067, 16.87392528541347], [102.37755874210852, 16.873925284793806]], [[102.37601874838704, 16.873191251965153], [102.37577216146626, 16.87319125076963], [102.37589550951604, 16.873256449590148], [102.37597107191614, 16.873418501902243], [102.37600089003956, 16.87373294141964], [102.37606766029317, 16.874081763902115], [102.37607111223218, 16.87408604152686], [102.37612652706832, 16.87408675082437], [102.37612652779745, 16.873925280653655], [102.3761804187475, 16.87392528031037], [102.37618042122689, 16.87349412542289], [102.37612652946228, 16.873494125759592], [102.37612652966186, 16.873386336360802], [102.3760726388624, 16.873386336662332], [102.37607263945058, 16.873332441952112], [102.37601874772648, 16.87333244225215], [102.37601874838704, 16.873191251965153]], [[102.37825222016362, 16.873236010560397], [102.37788791038778, 16.873306925661133], [102.37785104723906, 16.87330646320581], [102.37785104742707, 16.873332448736484], [102.37731213549671, 16.873332446686046], [102.37731213573524, 16.873278552038958], [102.37728928949016, 16.87327855243743], [102.37728928878428, 16.873325992228676], [102.37688510584023, 16.873325990142384], [102.37688510428787, 16.873494129022667], [102.37709657070285, 16.873494129425378], [102.3770965703988, 16.87354802318018], [102.37720435201443, 16.873548023811068], [102.37720435242986, 16.873655812195867], [102.37725824326421, 16.873655812484483], [102.37725824303114, 16.873709707132704], [102.37731213387805, 16.873709707404352], [102.37731213376657, 16.87373019941143], [102.37742401505034, 16.873730199990156], [102.37742401506198, 16.873864936129344], [102.37747380729253, 16.873864936255313], [102.37747380715463, 16.87376360185315], [102.37768937241738, 16.873763602585132], [102.37768937254087, 16.87370970886159], [102.37785104594441, 16.873709709277346], [102.37785104600883, 16.87365581465947], [102.37791861926885, 16.873655814729506], [102.37793880575187, 16.873592318685603], [102.37796614720459, 16.87356123346103], [102.3779746280741, 16.873542714669068], [102.37797801196541, 16.873297600704433], [102.3781955957658, 16.873300384863455], [102.37825222016362, 16.873236010560397]], [[102.3763420940242, 16.873460724411405], [102.37634209466181, 16.87349412616316], [102.37634619331023, 16.873494126281326], [102.3763461936091, 16.873460724514228], [102.3763420940242, 16.873460724411405]], [[102.37618042062515, 16.873325988281334], [102.37618042103216, 16.873332442242745], [102.37621146647308, 16.873332442179215], [102.376211466065, 16.873325988218024], [102.37618042062515, 16.873325988281334]], [[102.37690118553749, 16.87251757581292], [102.37690172835323, 16.87247920774659], [102.37692961461744, 16.872276940999264], [102.37698042330425, 16.871908411322316], [102.37682751997048, 16.871862214729607], [102.37661805082202, 16.87171222855283], [102.37661565632867, 16.871710266853203], [102.37661565545994, 16.87184389466058], [102.37648092819359, 16.87184389463392], [102.37648092725841, 16.87197863001167], [102.37634619894186, 16.871978629928844], [102.37634619886664, 16.872113365306898], [102.37621147137423, 16.872113365137036], [102.37621147152922, 16.871978628839386], [102.37607674317823, 16.87197862857893], [102.37607674468873, 16.87170915683174], [102.37607264514072, 16.871709156716708], [102.37607264554941, 16.87171561158199], [102.37601875428523, 16.871715611799367], [102.37601875451371, 16.871769505601495], [102.37596486323142, 16.871769505807418], [102.37596486251039, 16.871823399627544], [102.37591097121, 16.871823399822006], [102.37591097142985, 16.87187729453158], [102.37585708009536, 16.871877293812187], [102.37585708030284, 16.871931188524286], [102.3757532518518, 16.8719311877589], [102.37580413208106, 16.871982068350015], [102.37603713215115, 16.87221506812041], [102.37615363241063, 16.872331568316913], [102.37615363262763, 16.872652308888977], [102.37675038046497, 16.872652310215027], [102.37675038111563, 16.87251757487901], [102.37690118553749, 16.87251757581292]], [[102.37547662567016, 16.871035475232006], [102.37547244150055, 16.87133834926053], [102.37553373585331, 16.87133834904039], [102.37553373500191, 16.871392243786783], [102.37558762619892, 16.87139224371383], [102.37558762630302, 16.871446138441776], [102.37558829752507, 16.87144613820981], [102.37558829703615, 16.871468520412794], [102.37564151796714, 16.871468520538286], [102.37564151763496, 16.871500033076835], [102.37567811540173, 16.871500032790305], [102.37567811533339, 16.87155834510214], [102.37594201703742, 16.871558346564594], [102.37594201874407, 16.87130494922362], [102.37567256291409, 16.871304948086458], [102.37567256356373, 16.871170211711195], [102.37553783573475, 16.871170211894558], [102.37553783556156, 16.87103547551607], [102.37547662567016, 16.871035475232006]]]}}, {"type": "Feature", "properties": {"tambon": "ต.โคกม่วง", "amphoe": "อ.โนนสัง", "cls": 3, "label": "ท่วมซ้ำซากเป็นครั้งคราว", "desc": "ประสบน้ำท่วมไม่เกิน 3 ครั้ง ใน 10 ปี", "color": "#38bdf8"}, "geometry": {"type": "Polygon", "coordinates": [[[102.37118101962899, 16.876424895065462], [102.3711835811666, 16.876239854321792], [102.37114754943627, 16.87625008978272], [102.37093359505383, 16.876187779066324], [102.3709028991953, 16.876187385406297], [102.37090301709904, 16.876178874119287], [102.37090332517836, 16.87615663029093], [102.37084518633469, 16.876147013770378], [102.37084518635773, 16.876188823933294], [102.37089907726819, 16.876188823980375], [102.37089907586017, 16.876594574558034], [102.37122652150737, 16.876589183948248], [102.3712265215925, 16.876559630971578], [102.3710917940812, 16.87655963063928], [102.37109179446948, 16.876424894684742], [102.37118101962899, 16.876424895065462]], [[102.37067423637968, 16.87608103490992], [102.37025844428679, 16.87570846030992], [102.37020262415878, 16.875636494970575], [102.37006875354898, 16.875634776435003], [102.3700708127123, 16.8757507024366], [102.36994918690861, 16.8759952791165], [102.3699376151263, 16.87614643906006], [102.37010348854133, 16.87633497198504], [102.37019008087094, 16.8764088165075], [102.37025238214513, 16.876408816379424], [102.37025238225341, 16.876458293732732], [102.37036016428544, 16.87645829409786], [102.37036016410259, 16.87651218815301], [102.37041405606703, 16.876512188296076], [102.37041405623455, 16.8764582942437], [102.37046794724367, 16.87645829439073], [102.37046794738279, 16.876404399438464], [102.37052183837383, 16.876404399574028], [102.37052183851662, 16.87635050552668], [102.37057572948959, 16.876350505650784], [102.37057573081088, 16.876188822597758], [102.3706296217351, 16.8761888227159], [102.37062962198601, 16.876081034630097], [102.37067423637968, 16.87608103490992]], [[102.3728432645259, 16.874714592151527], [102.37284325991367, 16.875616485756556], [102.37297798842108, 16.875616485925836], [102.37297798738875, 16.875751221679277], [102.37284325972271, 16.87575122151174], [102.37284325955031, 16.875885957265474], [102.37257380303774, 16.875885956713756], [102.37257380205686, 16.876290164069395], [102.37260232154622, 16.876290164563507], [102.37261945160111, 16.876280361175503], [102.37279533635176, 16.876038928096925], [102.37286922068361, 16.875965312588296], [102.37297504177353, 16.875917350643704], [102.37308621445995, 16.8759035995771], [102.37315806048798, 16.875905631181528], [102.37316125815613, 16.875674458177983], [102.37327446049348, 16.875675908606894], [102.37325344254457, 16.87543892160358], [102.37322405662196, 16.875303060592934], [102.37317513778652, 16.875206478154873], [102.3731106809985, 16.875110945104886], [102.37310861852151, 16.875110944781472], [102.3731086185675, 16.875107887487655], [102.37300159351523, 16.874949261400175], [102.37300083696076, 16.874949261226057], [102.37300083671087, 16.874948139229694], [102.37296523169576, 16.8748953671016], [102.3729469460271, 16.874895366837794], [102.37294694631697, 16.874868264607453], [102.3728432645259, 16.874714592151527]], [[102.37190016545452, 16.875508661528883], [102.37188361347502, 16.875531637721167], [102.37184452076474, 16.87559088646351], [102.37182763281089, 16.8756164822785], [102.37190016456623, 16.87561648200694], [102.37190016545452, 16.875508661528883]], [[102.37216962231152, 16.875134611481652], [102.37215774476509, 16.875151100038032], [102.37211676616019, 16.875207984218235], [102.37209303755422, 16.875240922979476], [102.37191955461324, 16.875481746358524], [102.3720348930413, 16.875481746953692], [102.37203489384434, 16.87534701109239], [102.37216962226329, 16.875347011829092], [102.37216962231152, 16.875134611481652]], [[102.37230435110737, 16.875008365805623], [102.3722658069431, 16.875061276134478], [102.37226303032173, 16.875065087745348], [102.37224127214746, 16.875077539882803], [102.37230435099019, 16.875077539931812], [102.37230435110737, 16.875008365805623]]]}}, {"type": "Feature", "properties": {"tambon": "ต.หนองบัวใต้", "amphoe": "อ.ศรีบุญเรือง", "cls": 3, "label": "ท่วมซ้ำซากเป็นครั้งคราว", "desc": "ประสบน้ำท่วมไม่เกิน 3 ครั้ง ใน 10 ปี", "color": "#38bdf8"}, "geometry": {"type": "Polygon", "coordinates": [[[102.37118525871884, 16.875920057889406], [102.3710500207591, 16.875784819900577], [102.37095297065596, 16.875784820067164], [102.37095297030439, 16.87581156398868], [102.37089907855076, 16.875811563049602], [102.37089907843955, 16.875919352012637], [102.37084518760574, 16.87591935195182], [102.37084518633469, 16.876147013770378], [102.37090332517836, 16.87615663029093], [102.37090664929272, 16.87591648238665], [102.37118525871884, 16.875920057889406]], [[102.37057573223711, 16.875784819440643], [102.37036902078572, 16.875784819262005], [102.37025552079086, 16.875671319852454], [102.37025552107062, 16.875637174125554], [102.37020262415878, 16.875636494970575], [102.37025844428679, 16.87570846030992], [102.37067423637968, 16.87608103490992], [102.37068351287681, 16.87608103473952], [102.37068351425806, 16.875865456755893], [102.37062962249136, 16.875865456650896], [102.37062962263313, 16.875811562606717], [102.37057573181626, 16.87581156246931], [102.37057573223711, 16.875784819440643]], [[102.37190016545452, 16.875508661528883], [102.37190016544655, 16.8754817461299], [102.37191955461324, 16.875481746358524], [102.37209303755422, 16.875240922979476], [102.37211676616019, 16.875207984218235], [102.37215774476509, 16.875151100038032], [102.37216962231152, 16.875134611481652], [102.37216962280826, 16.875118544198536], [102.3719955386176, 16.875218169615067], [102.3719554494812, 16.875241111893935], [102.37192492764495, 16.875258579061178], [102.3719057196212, 16.87526302233014], [102.37175944712102, 16.875296858925893], [102.37175859583306, 16.87535839438081], [102.3718445215209, 16.87544431946796], [102.37184452076474, 16.87559088646351], [102.37188361347502, 16.875531637721167], [102.37190016545452, 16.875508661528883]], [[102.37093652057045, 16.874444732130186], [102.37093652043535, 16.874086944210664], [102.37093197738753, 16.874086944080453], [102.37092701202748, 16.87444565051061], [102.37093652057045, 16.874444732130186]], [[102.37165356021441, 16.87437545419195], [102.37165356055154, 16.87435641896949], [102.37181523441468, 16.874356419565125], [102.37181523411631, 16.87435983341584], [102.37232961963599, 16.874310135316698], [102.37233592218774, 16.87430959914391], [102.37233592859046, 16.874309115214945], [102.37234087962081, 16.874309178098148], [102.37255732432531, 16.874290784385877], [102.37220187779059, 16.8737639577973], [102.37216155697666, 16.873717581706014], [102.37210547545557, 16.873714651825683], [102.37186912755007, 16.873755209761494], [102.3718691271965, 16.873763581903635], [102.37182034253028, 16.873763580962535], [102.37181523570294, 16.87376445758697], [102.37181523617106, 16.873817475996606], [102.37159967163332, 16.87381747536477], [102.37159967165775, 16.873871369368086], [102.37149777110761, 16.873871369163854], [102.3714956108228, 16.874027384676815], [102.37139052128877, 16.8740260360171], [102.37139052090588, 16.87430931943823], [102.3714740034764, 16.87439280181031], [102.37165356021441, 16.87437545419195]]]}}, {"type": "Feature", "properties": {"tambon": "ต.ทรายทอง", "amphoe": "อ.ศรีบุญเรือง", "cls": 3, "label": "ท่วมซ้ำซากเป็นครั้งคราว", "desc": "ประสบน้ำท่วมไม่เกิน 3 ครั้ง ใน 10 ปี", "color": "#38bdf8"}, "geometry": {"type": "Polygon", "coordinates": [[[102.32494809792429, 16.874986980714105], [102.32515870541204, 16.874776373900783], [102.32614153450211, 16.87477637357494], [102.32621173616941, 16.874706171907548], [102.32621173694834, 16.874425363564175], [102.32649254460713, 16.874144554973576], [102.32649254439733, 16.874004151291974], [102.32684355493316, 16.873653139762173], [102.32698395930929, 16.873653139748743], [102.32705416120972, 16.873582937899325], [102.32705416103377, 16.873170580620386], [102.32703169163736, 16.87317058099274], [102.32703169205953, 16.8731392558087], [102.32700912246965, 16.873116686923794], [102.32692390992598, 16.873116685702524], [102.32692390956217, 16.873062791449943], [102.32687001845572, 16.873062791363093], [102.32687001904742, 16.873008897092333], [102.32681612795359, 16.873008896988562], [102.32681612856355, 16.872955002714857], [102.32676223654508, 16.872955002609366], [102.32676223780442, 16.87284721405582], [102.3267083458139, 16.872847213930704], [102.32670834646329, 16.872793319650867], [102.32665445540681, 16.87279331859117], [102.32665445513722, 16.87273942432361], [102.32649278204495, 16.872739423758418], [102.32649278226856, 16.872793318034123], [102.32616943499733, 16.872793317454], [102.32616943433213, 16.8729011060525], [102.32611554323368, 16.872901105758558], [102.32611554254956, 16.87300889436154], [102.32606165141773, 16.873008894058827], [102.32606165083611, 16.873170576962092], [102.32600775967138, 16.87317057755573], [102.32600775978045, 16.87322447185398], [102.3258999773806, 16.87322447119919], [102.3258999773022, 16.873170576895514], [102.32584608611353, 16.87317057654409], [102.32584608699062, 16.87311668222224], [102.32589997816396, 16.873116682576377], [102.32589997876771, 16.87284721103804], [102.32600776093715, 16.872847210828393], [102.3260077617858, 16.872793316513274], [102.32606165285902, 16.87279331684106], [102.32606165265999, 16.87268552824599], [102.32600776161743, 16.872685527912758], [102.32600776247486, 16.87263163359693], [102.32595387050769, 16.872631633262017], [102.32595387210374, 16.87236216171146], [102.32600776305705, 16.872362162075184], [102.32600776299482, 16.872308267773157], [102.32606165486732, 16.872308268110146], [102.3260616547927, 16.872254373810616], [102.32611554569411, 16.872254373248904], [102.32611554654432, 16.87220047893663], [102.3261694374435, 16.872200479265846], [102.32616943781383, 16.872060239808587], [102.32609380731296, 16.8721021037316], [102.32600899105094, 16.8720175070891], [102.32612014525556, 16.87196828974117], [102.32529910930712, 16.871968290127423], [102.3249480979447, 16.87231929990882], [102.32494809866198, 16.87245970468414], [102.32487789619557, 16.872529906783395], [102.32459708764726, 16.87252990624787], [102.32445668325187, 16.872670310229175], [102.32431627930417, 16.872670310182293], [102.32403547061742, 16.872951119594763], [102.32375466313003, 16.872951119786663], [102.32361425814662, 16.872810714364917], [102.32354405622581, 16.872740512949534], [102.32354405623006, 16.8723192998962], [102.32347385359442, 16.872249097529867], [102.3234036519642, 16.872178896017058], [102.3234036524469, 16.872038491938493], [102.32333344997797, 16.87196828949474], [102.32326324849866, 16.871898087002048], [102.32326324818786, 16.871757682917117], [102.32347385402218, 16.871547077201598], [102.32361425816947, 16.87154707705682], [102.32382486521394, 16.871336470153594], [102.3238248646016, 16.87077485314043], [102.32375466257751, 16.870704651681393], [102.32368446059002, 16.8706344492862], [102.32368446065861, 16.870353641181282], [102.32361425791012, 16.87028343874757], [102.32347385376187, 16.87028343874192], [102.32336275872026, 16.870172342444256], [102.32316596876434, 16.870230477109775], [102.32275036884768, 16.870294541090157], [102.32268809673126, 16.870137918356495], [102.32267797980977, 16.87009648452322], [102.32229861840794, 16.870475845906654], [102.32234317238154, 16.870475846229652], [102.32234317223926, 16.870529740708886], [102.32239706283734, 16.87052974121439], [102.32239706257641, 16.870637529264254], [102.32245095413968, 16.870637529734925], [102.32245095393691, 16.87074531868088], [102.32250484457508, 16.870745318244698], [102.32250484433885, 16.870907001653705], [102.32250551465533, 16.870907001611613], [102.32250551442851, 16.870929383923585], [102.32255873481556, 16.870929384408488], [102.32255873492386, 16.871014791030372], [102.32259533237527, 16.871014790369887], [102.3225953328056, 16.87101920814907], [102.32261262606397, 16.87101920833132], [102.32261262559685, 16.871068685015526], [102.32266651727186, 16.871068685407682], [102.32266651772493, 16.871019208725954], [102.32286478919735, 16.871019209130967], [102.3228647889511, 16.871109033521076], [102.32304375533374, 16.87110903372164], [102.32304375440037, 16.871176475811033], [102.3230444256547, 16.8711764757518], [102.3230444254976, 16.871198858052026], [102.32309764593357, 16.871198858383217], [102.32309764524165, 16.87123036963507], [102.32304375447957, 16.871230369349526], [102.32304375364025, 16.871284263805414], [102.32298986286013, 16.87128426350835], [102.32298986294566, 16.87133815795151], [102.32288208042517, 16.87133815823785], [102.32288208048297, 16.8713920526862], [102.32281865893928, 16.87139205172269], [102.32277087943889, 16.871421445043122], [102.32274256978376, 16.87139205135276], [102.3227204070809, 16.871392051656002], [102.32272040657416, 16.871369040182785], [102.32269066272863, 16.871338156835677], [102.32266651532012, 16.871338156835147], [102.32266651628879, 16.871313086291195], [102.32257384740771, 16.87121687035544], [102.32265433151238, 16.871176474337194], [102.32261262553284, 16.87117647394144], [102.32261262556338, 16.871122579478598], [102.32255873387031, 16.871122579074957], [102.32255873382444, 16.87117647354051], [102.32250484305058, 16.871176473110143], [102.3225048429923, 16.87123036757816], [102.32245095127895, 16.871230368053954], [102.32245095119248, 16.871284261622034], [102.32250484293697, 16.871284262045958], [102.32250484189777, 16.87139205099606], [102.32255873367019, 16.87139205140036], [102.3225587327017, 16.871445945879938], [102.3225048418512, 16.871445945463144], [102.32250484070913, 16.87171541690784], [102.3224509497793, 16.871715416490392], [102.32245094973493, 16.871769310958783], [102.32242082187565, 16.871769310469496], [102.32242082219338, 16.872038492139165], [102.3222804190223, 16.872178895708657], [102.3222804186644, 16.87231929991762], [102.32235062095125, 16.87238950186467], [102.32249102476065, 16.87252990657524], [102.32263142882778, 16.872529906992025], [102.32270163131462, 16.872600108780485], [102.32270163141543, 16.87302132122264], [102.32263142875412, 16.873091523618342], [102.32249102427082, 16.87309152327518], [102.32235062052952, 16.87323192700973], [102.32221021685844, 16.873231927379262], [102.32206981185078, 16.873372330989724], [102.32192940803886, 16.873372331184743], [102.32185920588863, 16.87344253427403], [102.32185920543509, 16.87355647241534], [102.32197391309451, 16.873581932562182], [102.32210493100837, 16.873805149436055], [102.32223604764958, 16.87378080512927], [102.32248391218722, 16.87373478578567], [102.32287927258555, 16.873694321917668], [102.32311588922596, 16.873712622567155], [102.32320847911856, 16.873865926535935], [102.3232179016275, 16.873983400025928], [102.32323534500266, 16.87420088095663], [102.32324665094748, 16.87430801149817], [102.3239574225364, 16.874231235470702], [102.32443324319263, 16.875117511740264], [102.32494809847873, 16.875247249466028], [102.32494809792429, 16.874986980714105]], [[102.32424607713875, 16.873863745590345], [102.32424607759734, 16.873302128851982], [102.32445668355084, 16.873091522942005], [102.32459708780806, 16.873091523739625], [102.32473749233355, 16.872951119629825], [102.32501830051622, 16.872951118974747], [102.32508850002554, 16.873021311695837], [102.3251587046054, 16.873091523258243], [102.3254395129173, 16.873091523792443], [102.32557991738727, 16.873231927711313], [102.32586072579674, 16.87323192762995], [102.3259309277194, 16.87330212898031], [102.32593092809672, 16.873582938294835], [102.3258607257064, 16.8736531398321], [102.32557991667264, 16.873653140023972], [102.32550971470214, 16.873582938555025], [102.3254395127682, 16.873512736149934], [102.32515870476928, 16.87351273571098], [102.32508850207905, 16.873582937931847], [102.32508850212605, 16.873723341787173], [102.32494809838091, 16.873863746169373], [102.32494809837938, 16.87400415094236], [102.32473749223213, 16.874214756523646], [102.32445668304021, 16.874214757109073], [102.32438648116441, 16.87414455522063], [102.32438648157812, 16.874004151278047], [102.32431627981667, 16.873933949345876], [102.32424607713875, 16.873863745590345]]]}}, {"type": "Feature", "properties": {"tambon": "ต.โคกม่วง", "amphoe": "อ.โนนสัง", "cls": 3, "label": "ท่วมซ้ำซากเป็นครั้งคราว", "desc": "ประสบน้ำท่วมไม่เกิน 3 ครั้ง ใน 10 ปี", "color": "#38bdf8"}, "geometry": {"type": "Polygon", "coordinates": [[[102.3783670888142, 16.879263527263628], [102.37836708815432, 16.87952384635912], [102.3785018160041, 16.8795238469448], [102.37850181449132, 16.87979331889801], [102.37863654251561, 16.8797933193604], [102.37863654235154, 16.879928055309847], [102.37850181423138, 16.879928054864674], [102.37850181305282, 16.880062790845354], [102.3783670857568, 16.880062790313104], [102.3783670841849, 16.880332261386677], [102.37823235667994, 16.880332260800017], [102.37823235630266, 16.88046699679531], [102.37809762870069, 16.8804669970394], [102.37809762729282, 16.880601732163523], [102.37796289957777, 16.880601732335972], [102.37796289902984, 16.880736467460416], [102.37769344334028, 16.880736466670772], [102.37769344406387, 16.880601730609502], [102.37742398851321, 16.88060173033238], [102.37742398946234, 16.880332258152027], [102.37728926185291, 16.880332257845733], [102.37728926325096, 16.879928050422716], [102.37704265375014, 16.879928049861082], [102.37704265377906, 16.879961450686363], [102.37709654455739, 16.879961451628564], [102.37709654381909, 16.880123134628462], [102.37715043556184, 16.880123134630328], [102.37715043479741, 16.880230922994606], [102.37720432564691, 16.880230923894597], [102.3772043244703, 16.880554289852242], [102.37725821633025, 16.880554289803623], [102.37725821577703, 16.880604089103095], [102.37726199574934, 16.880604137762873], [102.37726199571813, 16.88066207806838], [102.37731210664141, 16.88066207900266], [102.37731210679405, 16.880715972715393], [102.37741988873377, 16.880715973463882], [102.3774198889361, 16.88076986807326], [102.37747377990914, 16.880769867972216], [102.37747377919256, 16.88082376259407], [102.37758156209829, 16.88082376232837], [102.37758156099561, 16.88098544616052], [102.37752766995067, 16.880985445398622], [102.37752767019855, 16.881039340001326], [102.37736599609605, 16.88103933945884], [102.37736599630088, 16.881093234069578], [102.37731210521423, 16.88109323325632], [102.37731210446945, 16.88114712788504], [102.3773067850216, 16.881147128098025], [102.37730304949353, 16.881417519431448], [102.37720432166154, 16.881416254522698], [102.37720432149075, 16.881460121588994], [102.3772282702452, 16.88147049417313], [102.37725821259936, 16.881470493880006], [102.37725821279615, 16.881483462271962], [102.37730502378545, 16.881503736112933], [102.37741723670531, 16.88175100912932], [102.3773864549207, 16.882009437973203], [102.37747377437675, 16.882009437728925], [102.37747377466577, 16.88206333232995], [102.3775276660042, 16.882063332148554], [102.37752766537427, 16.882117226762052], [102.37758155674135, 16.882117227466082], [102.37758155583661, 16.882278910379046], [102.37752766442354, 16.882278909683286], [102.37752766474277, 16.882332804280363], [102.3775815561712, 16.88233280497337], [102.37758155530214, 16.882494487883534], [102.37763544675776, 16.88249448765168], [102.37763544560983, 16.882602276863672], [102.37768933709339, 16.882602276612086], [102.3776893365392, 16.882656171214983], [102.37779711954477, 16.88265617156599], [102.37779711902425, 16.882710066163146], [102.37817435676064, 16.882710067422117], [102.37817435717378, 16.88265617284425], [102.37822824866117, 16.882656173350096], [102.37822824812471, 16.882602278790223], [102.378282139594, 16.882602279284598], [102.37828214037378, 16.882494490138743], [102.37822824893517, 16.88249448963886], [102.37822824936092, 16.882440595965193], [102.37817435793488, 16.88244059544833], [102.37817435761966, 16.882429309610476], [102.37812046672089, 16.882438974655443], [102.37812046650609, 16.88244059491726], [102.3781114288243, 16.88244059514618], [102.377986758062, 16.88246295340781], [102.37797634471261, 16.882410014192736], [102.37793738460094, 16.882417354865723], [102.377911302774, 16.88227891155754], [102.37790490327181, 16.88227891156331], [102.37790490321606, 16.8822449430007], [102.37779961578727, 16.881686072878143], [102.37779712294204, 16.88168607339758], [102.37779712270108, 16.881672841438405], [102.37778274269823, 16.881596510459605], [102.37779712377505, 16.88159380167548], [102.37779712426388, 16.881308813032778], [102.37774323313792, 16.88130881234429], [102.37774323374992, 16.88109323485231], [102.37768934269863, 16.881093235040975], [102.37768934333901, 16.88103934043131], [102.37774323437496, 16.881039340245398], [102.37774323501904, 16.880985446540652], [102.3777971260369, 16.880985446343278], [102.37779712571532, 16.880931551754134], [102.37790490866537, 16.880931552209177], [102.37790490833216, 16.880877658527695], [102.37795879931107, 16.880877658293176], [102.37795879988666, 16.880823763696355], [102.37801269086353, 16.880823764352776], [102.37801269142675, 16.880769869758474], [102.37806658238553, 16.88076987040343], [102.37806658293638, 16.88071597581167], [102.37817436479897, 16.88071597616204], [102.3781743653221, 16.880662081575544], [102.37822825624197, 16.880662082183356], [102.37822825675273, 16.880608187599385], [102.3782821476545, 16.880608188195737], [102.37828214771706, 16.88050039904808], [102.37833603952262, 16.88050039962026], [102.37833603990971, 16.880450922615793], [102.37855227453515, 16.880450923684478], [102.37855227557694, 16.88036110000026], [102.37864209357876, 16.880361099661688], [102.37864209458618, 16.880271275984477], [102.37873191255383, 16.88027127651646], [102.37873191321356, 16.880230928930835], [102.37876716913642, 16.880230929201463], [102.37876716951762, 16.880177034643207], [102.37882106120635, 16.880177035103944], [102.37882106063793, 16.88012314056368], [102.37887495230858, 16.88012314101297], [102.37887495394506, 16.879745880053328], [102.37892884456834, 16.879745880523174], [102.37892884531125, 16.879638092321095], [102.37898273682227, 16.879638091864386], [102.37898273696766, 16.879476409132096], [102.37903662844599, 16.879476409571826], [102.37903662879211, 16.87942251502406], [102.37930050884228, 16.87942251611988], [102.37930627713325, 16.879004595893], [102.37874355052094, 16.87899739397657], [102.37873980970582, 16.879268298726974], [102.3783670888142, 16.879263527263628]], [[102.37661152300704, 16.880261347084513], [102.3765276775034, 16.880225030886887], [102.37656615522708, 16.880260830836562], [102.37653480726489, 16.88032387194386], [102.37661152338899, 16.880324854975374], [102.37661152300704, 16.880261347084513]], [[102.37796290693169, 16.87898740115458], [102.37818082179255, 16.878990191435673], [102.37818456348091, 16.87871928654673], [102.37902865434248, 16.878730090893516], [102.37903239299152, 16.878459185330854], [102.37875102954884, 16.878455585412425], [102.37875476962, 16.87818468066537], [102.37903663340796, 16.87818828773085], [102.3790366341642, 16.877913473099227], [102.37892885211038, 16.877913472948066], [102.37892885210219, 16.877805683843217], [102.3788749610938, 16.877805683289598], [102.37887496159419, 16.87775178962873], [102.37876717961582, 16.877751789375708], [102.37876717971753, 16.87764400025294], [102.37865939778949, 16.877643999932033], [102.37865939740685, 16.877590105372512], [102.3784438326418, 16.87759010456459], [102.37844383296311, 16.877643999135124], [102.3783899419759, 16.87764399844532], [102.37838994165952, 16.877751787606673], [102.3783360497177, 16.877751787826007], [102.37833604871578, 16.878075153516292], [102.37838993981235, 16.87807515329589], [102.3783899401451, 16.878129047867095], [102.37844383127033, 16.878129048532113], [102.37844383066805, 16.878182942213407], [102.37849772180586, 16.878182942861454], [102.37849772067263, 16.8785602030702], [102.37844382944355, 16.878560203343838], [102.37844382886507, 16.878614097023267], [102.37833604635186, 16.87861409663102], [102.37833604661985, 16.878506308373982], [102.3782282650942, 16.878506307898366], [102.37822826478669, 16.87845241332054], [102.37817437357447, 16.878452413517568], [102.37817437393625, 16.878344624340226], [102.37812048275194, 16.878344624517528], [102.3781204831563, 16.878236835333738], [102.37806659199991, 16.878236835491307], [102.37806659269047, 16.878182940888568], [102.37801270154668, 16.878182941029195], [102.37801270131834, 16.878129046438925], [102.37795881018714, 16.878129046562574], [102.37795881091432, 16.87807515195385], [102.3779049197957, 16.878075152060507], [102.37790491960396, 16.87802125746428], [102.37785102849791, 16.878021257553964], [102.37785102909127, 16.877913468339823], [102.37779713801315, 16.877913468409776], [102.377797137861, 16.87785957380732], [102.37774324679543, 16.877859573860327], [102.37774324759883, 16.877805679239415], [102.37768935560864, 16.877805679290912], [102.37768935643032, 16.877751784667012], [102.37758157434679, 16.877751784690904], [102.37758157420207, 16.877643996364704], [102.37747379215277, 16.877643995418335], [102.37747379208128, 16.877536207080176], [102.3774199010912, 16.87753620703134], [102.37741990106723, 16.877482312407952], [102.37736601008972, 16.877482312342167], [102.37736601101857, 16.87737452307373], [102.37731212006898, 16.877374522988212], [102.37731212029274, 16.87735335670315], [102.37701622545926, 16.877349567780715], [102.37697558678825, 16.87748860564783], [102.37692880705946, 16.877619400696467], [102.37707407989572, 16.877621261280545], [102.37707033817456, 16.87789216461888], [102.37683234235446, 16.877889116544896], [102.37678383615958, 16.8780247376631], [102.37670684962305, 16.878158461792523], [102.37706659464334, 16.878163067984104], [102.37706288584549, 16.878431599506804], [102.37699250208131, 16.87843159975772], [102.37699250202851, 16.878433071983938], [102.37657496417181, 16.87842772380331], [102.37651468432234, 16.878605168522657], [102.37647424582518, 16.878842321390433], [102.37646033825271, 16.878991351212235], [102.37650374559804, 16.878991351056417], [102.37650374542847, 16.87904524481773], [102.37671931033998, 16.879045245601297], [102.37671931025078, 16.87909914025373], [102.37682709225207, 16.87909914056245], [102.37682709220113, 16.879119632570088], [102.37715453883138, 16.879119634100263], [102.37715453965146, 16.8788501627368], [102.37769345146047, 16.878850164449265], [102.37769345049534, 16.878984900529495], [102.37796290650431, 16.87898490172054], [102.37796290693169, 16.87898740115458]], [[102.37774392217433, 16.87682912743058], [102.37774392160973, 16.876857963543593], [102.3778281861843, 16.876857963386776], [102.3778281867361, 16.87682912727609], [102.37774392217433, 16.87682912743058]], [[102.3778281888609, 16.876319902764052], [102.3773688086038, 16.87665702674775], [102.37736783094918, 16.876727790915524], [102.37763546883373, 16.876727792366168], [102.37763546973022, 16.876673897734843], [102.37765410424599, 16.876673898113097], [102.37765410324197, 16.87676813946385], [102.37769345914475, 16.876768140083836], [102.37769346046488, 16.876559654641817], [102.37782818815054, 16.8765596551174], [102.3778281888609, 16.876319902764052]], [[102.37823237285424, 16.876206586708104], [102.37823237203649, 16.876424920875916], [102.37836709955742, 16.87642492101338], [102.37836709967428, 16.87655965701827], [102.37838994630778, 16.876559657330542], [102.37838994564379, 16.876512217616607], [102.37844383723011, 16.87651221744645], [102.37844383792454, 16.876458323757934], [102.37849772855559, 16.87645832359179], [102.37849772922159, 16.87640442900342], [102.37855161985061, 16.87640442972821], [102.37855161977313, 16.876351178744457], [102.37844061050046, 16.876345842618544], [102.37837265377753, 16.876325193842902], [102.3783180638843, 16.87630860665792], [102.37823237285424, 16.876206586708104]]]}}, {"type": "Feature", "properties": {"tambon": "ต.โคกม่วง", "amphoe": "อ.โนนสัง", "cls": 3, "label": "ท่วมซ้ำซากเป็นครั้งคราว", "desc": "ประสบน้ำท่วมไม่เกิน 3 ครั้ง ใน 10 ปี", "color": "#38bdf8"}, "geometry": {"type": "Polygon", "coordinates": [[[102.3764808701357, 16.88655507022878], [102.37648087014331, 16.886530105585287], [102.37621141426453, 16.886530104182082], [102.37621141330357, 16.886664840368557], [102.3760766857191, 16.886664839994303], [102.3760766858387, 16.886530103806077], [102.37594195833294, 16.886530103325697], [102.37594195856701, 16.8863953671188], [102.37580723113992, 16.88639536653234], [102.3758072318716, 16.88612589498211], [102.37594196004416, 16.886125895587536], [102.37594196033393, 16.885991159376257], [102.37607668839338, 16.885991159910006], [102.37607668862191, 16.885856424616858], [102.37675032819752, 16.885856426940823], [102.37675032752728, 16.88599116306574], [102.37688505548343, 16.885991163066176], [102.37688505492767, 16.886125899172413], [102.37701978297858, 16.88612589996914], [102.37701978256035, 16.886291022915994], [102.37713409655248, 16.886292487919118], [102.37709232530517, 16.886055561514457], [102.37707266088167, 16.885835935148233], [102.37704263063434, 16.885835935171812], [102.37704263141076, 16.885674252222422], [102.37698873995696, 16.885674252444954], [102.37698874046497, 16.88545867487432], [102.3770426318574, 16.8854586746628], [102.37704263296324, 16.885189203377067], [102.37698874163146, 16.88518920267242], [102.37698874226143, 16.885135308947067], [102.3769348509422, 16.885135308225454], [102.37693485159049, 16.885081414497115], [102.37639593943399, 16.88508141187005], [102.37639593958559, 16.885135306512865], [102.37623426556095, 16.885135305640816], [102.3762342656695, 16.885189200291663], [102.37618037431245, 16.88518920027608], [102.37618037439258, 16.885243094027068], [102.37612648301743, 16.88524309400001], [102.37612648310123, 16.885296988655902], [102.376018700312, 16.885296988564665], [102.37601870035206, 16.88535088232345], [102.37591091845836, 16.88535088216537], [102.3759109175648, 16.885458670611072], [102.37585702705178, 16.885458670508463], [102.3758570261335, 16.88551256519266], [102.3758031356024, 16.885512565078603], [102.37580313465568, 16.885566458862915], [102.37574924410647, 16.885566458737397], [102.3757492441007, 16.885620353411145], [102.3756414610888, 16.885620353153875], [102.37564146103928, 16.885674246930517], [102.37553367892292, 16.885674246606385], [102.37553367880352, 16.885782035974785], [102.37547978724191, 16.885782035804613], [102.37547978715527, 16.88583592958882], [102.37542589557557, 16.8858359294072], [102.3754258954926, 16.88588982409632], [102.37531811323149, 16.885889823680454], [102.37531811310475, 16.88594371747245], [102.3752705433192, 16.88594371768913], [102.37526979747287, 16.885997643641467], [102.37526422159382, 16.885997572230046], [102.37526422136305, 16.88599761195059], [102.37521033066355, 16.88599761170487], [102.37521033052813, 16.8860515064043], [102.37515643887328, 16.886051506162595], [102.37515643826782, 16.88626708316421], [102.37510254748611, 16.886267082903817], [102.37510254688287, 16.88648266081512], [102.3752103285663, 16.886482661299645], [102.37521032844157, 16.886536555094583], [102.3754797845532, 16.88653655601232], [102.3754797845242, 16.88659045069565], [102.37574923970644, 16.886590451259526], [102.37574923975716, 16.886644345928854], [102.37601869496332, 16.886644347025815], [102.37601869509372, 16.886698241681113], [102.37628815124503, 16.88669824239328], [102.37628815051787, 16.886752137050067], [102.37638505956991, 16.88675213755721], [102.37638780075969, 16.88655387717855], [102.3764808701357, 16.88655507022878]], [[102.37526833996336, 16.881259327055425], [102.37526834297826, 16.880332250756002], [102.37513361510943, 16.880332249930337], [102.37513361583565, 16.8801975135685], [102.37472533366194, 16.880197513089385], [102.37472533304894, 16.88033870347003], [102.37477922402094, 16.88033870319952], [102.3747792221391, 16.880877646977385], [102.37483311326172, 16.880877646665127], [102.37483311273674, 16.880931541406017], [102.37477922158274, 16.880931540818626], [102.37477922143218, 16.881039329387363], [102.3746175478937, 16.881039329361236], [102.37461754730023, 16.881093223210048], [102.37456365610524, 16.881093223476444], [102.37456365584981, 16.881201012065823], [102.3745097646214, 16.881201012323512], [102.37450976373786, 16.88136269477059], [102.37445587246067, 16.881362695022318], [102.37445587127822, 16.881651986543314], [102.37448563488998, 16.88165236781196], [102.37447920560147, 16.882117215904586], [102.37467143482539, 16.882117216680644], [102.37467143430663, 16.88217111052202], [102.37472532581897, 16.882171111074495], [102.37472532483713, 16.88227889965345], [102.37477921637736, 16.882278900186225], [102.37477921543807, 16.882386688758736], [102.37483310700624, 16.882386689271762], [102.37483310654835, 16.88244058310374], [102.3749408887538, 16.882440583194708], [102.37494088887767, 16.882548372636222], [102.37504867113347, 16.88254837265932], [102.37504867037727, 16.882656161201965], [102.37510256200837, 16.882656161630127], [102.37510256165811, 16.882710056349545], [102.37515645234848, 16.882710055873815], [102.37515645201653, 16.88276395059025], [102.37521034367279, 16.882763950984472], [102.3752103421198, 16.88319510506044], [102.3752642329588, 16.883195105433888], [102.37526423239662, 16.8833028939489], [102.37531812326353, 16.883302894302602], [102.37531812275996, 16.883410683713574], [102.375372014576, 16.883410683129714], [102.37537201434402, 16.88346457783208], [102.37553368799531, 16.88346457872499], [102.37553368818126, 16.88341068403087], [102.3755875790651, 16.883410684307968], [102.37558757923867, 16.88335678961639], [102.37569536190465, 16.883356790117972], [102.37569536206658, 16.883302896334037], [102.3760187089691, 16.883302897529546], [102.37601870796196, 16.883356791312412], [102.37607259974291, 16.88335679144882], [102.37607259979745, 16.883302897684175], [102.37618038238318, 16.883302897935323], [102.37618038239395, 16.88324900327355], [102.37628816493798, 16.883249003473328], [102.3762881649371, 16.88319510971923], [102.37634205572103, 16.88319510980827], [102.37634205657497, 16.8829795320779], [102.37639594823203, 16.882979532148298], [102.37639594818556, 16.882871743746147], [102.37650373049279, 16.88287174387074], [102.37650373045138, 16.882817850126003], [102.37655762205414, 16.882817850162], [102.37655762198426, 16.88276395551741], [102.37661151356893, 16.882763955541925], [102.37661151350278, 16.88271006180225], [102.37666540506935, 16.882710061815317], [102.37666540497476, 16.88265616717577], [102.37671929652323, 16.882656167177352], [102.37671929643236, 16.882602273442725], [102.37677318702548, 16.882602273448313], [102.37677318909647, 16.882225012760298], [102.37666540624771, 16.882225012727243], [102.3766654071171, 16.882171118070133], [102.37661151570393, 16.882171118029536], [102.37661151565442, 16.8821172233849], [102.37655762519105, 16.88211722331187], [102.37655762515985, 16.882063328664238], [102.37661151656116, 16.88206332962696], [102.37661151651756, 16.882009434981853], [102.37666540788472, 16.882009435030717], [102.37666540782877, 16.881955540388137], [102.37671929919388, 16.88195554132793], [102.37671929912555, 16.881901646687883], [102.37677319045655, 16.881901646713818], [102.3767731903142, 16.881793858340906], [102.37682708161174, 16.88179385835813], [102.37682708238783, 16.881686069974325], [102.37688097365194, 16.881686069982855], [102.37688097345594, 16.8815782807167], [102.37693486470268, 16.881578281618904], [102.37693486479415, 16.881546838643764], [102.37661443541552, 16.88149718413698], [102.37648504322877, 16.881407041419084], [102.37646925094475, 16.88139603953744], [102.37618401745836, 16.881396039014295], [102.37618401709788, 16.881261291969523], [102.37617954139789, 16.8812612917762], [102.37618208218505, 16.881077463513755], [102.37612650044076, 16.881075234543605], [102.37612649997902, 16.881093228928403], [102.37607260884509, 16.881093228690524], [102.37607260868478, 16.881147123367143], [102.37601871753276, 16.881147123117792], [102.37601871736005, 16.88120101779693], [102.37596482618993, 16.88120101753613], [102.37596482598883, 16.88125491131539], [102.37580315243198, 16.8812549113583], [102.37580315218783, 16.881308805145597], [102.37569536976143, 16.88130880450703], [102.37569536950562, 16.881362699201997], [102.37558758703754, 16.88136269851206], [102.37558758675405, 16.881416593212297], [102.37547980424428, 16.88141659247101], [102.37547980393305, 16.881470487176514], [102.37542591359595, 16.88147048677185], [102.37542591327234, 16.881524381479878], [102.3753720219799, 16.881524381079185], [102.37537202129491, 16.881632169597662], [102.37531812998509, 16.88163217009065], [102.37531812962368, 16.88168606390111], [102.37526423921696, 16.881686063464784], [102.37526423885922, 16.881739958180145], [102.37504867434777, 16.881739957252467], [102.37504867350246, 16.88184774580212], [102.3749408916455, 16.88184774570745], [102.37494089075072, 16.881955534267185], [102.37477921737594, 16.881955533591587], [102.37477921787588, 16.881901639754776], [102.37472532644303, 16.88190163920273], [102.3747253265292, 16.88179385063596], [102.37467143606152, 16.88179385004876], [102.37467143742062, 16.881470484310878], [102.37472532778021, 16.88147048401222], [102.37472532885116, 16.881362695426244], [102.37488700172803, 16.881362696235353], [102.37488700222995, 16.88130880240148], [102.37494089346978, 16.88130880203876], [102.37494089299923, 16.881362696772275], [102.37504867551733, 16.881362696901043], [102.37504867508045, 16.88141659162882], [102.37510256634269, 16.88141659121793], [102.37510256678028, 16.881362697395293], [102.37521034928187, 16.881362697438774], [102.37521034915137, 16.881254908916894], [102.37522898416074, 16.8812549094354], [102.37522898399001, 16.881259327022818], [102.37526833996336, 16.881259327055425]], [[102.37138408086898, 16.880466971764076], [102.3713612345657, 16.880466971639898], [102.37136123398818, 16.8806017075317], [102.37122650549304, 16.88060170777307], [102.37122650577548, 16.88073644366517], [102.3709570494471, 16.880736442095515], [102.37095704955635, 16.880871178020517], [102.3708380410963, 16.880871177309466], [102.37083645926658, 16.88098542101153], [102.37095294962482, 16.880985421659254], [102.37095294892262, 16.881039315679956], [102.37106073163183, 16.881039316141237], [102.37106073022525, 16.88130878798766], [102.37111462164441, 16.881308787732024], [102.37111462228576, 16.88125489372075], [102.37116851276562, 16.881254894371455], [102.37116851337856, 16.881200999460315], [102.37122240477757, 16.88120100008413], [102.37122240506048, 16.881093211184442], [102.37133018683562, 16.881093211513505], [102.37133018742747, 16.881039317512272], [102.37138407875618, 16.881039317199317], [102.37138408086898, 16.880466971764076]], [[102.37540862178018, 16.88114066539938], [102.37540306794867, 16.881140665817107], [102.37540306812417, 16.881169503773467], [102.37540862195651, 16.881169503355586], [102.37540862178018, 16.88114066539938]], [[102.37521036266662, 16.877907003792895], [102.37499889752348, 16.877907003117247], [102.37499889638582, 16.878041739521112], [102.37459471287504, 16.8780417381512], [102.37459471193874, 16.878311210124483], [102.37472943935975, 16.87831121064585], [102.37472943900727, 16.8784459461619], [102.3749988949266, 16.878445946888213], [102.37499889480044, 16.878580683270787], [102.37513362236152, 16.878580683491187], [102.37513362047541, 16.878984890804603], [102.37405579814175, 16.878984886951127], [102.37405579852978, 16.87899134182498], [102.37407864459672, 16.87899134167975], [102.37407864375308, 16.879045236467352], [102.37413253532728, 16.87904523641807], [102.37413253521835, 16.878991341648664], [102.374151170024, 16.878991342305476], [102.37415116953797, 16.87901372452539], [102.37418642630858, 16.879013724709484], [102.37418642608867, 16.879099131136414], [102.37424031673545, 16.87909913107138], [102.37424031688099, 16.879153025834814], [102.37424098719399, 16.879153025617814], [102.37424098739135, 16.879193372445474], [102.37429420774907, 16.879193372578467], [102.37429420770418, 16.879206920513262], [102.37450977226594, 16.87920692090361], [102.37450977231146, 16.879193373873953], [102.37494090224133, 16.879193375767105], [102.37494090114822, 16.879389098144358], [102.37513361877242, 16.87938909900731], [102.37513361885601, 16.879523834460045], [102.37526834614968, 16.87952383538897], [102.3752683463477, 16.87965857082305], [102.37540307372, 16.87965857164591], [102.37540307309521, 16.87979330707676], [102.3755378014834, 16.879793307778097], [102.37553780049727, 16.88006277950341], [102.37567252812272, 16.880062780096928], [102.3756725274026, 16.880332251781983], [102.37580725520256, 16.880332252252188], [102.37580725403699, 16.880466988541983], [102.37607670977701, 16.880466989181407], [102.37607671016376, 16.880591209511014], [102.37614823710688, 16.88049001136978], [102.37619065048841, 16.88045746894432], [102.37619255867033, 16.88031948780242], [102.37632826888537, 16.880321225579305], [102.37633871039924, 16.880300228260435], [102.37625247286068, 16.880219994030902], [102.37622255120267, 16.88016092061517], [102.37612706507402, 16.880146122297976], [102.3759798741638, 16.880043573198865], [102.37596835643696, 16.879961447549153], [102.37596483045745, 16.87996144702815], [102.37596483049508, 16.87993631266394], [102.37596079662634, 16.879907552978263], [102.37585704818034, 16.879907552562262], [102.37585704847032, 16.87985365786928], [102.37580315767539, 16.87985365749695], [102.37580315799978, 16.87979976370336], [102.37574926628018, 16.879799763329515], [102.37574926728354, 16.879728620728734], [102.37561075667224, 16.87972306441793], [102.37550072690708, 16.87966655930438], [102.37549844617729, 16.87966082715471], [102.37545540987117, 16.87955267323414], [102.37545000446993, 16.879539089879597], [102.3755191401356, 16.87933966045846], [102.3755875952227, 16.879242804400214], [102.37558759544756, 16.87920692484222], [102.37553370482289, 16.87920692436578], [102.37553370556506, 16.878883558824974], [102.37558759701888, 16.878883558400112], [102.37558759782415, 16.878667981374115], [102.37553370641561, 16.87866798088559], [102.37553370685444, 16.87850629765805], [102.37547981644244, 16.878506298033972], [102.37547981597982, 16.878452403331075], [102.37542592464315, 16.87845240370548], [102.37542592513608, 16.878398508984162], [102.37537203379597, 16.878398508439194], [102.37537203483743, 16.878290719892714], [102.37531814354129, 16.87829072023042], [102.37531814422651, 16.878129036964932], [102.37526425295758, 16.878129036377793], [102.37526425336003, 16.877913459288095], [102.37521036214967, 16.877913458675696], [102.37521036266662, 16.877907003792895]], [[102.37109178258522, 16.87944122020351], [102.37057571738971, 16.87943459497855], [102.37057571701283, 16.87947637806928], [102.37052182608765, 16.87947637808924], [102.37052182611693, 16.879530272123045], [102.37057571707346, 16.879530273002736], [102.3705757171716, 16.879638061064135], [102.37062960815608, 16.879638061924112], [102.37062960734146, 16.879721675039686], [102.37082232512422, 16.879975224449293], [102.37082232486262, 16.87992802634192], [102.37095705294605, 16.87992802735545], [102.37095705394294, 16.879658555468097], [102.37109178180144, 16.87965855552475], [102.37109178258522, 16.87944122020351]], [[102.37284324626111, 16.8791530206213], [102.3728432460472, 16.87911961877394], [102.37297797425089, 16.879119619444772], [102.37297797480335, 16.87898488282541], [102.37311270289399, 16.878984883424586], [102.37311270338522, 16.87885014772337], [102.37324743136281, 16.87885014825089], [102.37324743003022, 16.878984883950356], [102.37351688614154, 16.878984885606826], [102.37351688632916, 16.878850149054806], [102.37378634217998, 16.878850150390264], [102.37378634314771, 16.87871541475815], [102.37405579873804, 16.878715415772614], [102.3740557995166, 16.878580679271067], [102.37419052719812, 16.87858068011342], [102.37419052863525, 16.87831120804273], [102.3739210727172, 16.87831120711819], [102.3739210727261, 16.87817647151291], [102.37324743360185, 16.878176468906535], [102.37324743410855, 16.87804173321377], [102.37284325092824, 16.878041731972914], [102.37284325013404, 16.878176467717285], [102.37270852258409, 16.87817646683722], [102.37270852253694, 16.878041731091084], [102.37257379506565, 16.878041730104986], [102.37257379626026, 16.877637522790828], [102.37270852438122, 16.877637523813075], [102.37270852537506, 16.87736805138986], [102.37257379746181, 16.877368051235592], [102.37257379873758, 16.877098579674545], [102.37243907098276, 16.877098578494643], [102.37243906978719, 16.877233315203203], [102.37216961405034, 16.877233313513685], [102.37216961317382, 16.87750278515955], [102.37190015795413, 16.87750278497276], [102.37190015735203, 16.877637520827907], [102.37170743910937, 16.877637520235307], [102.37170743873706, 16.8776978691209], [102.37181522134199, 16.87769786949431], [102.37181522070418, 16.877751763485264], [102.37186911202588, 16.877751764099077], [102.37186911140637, 16.87780565808705], [102.37192300274063, 16.877805658683915], [102.37192300213944, 16.87785955266888], [102.37203078481438, 16.877859552912064], [102.37203078426286, 16.877913447793695], [102.37224634964103, 16.877913448098475], [102.37224634913778, 16.877967342066466], [102.37235413091985, 16.8779673430459], [102.37235413138747, 16.87802123699272], [102.37246191318918, 16.87802123790978], [102.37246191369046, 16.878075131850863], [102.37256969551186, 16.87807513270557], [102.37256969510952, 16.87812902665635], [102.37262358650003, 16.878129027051905], [102.37262358611599, 16.878182920999706], [102.3726774775191, 16.87818292137829], [102.37267747716942, 16.87823681622551], [102.37273136856908, 16.878236815684726], [102.37273136756778, 16.87839849931431], [102.37278525902671, 16.878398499653464], [102.37278525839938, 16.87850628843238], [102.37283914987017, 16.878506287849408], [102.37283914958431, 16.878560182686968], [102.37289304014652, 16.878560183004872], [102.37289303986292, 16.878614076937048], [102.37283914928537, 16.87861407662191], [102.37283914900543, 16.878667971458984], [102.37289304053556, 16.87866797175594], [102.37289304025789, 16.878721865687663], [102.37283914871242, 16.878721865393462], [102.37283914843844, 16.878775760230063], [102.37278525781211, 16.87877575990897], [102.37278525750973, 16.878829653845713], [102.37273136592809, 16.87882965352858], [102.37273136562935, 16.878883548370233], [102.37267747496686, 16.87888354802619], [102.37267747463972, 16.878937441967967], [102.37256969235462, 16.878937442160584], [102.37256969166393, 16.87904523095684], [102.37251580094718, 16.879045230578402], [102.3725157998794, 16.8792069133281], [102.37246190911388, 16.87920691294372], [102.37246190839154, 16.87931470174865], [102.37251579918774, 16.87931470212755], [102.37251579885437, 16.879368596978093], [102.37256969058433, 16.879368596422204], [102.37256969091838, 16.87931470247677], [102.37273136421942, 16.879314703470065], [102.37273136449441, 16.879260808630278], [102.37278525526149, 16.87926080894084], [102.37278525554015, 16.879206915005966], [102.37283914721036, 16.879206914387225], [102.37283914747663, 16.87915302045487], [102.37284324626111, 16.8791530206213]], [[102.37230023547902, 16.879260807485085], [102.3722674058194, 16.87926080761831], [102.37226666007072, 16.879314701220423], [102.37230023506528, 16.879314701444507], [102.37230023547902, 16.879260807485085]], [[102.37213856260168, 16.879099123351008], [102.37198823044052, 16.87909912279799], [102.37198708689222, 16.87918175991527], [102.37219245358497, 16.879184394993448], [102.37219245289972, 16.879153017791822], [102.37213856214909, 16.879153018221764], [102.37213856260168, 16.879099123351008]], [[102.3763320218003, 16.878562238033382], [102.37643563524877, 16.878257235213415], [102.37649406940663, 16.878155734927407], [102.37623429382327, 16.878152408153454], [102.37623429323457, 16.878344617193598], [102.37618040196715, 16.87834461776152], [102.37618040082813, 16.878560194687378], [102.37612650948056, 16.878560194349728], [102.37612650899221, 16.878829665951315], [102.37618039947924, 16.878829666290653], [102.37618039922481, 16.878883560971566], [102.37628216894879, 16.878883561453684], [102.37628813808138, 16.87881959221838], [102.3763320218003, 16.878562238033382]], [[102.37122651250122, 16.878901047106016], [102.37122651288148, 16.878850140888698], [102.37149596831559, 16.878850141650993], [102.37149596756778, 16.878904505938472], [102.37176132472058, 16.87890791095275], [102.37176132516008, 16.878775755788592], [102.37181521677589, 16.878775756364377], [102.37181521721284, 16.878560178643056], [102.37176132661163, 16.878560178943214], [102.37176132626699, 16.878506284066088], [102.37170743567837, 16.878506284349285], [102.37170743535204, 16.878452389469146], [102.371653544776, 16.878452389735394], [102.37165354446796, 16.878398494852277], [102.37154576238505, 16.87839849444965], [102.37154576306393, 16.878344600447768], [102.37143798006343, 16.87834459999821], [102.37143798077594, 16.87829070599058], [102.37138408927892, 16.878290705290542], [102.37138409000971, 16.87823681127992], [102.37133019852526, 16.87823681056292], [102.37133019833712, 16.87818291656475], [102.37127630781852, 16.87818291671773], [102.37127630763268, 16.878129021814193], [102.37122241618941, 16.878129021965645], [102.37122241695911, 16.878075127043687], [102.37100685214111, 16.878075126578477], [102.37100685223129, 16.878129020593597], [102.37089906931452, 16.878129020740126], [102.37089906937697, 16.878182914760515], [102.37087526990348, 16.8781829148866], [102.3708692995262, 16.87861406968782], [102.37106074108382, 16.87861407027121], [102.37106074123503, 16.878667965183656], [102.37111463190266, 16.878667965062778], [102.37111463205615, 16.878721859069852], [102.37116852275238, 16.878721859834414], [102.37116852235543, 16.878883542763756], [102.37111463161317, 16.878883542007443], [102.37111463112079, 16.878899611106537], [102.37122651250122, 16.878901047106016]], [[102.37650761473633, 16.877884957722948], [102.37651509984445, 16.877343149870995], [102.37628818832455, 16.877340243191462], [102.37628818777056, 16.877374519626557], [102.37634207877248, 16.877374519982162], [102.37634207846776, 16.877428413758718], [102.37628818745051, 16.877428413405863], [102.37628818659402, 16.877751779670927], [102.37623429548199, 16.877751779320388], [102.37623429521327, 16.877881457102852], [102.37650761473633, 16.877884957722948]], [[102.37547981937516, 16.87763753313816], [102.37540308144266, 16.87763753285058], [102.37540308149877, 16.87766636991266], [102.37540863524443, 16.877666370415625], [102.37540863561271, 16.87764398821995], [102.37547981980283, 16.877643988004], [102.37547981937516, 16.87763753313816]], [[102.37540308345253, 16.877328903937375], [102.37540308236451, 16.87750279739637], [102.37553781004442, 16.877502797472456], [102.37553780975719, 16.877536200156687], [102.37558760208859, 16.87753619968202], [102.37558760260205, 16.877482305867353], [102.37564149365441, 16.87748230549987], [102.37564149415549, 16.87742841168775], [102.37569538518976, 16.877428411308806], [102.37569538574054, 16.87715893958216], [102.37567341461288, 16.877158939888783], [102.37567101804441, 16.877332336631316], [102.37540308345253, 16.877328903937375]], [[102.3710917910959, 16.87727361402946], [102.37088789568291, 16.877270996603784], [102.37089164646068, 16.87700009358488], [102.3710917916671, 16.877002662680646], [102.37109179209038, 16.87696383850955], [102.37117355783597, 16.876963838916154], [102.3711762332739, 16.876770542409364], [102.37090884362127, 16.87677494509288], [102.37084518369089, 16.87677599322907], [102.3708451840542, 16.876781661907962], [102.37079129297231, 16.87678166187693], [102.37079129193292, 16.87694334488925], [102.37073740078623, 16.876943343949858], [102.37073740070764, 16.87705113291958], [102.37068350954357, 16.877051132873877], [102.37068350948536, 16.87710502690994], [102.37062961830321, 16.877105026852764], [102.37062961724385, 16.877212815847518], [102.37057572602828, 16.877212815781633], [102.37057572581328, 16.877374498805917], [102.37068350833367, 16.877374498906992], [102.37068350735603, 16.87742839295709], [102.37109179061855, 16.877428395273327], [102.3710917910959, 16.87727361402946]], [[102.37682710069416, 16.876997260828887], [102.37651987940795, 16.876997260396077], [102.37651884342424, 16.87707224547229], [102.37690109799506, 16.877077141795482], [102.37690869339725, 16.87705115553128], [102.37682710052269, 16.877051155484658], [102.37682710069416, 16.876997260828887]], [[102.37526835629646, 16.877056225700194], [102.37539340065989, 16.8770578280059], [102.3753971459375, 16.876786924236782], [102.37558760547735, 16.87678936429041], [102.37558760598554, 16.87656610114901], [102.37553371519114, 16.87656610145546], [102.37553371482015, 16.876512206746913], [102.37547982403831, 16.876512207036388], [102.37547982368561, 16.87645831232488], [102.37542593291636, 16.876458312597386], [102.37542593351918, 16.876404417867413], [102.3750486953048, 16.876404416696897], [102.37504869457857, 16.87645831054377], [102.3747792387041, 16.87645831032412], [102.37477923884141, 16.87651220416906], [102.37472944672497, 16.876512203496], [102.37472944647216, 16.87655964337465], [102.3745947184387, 16.876559643562864], [102.3745947180152, 16.876829114650416], [102.37445998977286, 16.876829114784204], [102.37445998902452, 16.87696385035072], [102.37459471737873, 16.876963851102108], [102.37459471674481, 16.87709858664996], [102.37486417265609, 16.877098587867238], [102.37486417308232, 16.876963851451418], [102.37526835701733, 16.87696385355731], [102.37526835629646, 16.877056225700194]], [[102.37145683219555, 16.876829104188424], [102.3714549665032, 16.876963840123977], [102.37149597638854, 16.876963839972184], [102.37149597643369, 16.876829104073593], [102.37145683219555, 16.876829104188424]], [[102.37769346168983, 16.876190273367467], [102.37769346162365, 16.87615544726677], [102.37742400583844, 16.87615544596118], [102.37742400644818, 16.876020709831348], [102.37728927817301, 16.876020709938185], [102.37728927889717, 16.875885973789668], [102.37715455162179, 16.875885972872595], [102.37715455197679, 16.87584362946241], [102.37709857839714, 16.875847636172875], [102.37709684339396, 16.87597326881926], [102.37720434327086, 16.875973269358777], [102.37720434221308, 16.876027164015174], [102.37725823372205, 16.87602716418257], [102.37725823361976, 16.87608105882052], [102.37731212514129, 16.876081058970914], [102.37731212410405, 16.876134952718946], [102.37736601563816, 16.8761349528524], [102.3773660155725, 16.876188847484364], [102.37741990618197, 16.87618884761629], [102.37741990506915, 16.876392255692895], [102.37769346168983, 16.876190273367467]], [[102.36987514379668, 16.876512186102275], [102.3698751441175, 16.876458292022402], [102.36992903515414, 16.876458292311575], [102.36992903520917, 16.876415947741865], [102.36974501515517, 16.87620678972233], [102.36974857454832, 16.876160304745525], [102.36975005994461, 16.87614089482093], [102.3697648226647, 16.875948045453246], [102.36988261163188, 16.875711182924874], [102.36988121145625, 16.875632368754438], [102.36978497188228, 16.875631132812906], [102.36978121915014, 16.875902035217887], [102.36944909067353, 16.875897769729452], [102.3694775356426, 16.876258177031833], [102.36939012441594, 16.876332848209984], [102.36939012466952, 16.876350501487995], [102.36944401570022, 16.876350501910593], [102.36944401525078, 16.876404396012934], [102.3695517973346, 16.876404396810013], [102.36955179785603, 16.876458290891197], [102.36971347099113, 16.87645829106957], [102.3697134706403, 16.876512186060083], [102.36987514379668, 16.876512186102275]], [[102.3732474416523, 16.87614089522504], [102.37315480713053, 16.87614089503055], [102.37315600041667, 16.876054688961798], [102.37311372022546, 16.876058103424544], [102.37296060663913, 16.87615002487923], [102.37295093441507, 16.87616030569499], [102.3729500833159, 16.87616121063691], [102.37288513802713, 16.876230240563874], [102.3728843375122, 16.876231090512967], [102.37287046170108, 16.876250136757037], [102.37284130073347, 16.876290165187502], [102.37311271338363, 16.876290166462212], [102.37311271422989, 16.87615542982941], [102.37324744122786, 16.876155430685493], [102.3732474416523, 16.87614089522504]], [[102.37704266938047, 16.8760810580458], [102.37704266954408, 16.87602716339683], [102.37709656012412, 16.876027163622307], [102.37709656015592, 16.87599375917863], [102.37709653151045, 16.875995837556065], [102.37682710442955, 16.875992385916103], [102.37682710438487, 16.876027162399122], [102.3768809959131, 16.87602716266602], [102.37688099570347, 16.876081057323255], [102.37704266938047, 16.8760810580458]], [[102.37432526530374, 16.87596033181264], [102.37432526504567, 16.87602069861993], [102.3744558940358, 16.876020699434424], [102.3744558943833, 16.875973259541414], [102.3745097850641, 16.875973259549546], [102.37450978478748, 16.875962697599306], [102.37432526530374, 16.87596033181264]]]}}, {"type": "Feature", "properties": {"tambon": "ต.ทรายทอง", "amphoe": "อ.ศรีบุญเรือง", "cls": 3, "label": "ท่วมซ้ำซากเป็นครั้งคราว", "desc": "ประสบน้ำท่วมไม่เกิน 3 ครั้ง ใน 10 ปี", "color": "#38bdf8"}, "geometry": {"type": "Polygon", "coordinates": [[[102.32368446107992, 16.883425380382718], [102.32360702070278, 16.883502819799133], [102.32292602062128, 16.88350281936205], [102.32269902134394, 16.88372981934311], [102.32224502076325, 16.883729819783422], [102.32201802146996, 16.883502819132683], [102.3217910208787, 16.88350281958412], [102.32167752109675, 16.88338931988638], [102.3216775214629, 16.882935319688535], [102.32182670264629, 16.882786138546642], [102.32178691984511, 16.88278613877415], [102.32178692049968, 16.882696315265772], [102.32169710170113, 16.882696315090882], [102.32169710239063, 16.882606490671893], [102.32160728362719, 16.88260649044998], [102.3216072843832, 16.882516666925238], [102.32151746565482, 16.8825166666563], [102.32151746550846, 16.882426842236146], [102.32133782811437, 16.88242684156476], [102.32133782894599, 16.882388164696273], [102.32094657852106, 16.882779414078215], [102.32080617414987, 16.882779414627215], [102.32052536595597, 16.88306022225091], [102.32038496156657, 16.88291981821195], [102.32024455795501, 16.882919818378124], [102.3201041529237, 16.882779414104572], [102.31996374903939, 16.882639009680975], [102.31989354670718, 16.882568807426207], [102.31989354694481, 16.882147595138772], [102.31982334485095, 16.882077392820324], [102.31975314187218, 16.882007190483343], [102.31968293989891, 16.88193698899989], [102.31940213207221, 16.88193698894616], [102.31919152565214, 16.882147594706282], [102.31919152588917, 16.882157362779147], [102.31927200177266, 16.88215736215166], [102.31927200176682, 16.882247186746664], [102.31936182053967, 16.88224718712307], [102.31936181966867, 16.8824268345064], [102.3192720008106, 16.882426834145054], [102.31927200081333, 16.882516657835673], [102.31918218190512, 16.88251665744236], [102.31918218250273, 16.882437745527994], [102.31898091886744, 16.88263900933204], [102.31855970622357, 16.882639009273245], [102.31834910091254, 16.88284961621539], [102.31834910019913, 16.88313042447081], [102.31820869528883, 16.88327082877015], [102.31820869535413, 16.88341123335586], [102.31813849417738, 16.88348143501689], [102.3179980898711, 16.883481434614882], [102.31785768538118, 16.88362183874562], [102.31757687743743, 16.88362183928548], [102.31743647344886, 16.88376224408582], [102.31729606792098, 16.88376224415562], [102.31694505811313, 16.884113253864953], [102.3169450582976, 16.88425365859122], [102.31684689162022, 16.884351824688306], [102.31684689097676, 16.88458259943279], [102.31693670917004, 16.884582599808002], [102.31693670919694, 16.884672423663247], [102.31702652742531, 16.884672423991443], [102.31702652665132, 16.88485207170011], [102.31720616419327, 16.884852072192757], [102.31720616363793, 16.885031720771188], [102.31729598201422, 16.885031720950828], [102.3172959822521, 16.885121544772737], [102.31738580066346, 16.885121544905363], [102.31738579937414, 16.885301192562554], [102.31756543729787, 16.88530119356647], [102.31756543675061, 16.885391017379064], [102.31765525526725, 16.88539101737064], [102.3176552557719, 16.885301193565567], [102.31774507425419, 16.885301194427615], [102.31774507472436, 16.8852113706294], [102.3181941677, 16.88521137166215], [102.3181941679652, 16.885121547900887], [102.31864326057138, 16.885121549788654], [102.31864326063163, 16.885031726064327], [102.31882289808915, 16.8850317260074], [102.31882289900085, 16.8848520785717], [102.31891271717234, 16.88485207895784], [102.31891271890684, 16.884492783206213], [102.31900253690038, 16.88449278358295], [102.31900253772321, 16.884313135267035], [102.3190923565613, 16.884313135604117], [102.31909235741884, 16.884223311896335], [102.31945163158827, 16.884223312894978], [102.31945163134615, 16.88413348923181], [102.31954145006142, 16.884133489386443], [102.31954145072211, 16.884043665714973], [102.31972108806066, 16.884043666823246], [102.31972108769118, 16.8839538422789], [102.31990072491442, 16.883953843244253], [102.31990072542091, 16.883864019601535], [102.31999054397075, 16.883864019581257], [102.31999054444275, 16.883774195945417], [102.3204396378349, 16.883774197078917], [102.32043963759175, 16.883864021579573], [102.3206192746094, 16.88386402192803], [102.3206192735065, 16.883953845525763], [102.32070909299185, 16.88395384606923], [102.32070909193965, 16.884043669658762], [102.3208887290984, 16.884043670642576], [102.3208887290792, 16.88422331866165], [102.32105748489015, 16.884223319103615], [102.32112092715839, 16.884197419472862], [102.3211795387628, 16.884357670665985], [102.3210683651156, 16.88439153032482], [102.32106836467162, 16.88440296657169], [102.32124800211105, 16.884402967179327], [102.3212480015604, 16.88458261514815], [102.32133782035403, 16.884582615377678], [102.32133781967278, 16.8846724398124], [102.32139646973769, 16.884672440328124], [102.32134198324668, 16.884498324614963], [102.32150463505859, 16.884438368350658], [102.32157181514415, 16.88466296156396], [102.3214276381867, 16.884683453775], [102.32142763817001, 16.88485208792973], [102.32151745613913, 16.884852088072893], [102.32151745556743, 16.884941912490607], [102.32160727450893, 16.884941912571524], [102.32160727397218, 16.885031736078634], [102.32169709296457, 16.885031737014955], [102.32169709247853, 16.885121560513884], [102.32178691055292, 16.885121560515966], [102.32178691064354, 16.88530120838403], [102.32187672881142, 16.885301209234004], [102.32187672772221, 16.88557068058023], [102.32196654601042, 16.885570681368105], [102.32196654541536, 16.88575032921476], [102.32205636470279, 16.88575032903043], [102.32205636353065, 16.88584015341167], [102.32214618285316, 16.88584015318032], [102.32214618137218, 16.8861096253647], [102.32205636284334, 16.88610962470098], [102.322056362641, 16.886199449064407], [102.32214618119664, 16.88619944881816], [102.32214618104504, 16.886289273173396], [102.32232581823479, 16.886289273449766], [102.32232581831695, 16.886199450012015], [102.32286472948141, 16.88619945174319], [102.32286472967074, 16.88628927603819], [102.32295454821706, 16.886289276331354], [102.32295454750401, 16.886379099730945], [102.32286472891509, 16.88637909944533], [102.32286472912067, 16.886468923739024], [102.3227749104816, 16.886468923421443], [102.32277490987877, 16.88664857113472], [102.32268509114694, 16.8866485707927], [102.32268509035434, 16.886738395114705], [102.32277490911297, 16.886738394546775], [102.32277490837112, 16.886828218860607], [102.32286472718066, 16.886828219148097], [102.32286472742686, 16.88691804343852], [102.32295454533417, 16.886918043694195], [102.32295454561532, 16.88700786707401], [102.3230443635577, 16.88700786728263], [102.32304436273468, 16.8872773392309], [102.3229545437271, 16.887277339060073], [102.32295454405656, 16.88736716333972], [102.32286472499882, 16.887367163136915], [102.32286472400176, 16.8876366342201], [102.32304436144388, 16.887636635458655], [102.3230443608953, 16.887726458840937], [102.32322399839255, 16.88772645990641], [102.32322399793733, 16.887816283272986], [102.32335113139045, 16.887816283861987], [102.32340363438813, 16.887763780864507], [102.32340363490654, 16.88772645992667], [102.32344095472206, 16.887726460403925], [102.32358327257414, 16.887584142152892], [102.32358327292158, 16.887546813098822], [102.32367309202012, 16.887546813872966], [102.32367309252959, 16.887367165405703], [102.32370907526622, 16.88736716589803], [102.32368446076262, 16.88734255118803], [102.32368446076767, 16.88720214728808], [102.3236142580655, 16.88713194503016], [102.32347385375579, 16.886991540397922], [102.32340365214822, 16.886921338023583], [102.32340365240567, 16.886359721360655], [102.32347409547394, 16.88628927850807], [102.32340364085148, 16.886289278107007], [102.32340364184415, 16.886109629576275], [102.32358327868424, 16.886109630581608], [102.32358327910755, 16.886019806330335], [102.32367309748159, 16.886019807232504], [102.3236730978704, 16.88592998298808], [102.32376291711577, 16.885929982940635], [102.32376291748592, 16.885840159605536], [102.32385273574384, 16.88584015954132], [102.32385273607949, 16.885750336213103], [102.32403237342484, 16.885750335966037], [102.32403237368338, 16.88566051265223], [102.32394255457261, 16.885660511893157], [102.3239425548819, 16.885570688571185], [102.32403237393423, 16.885570688435344], [102.32403237419321, 16.88548086421781], [102.32394255518348, 16.885480864346096], [102.32394255676418, 16.885301216781194], [102.32385273781634, 16.885301215952495], [102.32385273961263, 16.884843150897066], [102.3237718622089, 16.88476227245888], [102.32376292149746, 16.884762272329198], [102.32376292142209, 16.88475333115964], [102.32375466296946, 16.884745072948974], [102.32368446040921, 16.88467487146247], [102.32368446064262, 16.884582623483674], [102.323673102882, 16.88458262378622], [102.32367310394358, 16.88440297617828], [102.32358328541507, 16.884402976058208], [102.32358328599275, 16.884313151794505], [102.32367310449443, 16.88431315282455], [102.32367310465163, 16.884133504325508], [102.32376292399788, 16.884133505315898], [102.3237629235774, 16.88404368108052], [102.32396526822399, 16.88404368158341], [102.32396526884592, 16.88383244610026], [102.32389506660847, 16.883762243732505], [102.32375466322816, 16.8836218388806], [102.32368446116377, 16.883551637314078], [102.32368446107992, 16.883425380382718]], [[102.32340364988822, 16.883953856134568], [102.32340364942706, 16.884133503778983], [102.32331383100382, 16.88413350351783], [102.32331383026623, 16.884223326902987], [102.32313419331192, 16.88422332627723], [102.32313419319739, 16.88413350289223], [102.32304437475156, 16.884133502512565], [102.32304437555361, 16.8839538548079], [102.32313419391423, 16.883953855202627], [102.32313419474559, 16.883864030898007], [102.32331383135902, 16.883864031584007], [102.3233138315502, 16.883953855858334], [102.32340364988822, 16.883953856134568]], [[102.31802159117423, 16.883755606243554], [102.31797271316013, 16.883683797412846], [102.31799383316508, 16.88364333374893], [102.31801453612046, 16.8836494144925], [102.31801453702711, 16.883504716642598], [102.31810435556444, 16.88350471748181], [102.31810435511063, 16.883594541262354], [102.31819417366728, 16.883594541152124], [102.31819417326417, 16.883684364924473], [102.31806089156221, 16.883684364659445], [102.31805898158166, 16.883737805502015], [102.31802159117423, 16.883755606243554]], [[102.32473749235389, 16.885727903050302], [102.32466110323449, 16.88565151437843], [102.32466110263309, 16.88584016255494], [102.32475092176882, 16.885840162982937], [102.32475092094596, 16.885929987152824], [102.32480769419217, 16.885929987326417], [102.3248076938417, 16.885798104963726], [102.32473749235389, 16.885727903050302]], [[102.32487789612603, 16.88474507301569], [102.32515870538667, 16.884464264551372], [102.32529910862544, 16.884464264429916], [102.32543951283095, 16.884323860478933], [102.3260011298299, 16.88432386044427], [102.32614153427582, 16.884183456104374], [102.32642234288836, 16.884183455344132], [102.32663294928639, 16.88397284937994], [102.32663294914252, 16.883414924353723], [102.32645748375468, 16.88341492372712], [102.32645748350612, 16.883504746869022], [102.32627784677616, 16.88350474619537], [102.32627784646634, 16.883594570254143], [102.32591857182406, 16.88359456938071], [102.32591857230433, 16.883504745291816], [102.32579052415029, 16.88350474445618], [102.32579052415596, 16.88383244572317], [102.32572032144235, 16.883902647789746], [102.3250182999087, 16.883902647730753], [102.32487789652565, 16.884043051381752], [102.3246611097211, 16.88404305169209], [102.32466110945278, 16.884133507754626], [102.32457129113497, 16.884133508046425], [102.32457128993956, 16.884313155522836], [102.32448147152901, 16.884313155790203], [102.32448147112272, 16.88448905257962], [102.3245970878614, 16.884604668862046], [102.3247374926238, 16.884745072884424], [102.32487789612603, 16.88474507301569]], [[102.32583812325124, 16.884217023852823], [102.32576609953092, 16.884070127630718], [102.32587461650853, 16.88403493033426], [102.32593167971199, 16.884177293490456], [102.32583812325124, 16.884217023852823]], [[102.32618802593068, 16.88404368974369], [102.32618802624246, 16.883953865680663], [102.32609820718486, 16.883953865741628], [102.32609820754737, 16.88386404167039], [102.32618802656238, 16.883864041616967], [102.32618802689042, 16.883774217552638], [102.32627784587108, 16.883774218369698], [102.32627784464835, 16.883864042441726], [102.32636766364827, 16.883864042309312], [102.32636766341358, 16.883953866357917], [102.32627784437105, 16.883953866497865], [102.32627784408608, 16.884043689650927], [102.32618802593068, 16.88404368974369]], [[102.328527331667, 16.881079509015315], [102.32837402147592, 16.881232819648616], [102.32798440899853, 16.881232819423783], [102.3279844086635, 16.881259154496476], [102.32771495289562, 16.881259153590392], [102.32771495273522, 16.88116932963529], [102.32762513417347, 16.88116932924674], [102.32762513489956, 16.880989681304285], [102.32767688311306, 16.88098968136289], [102.32757952102877, 16.880892319376542], [102.32757952123508, 16.880665319927193], [102.32757860226788, 16.880664401484445], [102.32756788311436, 16.880667067158413], [102.32746113685758, 16.88055182007186], [102.32723902080039, 16.880551819746415], [102.32712552131068, 16.88043831968827], [102.32704811382041, 16.880360911961198], [102.32699640700459, 16.880360911945083], [102.32699640675096, 16.88045073596636], [102.32667152109403, 16.8804507344017], [102.32667152084792, 16.881119319466258], [102.32655802083337, 16.881232819645028], [102.32587702127698, 16.88123281963259], [102.32572739600276, 16.88138244536032], [102.32586072546385, 16.88151577571275], [102.32593092732525, 16.88158597833857], [102.32582876082668, 16.881688145830967], [102.3258287609788, 16.881708266816567], [102.32600839793861, 16.881708267253746], [102.32600839650779, 16.88206756270986], [102.32591857739259, 16.882067562548787], [102.32591857650738, 16.88233703392719], [102.3258287581941, 16.882337033733997], [102.32582875756555, 16.882426857838933], [102.32555930245269, 16.882426857045004], [102.32555930170443, 16.88251668117188], [102.32520002700744, 16.882516679605775], [102.32520002703417, 16.88260650374691], [102.32511020853279, 16.882606503260376], [102.32511020758776, 16.882696327423638], [102.32502038903624, 16.882696326905148], [102.32502038899403, 16.882786151060046], [102.32493057039238, 16.882786150509602], [102.32493056960652, 16.882907606811536], [102.32493942599771, 16.882907722915654], [102.32493734126734, 16.88305562222245], [102.32502038796305, 16.883055622633666], [102.32502038795337, 16.883145446785964], [102.32520002452182, 16.883145446820897], [102.32520002416021, 16.883182070832426], [102.32521696609358, 16.883182292066284], [102.3252198038189, 16.882980917743893], [102.3252991090854, 16.88306022251458], [102.32557991717462, 16.883060222289455], [102.32572032212632, 16.88320062661463], [102.32575496867915, 16.883235273111413], [102.32591857287244, 16.88323527393884], [102.32591857338522, 16.88314544984733], [102.32609821075609, 16.88314544997957], [102.32609821119178, 16.883055625902454], [102.32627784846309, 16.883055626794235], [102.32627784882172, 16.882965802731555], [102.32645748597767, 16.882965803480424], [102.3264574862592, 16.882875979432182], [102.32663712329979, 16.882875980038133], [102.32663712352007, 16.88278615690674], [102.32699639827764, 16.882786157659652], [102.32699639730635, 16.882875981678566], [102.32708621579307, 16.882875982215534], [102.3270862158098, 16.882965806211022], [102.32717603433161, 16.882965806700955], [102.32717603438324, 16.883055629785815], [102.32726585294013, 16.883055630228732], [102.32726585283821, 16.8830602222148], [102.32754557570709, 16.88306022247784], [102.32775618245154, 16.882849616635237], [102.32775618236869, 16.88256880791871], [102.32796678839522, 16.882358201988794], [102.32810719348473, 16.882358201957352], [102.3281773956308, 16.88228799930435], [102.3281773958153, 16.882147594988172], [102.32843349844426, 16.88189149270759], [102.32843349865031, 16.88188792347096], [102.32843706792274, 16.881887923202516], [102.328523317696, 16.881801673294387], [102.328523318182, 16.881708276549766], [102.32861313692396, 16.88170827649816], [102.32861313926604, 16.88107950924293], [102.328527331667, 16.881079509015315]], [[102.32552082469657, 16.88158901723629], [102.32549140043386, 16.881618441888683], [102.32552041033212, 16.881618441781512], [102.32552082469657, 16.88158901723629]], [[102.33323194762411, 16.87773689308195], [102.33314102131682, 16.877827819685844], [102.33268702112811, 16.877827819458464], [102.33257352128159, 16.877941319405554], [102.33257352104931, 16.878622319481206], [102.33234652122825, 16.878849319372435], [102.3323465207277, 16.879076319739276], [102.33200602105882, 16.879416819319523], [102.33177902073336, 16.87941681928043], [102.33155202091149, 16.87964381948386], [102.33132502117064, 16.879643819875735], [102.33121152120376, 16.879530319694073], [102.33121152116118, 16.87937286395608], [102.33112806587667, 16.87937286343164], [102.3311280653844, 16.879552511757247], [102.33121788383824, 16.879552511628706], [102.33121788346374, 16.879732159936587], [102.33130770199521, 16.879732159753466], [102.33130770187071, 16.879821984350095], [102.33139752043722, 16.87982198411994], [102.33139751934473, 16.880001632408977], [102.3314873379889, 16.880001632124234], [102.33148733701417, 16.880181280395547], [102.33157715575183, 16.880181280958652], [102.33157715578001, 16.880271104626928], [102.33166697455273, 16.880271105142995], [102.3316669729552, 16.880540577054248], [102.33175679183233, 16.880540576605732], [102.33175679105686, 16.880630401174006], [102.3318466099849, 16.880630401580884], [102.3318466092443, 16.880720225238516], [102.33193642820738, 16.880720225598356], [102.33193642751755, 16.880810049247778], [102.332116064569, 16.880810049849146], [102.33211606492563, 16.880899874369998], [102.33256515718232, 16.88089987605457], [102.33256515754994, 16.88081005155622], [102.33265497651107, 16.880810052495022], [102.33265497684422, 16.88072022800357], [102.33274479573934, 16.880720228007974], [102.33274479637663, 16.880540580843093], [102.33283461517898, 16.880540580823116], [102.33283461546723, 16.880450757247253], [102.33351275620215, 16.88045075933754], [102.33351275559305, 16.88004153141324], [102.3336531594292, 16.879901127785462], [102.33358295778321, 16.879830925462393], [102.33344255277385, 16.87969052074554], [102.33330214892725, 16.879550116780848], [102.33316174529028, 16.87940971268116], [102.3330915430897, 16.879339511039518], [102.33309154255156, 16.877935468941498], [102.33323194733558, 16.87779506396542], [102.33323194762411, 16.87773689308195]], [[102.32080617441875, 16.880954159738035], [102.32108698237505, 16.88067335045517], [102.32122738703835, 16.88067335086102], [102.32136779059971, 16.880532946951956], [102.32150819510636, 16.88053294628076], [102.32157839704865, 16.880603148922244], [102.32160561250791, 16.880630364064206], [102.32160729166702, 16.88063036389789], [102.32160729166438, 16.880540540374003], [102.32178692909858, 16.88054054109418], [102.32178692900307, 16.880450716682244], [102.32187674768207, 16.88045071789307], [102.32187674848937, 16.880360893472815], [102.32196656710246, 16.88036089374922], [102.32196656760229, 16.880091422342407], [102.321876749117, 16.880091422043403], [102.32187674995677, 16.88000159762054], [102.32169711211155, 16.88000159690422], [102.32169711306042, 16.879911773368075], [102.32088874515831, 16.87991177079155], [102.32088874476331, 16.88000159438023], [102.32045516389505, 16.88000159303382], [102.32045516362939, 16.880181935342556], [102.32031475951413, 16.88032234050684], [102.32031475978727, 16.880462744865586], [102.32017435441215, 16.880603148195654], [102.32017435462085, 16.880743552569587], [102.32024455718629, 16.88081375572658], [102.32038496148972, 16.8809541592473], [102.32080617441875, 16.880954159738035]], [[102.32235852105345, 16.878923712978857], [102.32235852095154, 16.878849319253742], [102.32224502139837, 16.878735819441456], [102.32213152104488, 16.878622319556236], [102.32213152081765, 16.878395319934445], [102.3220180207631, 16.878281819934966], [102.32190452084552, 16.878168319847347], [102.32190452097828, 16.877941319266686], [102.32179102137542, 16.877827819967244], [102.32167752095646, 16.877714319692465], [102.32167752211589, 16.877281751995373], [102.32104197972924, 16.87762945982822], [102.32101677986796, 16.877654660223044], [102.32108698224889, 16.877724862337587], [102.32115718468218, 16.877795064418414], [102.32115718390862, 16.878075873001467], [102.32108698186968, 16.878146075224556], [102.32094657866307, 16.878005670991318], [102.3208763762011, 16.877935468839325], [102.32087637585288, 16.877795063622983], [102.32083042832322, 16.877749116101104], [102.32035433678675, 16.8781086978945], [102.32003572254027, 16.878302272136665], [102.31973482254062, 16.878359169476735], [102.31964625748464, 16.87832316175397], [102.31954253588972, 16.87842688346796], [102.31940213176546, 16.878426883430137], [102.31927201555348, 16.878556999063044], [102.31927201571061, 16.878564405684887], [102.31936183461144, 16.8785644063393], [102.31936183430784, 16.87865423005046], [102.31972110905326, 16.878654231355892], [102.31972110918647, 16.878564407674805], [102.31981092804969, 16.878564408131798], [102.31981092813267, 16.878474583555136], [102.31990074694576, 16.87847458398016], [102.31990074701004, 16.878384760312823], [102.32017020233914, 16.878384761388723], [102.32017020240265, 16.878474585033498], [102.32026002118566, 16.878474585300566], [102.32026002036261, 16.878564408952357], [102.32034983919647, 16.878564410074866], [102.32034983784108, 16.878833880988534], [102.32026001983249, 16.87883388077585], [102.3202600192125, 16.879013528960783], [102.3201702001739, 16.879013528738863], [102.32017020010592, 16.879269308478772], [102.3202445571902, 16.87926930850752], [102.32025824964401, 16.879283000582124], [102.32026001786684, 16.8792830007897], [102.32026001786654, 16.879284769170486], [102.32034807373428, 16.879372825192544], [102.32043965459071, 16.879372825618464], [102.32043965393402, 16.87946264924868], [102.32079892894608, 16.879462650207973], [102.32079892848368, 16.879552474709882], [102.32088874678789, 16.879552474625452], [102.32088874722349, 16.879462651033514], [102.32097856547757, 16.87946265091714], [102.3209785658787, 16.879372827332077], [102.32106838501994, 16.87937282716852], [102.32106838538657, 16.879283003590327], [102.32142765894146, 16.879283005324297], [102.32142766006731, 16.879193180857925], [102.32160729719092, 16.879193181946658], [102.32160729730242, 16.87910335750988], [102.32223602716849, 16.879103360121732], [102.3222360279272, 16.879013535721782], [102.32232584587118, 16.879013535953185], [102.32232584661124, 16.87892371246255], [102.32235852105345, 16.878923712978857]], [[102.31919152515155, 16.878126574116525], [102.31918219872793, 16.878120103141196], [102.31918219813645, 16.87847458124894], [102.3191915257968, 16.878474581672624], [102.31919152515155, 16.878126574116525]], [[102.31271525984312, 16.878474558130627], [102.31271526050311, 16.8783847339076], [102.31280507888269, 16.87838473476727], [102.31280508025944, 16.87800372433759], [102.31273293132264, 16.87807587301517], [102.31273293122969, 16.87835668177844], [102.31266272921387, 16.878426883418967], [102.3126254409126, 16.878426883773567], [102.3126254414292, 16.878474558141438], [102.31271525984312, 16.878474558130627]], [[102.319175254452, 16.87811528519778], [102.31909238058536, 16.87805778560309], [102.31909238110238, 16.878115285563954], [102.319175254452, 16.87811528519778]], [[102.31904579217218, 16.87802546157864], [102.31900256249828, 16.877995468014763], [102.31900256291463, 16.878025461008313], [102.31904579217218, 16.87802546157864]], [[102.31397272210882, 16.878025443088486], [102.313972722213, 16.877935618967335], [102.31406254027449, 16.877935619311756], [102.31406254129723, 16.877845796084724], [102.31424217824977, 16.87784579665499], [102.31424217824237, 16.877755972555047], [102.31433199713344, 16.877755972780886], [102.31433199709156, 16.877666148687798], [102.3144218159325, 16.877666148881666], [102.31442181679341, 16.877576324780264], [102.31451163466275, 16.877576325859764], [102.31451163538641, 16.877396677685223], [102.31460145408455, 16.877396677822638], [102.31460145547449, 16.877037382398157], [102.31451163694669, 16.877037382230693], [102.31451163776758, 16.876857734048286], [102.3143320008598, 16.876857733564844], [102.31433200089897, 16.87676790946523], [102.31424218247639, 16.876767909156772], [102.31424218256623, 16.87667808504898], [102.31406254578376, 16.87667808429861], [102.31406254598262, 16.876588261077586], [102.31397272762273, 16.876588260635682], [102.31397272809843, 16.876408612371783], [102.3138829098162, 16.876408611875355], [102.31388291042524, 16.876228964496274], [102.31387781865101, 16.87622896476151], [102.31378596266573, 16.876320819912237], [102.31350515521962, 16.87632081941509], [102.31336474994197, 16.8761804160768], [102.31329454783462, 16.87611021344708], [102.31329454799652, 16.876049314515843], [102.31262545026128, 16.876049312022104], [102.31262545028542, 16.876139136254466], [102.31262144979586, 16.876139135983443], [102.3126627291461, 16.876180415768047], [102.31280313305791, 16.8763208196956], [102.31294353827991, 16.876320820000796], [102.31308394250273, 16.87646122458122], [102.31322434598209, 16.87660162813959], [102.31329454828479, 16.876671830763105], [102.31329454862859, 16.87695263941153], [102.31336475015448, 16.877022841094142], [102.31343495268578, 16.877093043630335], [102.31343495276853, 16.877514255643884], [102.31350515553802, 16.877584458116456], [102.3136455593439, 16.877724862088417], [102.31371576131755, 16.877795063572645], [102.31371576102859, 16.87793546874745], [102.31371561081964, 16.877935618318926], [102.3138829032067, 16.877935618598585], [102.31388290305995, 16.878025442727267], [102.31397272210882, 16.878025443088486]], [[102.31891632905457, 16.87793563696789], [102.31891274351364, 16.87793314948895], [102.31891274389118, 16.877935637315122], [102.31891632905457, 16.87793563696789]], [[102.31322434616104, 16.87758445846612], [102.31294353858524, 16.87758445839955], [102.31289490004602, 16.877633095841787], [102.31289490030167, 16.87766614373507], [102.31298471830974, 16.8776661436734], [102.31298471865001, 16.87775596786394], [102.31316435568183, 16.87775596849438], [102.31316435517813, 16.87784579268444], [102.31334399226509, 16.877845793141937], [102.31334399185467, 16.87793561731632], [102.31343510190823, 16.877935617790012], [102.31343495304512, 16.877935468545516], [102.31343495355796, 16.877795064236455], [102.31336474977972, 16.8777248617653], [102.31329454794418, 16.877654660132563], [102.31322434616104, 16.87758445846612]], [[102.3187868670053, 16.877845813140013], [102.31873310760113, 16.877808513158687], [102.31873310728558, 16.877845812600075], [102.3187868670053, 16.877845813140013]], [[102.31865740505552, 16.87775598830534], [102.3186432897202, 16.877746194467], [102.31864328939024, 16.877755987831893], [102.31865740505552, 16.87775598830534]], [[102.31810437795002, 16.877666162618667], [102.31810437800192, 16.877576338810226], [102.3181941965162, 16.8775763391582], [102.31819419745511, 16.87748651443899], [102.31828401591928, 16.877486514755013], [102.31828401590221, 16.877396690960285], [102.31848006910258, 16.877396692600982], [102.31852976960164, 16.877037396210806], [102.31837383603329, 16.877037396058626], [102.31837383695148, 16.876947572252973], [102.3182840178131, 16.876947571946495], [102.31828401878198, 16.876857748132682], [102.31819419967866, 16.87685774777921], [102.31819419974521, 16.876767923069945], [102.31810438163002, 16.87676792355673], [102.31810438174725, 16.876678098839314], [102.31801456366713, 16.876678099279076], [102.31801456385084, 16.876588275455937], [102.3180114427862, 16.876588275483776], [102.31778748317178, 16.876812234323246], [102.31778748295042, 16.876952639022285], [102.31765528755106, 16.877084835564734], [102.31765528645826, 16.87721704108732], [102.31764707922294, 16.877217041384192], [102.31764707928097, 16.87748651291511], [102.31774510409998, 16.87748651318426], [102.3177451038696, 16.877576337023445], [102.31801455948012, 16.877576338422756], [102.31801455938565, 16.877666162238732], [102.31810437795002, 16.877666162618667]], [[102.33069718135397, 16.876639659281228], [102.3306576074738, 16.876600504452497], [102.33043695989501, 16.87656720177594], [102.33026375848917, 16.876652132103697], [102.33035366048351, 16.8767420326325], [102.33035837936993, 16.87674675185582], [102.33012757061026, 16.87674374407532], [102.33008937715196, 16.87689382519468], [102.33008581974124, 16.877146819918476], [102.33019002073054, 16.877146819384606], [102.33030352092028, 16.877033319698292], [102.33030352154141, 16.876806319808196], [102.33041702147025, 16.876692819201473], [102.33064402066326, 16.876692819497034], [102.33069718135397, 16.876639659281228]], [[102.33174449339985, 16.874388289893744], [102.33177902064584, 16.874422819156734], [102.33200602071079, 16.874195819671286], [102.33223302144766, 16.874422820004085], [102.33250581334194, 16.87442281997549], [102.33278510688554, 16.874326007166278], [102.33281818334098, 16.87442281991865], [102.33291402089068, 16.874422819858015], [102.33314102098795, 16.874649819869767], [102.33336802069572, 16.87487681954394], [102.33348152123158, 16.874990319692312], [102.33348152090902, 16.876352319921157], [102.33325452080425, 16.87657931934602], [102.33336802062487, 16.876692819403456], [102.33346762042966, 16.876792418657537], [102.33346769287253, 16.876787255018627], [102.33374904246482, 16.87679091736113], [102.33375170109791, 16.876601628770175], [102.33400417022717, 16.876601628560884], [102.3340743724502, 16.87667183091162], [102.33414457470981, 16.87674203232617], [102.33417052375736, 16.87676798169715], [102.33418190813417, 16.876767981353794], [102.3341819081099, 16.876678156961436], [102.33445136430797, 16.876678158477972], [102.33445136510132, 16.876588334092368], [102.33454118283905, 16.876588334541754], [102.33454118361382, 16.876498511065474], [102.33463100223865, 16.876498511467645], [102.33463100296315, 16.876408687095857], [102.33472082153783, 16.87640868746613], [102.33472082178908, 16.87635037583291], [102.33473811441654, 16.87635037582057], [102.33473811486834, 16.876318863991827], [102.33490045834802, 16.876318864656124], [102.3349004588375, 16.876242586895728], [102.33506146157217, 16.87624258761589], [102.33506146168419, 16.876229041027905], [102.33508009588712, 16.876229040800073], [102.33508009573413, 16.876188693514422], [102.33511535314938, 16.876188693315413], [102.33511535290779, 16.876139217184424], [102.3352597332497, 16.8761392177181], [102.33525973370865, 16.876049393396602], [102.3353495530132, 16.87604939440789], [102.33534955370158, 16.875981353666177], [102.33533800965496, 16.875969809530705], [102.33533801009722, 16.87582940510504], [102.33526780786092, 16.87575920321137], [102.33519760567701, 16.875689001283966], [102.33519760626316, 16.87554859683665], [102.33547841477433, 16.875267788574675], [102.33547841474845, 16.874986980660484], [102.3356188185099, 16.87484657556915], [102.33561881890341, 16.874706171167695], [102.33554861707746, 16.874635969308713], [102.33540821170824, 16.87449556552004], [102.33526780746998, 16.874355160678682], [102.33519760590599, 16.874284958650946], [102.33519760576996, 16.87414455510541], [102.33512740432035, 16.874074353033905], [102.33498699970379, 16.873933948820174], [102.33491679745823, 16.873863745760268], [102.33491679759008, 16.873723342172998], [102.33484659547477, 16.873653139971747], [102.33470619141713, 16.873512736370387], [102.33442538281898, 16.87351273607605], [102.33428497818899, 16.873372331222686], [102.33372336209823, 16.87337233170878], [102.33358295758202, 16.873512736472374], [102.33288093624199, 16.873512736553877], [102.33260012816045, 16.87379354416941], [102.33238414111213, 16.873793544116158], [102.33238415177817, 16.87379276311859], [102.3320331584781, 16.873788191344477], [102.33189810662316, 16.873653139796907], [102.33175770253595, 16.873512736520006], [102.33161729862663, 16.873372331303283], [102.33147689406643, 16.873372330868584], [102.33140669228376, 16.87344253396474], [102.3314066923226, 16.87358293797086], [102.3313364894931, 16.873653140172962], [102.33105568175465, 16.87365313976699], [102.3309152772438, 16.87351273581587], [102.33077487294248, 16.873372331729815], [102.33063446885075, 16.8732319275088], [102.32979204401678, 16.873231927367797], [102.32965163993543, 16.87337233167409], [102.32937083128078, 16.87337233160179], [102.32930062857943, 16.87344253411281], [102.32930062893205, 16.87358293836509], [102.3283880016242, 16.87449556590279], [102.32825918173093, 16.874495566449447], [102.3282999515894, 16.87461218573978], [102.328325073379, 16.874612185415973], [102.32832507371626, 16.8746257329783], [102.32834370881622, 16.874625733377506], [102.32834370834229, 16.874702009765308], [102.32843352658875, 16.874702010335298], [102.3284335265041, 16.874791834277026], [102.3285233447856, 16.874791834799993], [102.32852334576492, 16.874702010850594], [102.32854063834222, 16.874702011389395], [102.32854063770677, 16.874787416666404], [102.32864841982413, 16.87478741759111], [102.32864841984873, 16.874895205937733], [102.3287023104654, 16.87489520638095], [102.32870231057026, 16.87505688889095], [102.32881009282468, 16.875056889703227], [102.32881009275611, 16.875002995538907], [102.32886398431671, 16.875002995016388], [102.32886398423575, 16.87494910085454], [102.32891787485687, 16.874949101238194], [102.32891787570078, 16.874895207063588], [102.32897176630384, 16.87489520743576], [102.32897176711953, 16.874841312361195], [102.32897243744586, 16.874841312295427], [102.32897243718041, 16.874881659800863], [102.32905264774377, 16.87488166011909], [102.32908575279801, 16.87479437616611], [102.32909224781167, 16.87478741915717], [102.32929988576308, 16.874565023765552], [102.32923042746467, 16.87449556551278], [102.32916022491489, 16.874425363777362], [102.329230427019, 16.874355160359205], [102.32937083069645, 16.874355160433844], [102.32944103271929, 16.874284958766257], [102.32944103310047, 16.874144554525138], [102.32965163965417, 16.873933948538177], [102.32979204391724, 16.87393394926592], [102.32993244725967, 16.873793543927018], [102.33035366049216, 16.873793544379758], [102.33041352089562, 16.873853402977357], [102.33041092524054, 16.874038003405143], [102.33054454427925, 16.874039744212563], [102.33056502728849, 16.874037990227674], [102.33091185170655, 16.87397066097727], [102.33091185198879, 16.873817326810105], [102.33096574313782, 16.87381732759796], [102.33096574344486, 16.873763432619217], [102.33101963457585, 16.8737634333956], [102.33101963487051, 16.873709538419345], [102.33112741707782, 16.873709539032447], [102.331127416798, 16.873763433100823], [102.33118130792083, 16.873763433834554], [102.33118130765926, 16.87381732789998], [102.33123519879472, 16.87381732861678], [102.33123519855143, 16.873871222679274], [102.33128908968365, 16.873871222476705], [102.33128909014385, 16.87389742748803], [102.33130877838248, 16.87389360566685], [102.33137261937914, 16.87388121215692], [102.33139304967705, 16.873893605867924], [102.33139754320932, 16.873896331996935], [102.33165446386641, 16.87405218673373], [102.3317455664124, 16.87431193128009], [102.33174513374645, 16.87434272627054], [102.33174449339985, 16.874388289893744]], [[102.31505054865178, 16.876947560394836], [102.31505054927938, 16.87685773634079], [102.31514036767692, 16.876857736286407], [102.31514036827004, 16.876767912239217], [102.31540982425862, 16.876767913651427], [102.31540982473206, 16.87667808962613], [102.31549964303012, 16.87667809033128], [102.31549964391614, 16.876498442293773], [102.31540982476596, 16.876498441588744], [102.31540982682137, 16.876139146378254], [102.31567928183219, 16.876139146690466], [102.31567928143791, 16.876228970697152], [102.31576910043775, 16.876228971306258], [102.31576910009416, 16.876318795304766], [102.31585891819182, 16.876318795882064], [102.31585891789891, 16.876408619872404], [102.31603855507838, 16.87640861997591], [102.31603855487874, 16.876498443950567], [102.31612837397633, 16.87649844437921], [102.31612837289013, 16.876588268360884], [102.31621819202279, 16.876588268742523], [102.31621819089715, 16.876767916673703], [102.31630801010745, 16.87676791700084], [102.316308010155, 16.8766780930507], [102.31639782837793, 16.87667809336105], [102.31639782932825, 16.87658826940258], [102.31630801021065, 16.876588269099894], [102.31630801121167, 16.876498445133247], [102.31639782934943, 16.876498445458633], [102.31639783035335, 16.8763187975536], [102.31648764839841, 16.876318797854555], [102.31648764933858, 16.87622897390098], [102.31680465332504, 16.8762289743132], [102.31680465302595, 16.87596980958354], [102.31687485626354, 16.87589960777908], [102.31729606854547, 16.875899608314583], [102.3174364732263, 16.876040012132805], [102.31756547348931, 16.87604001172785], [102.31756547413518, 16.875690033930137], [102.31738583692383, 16.875690033258973], [102.3173858363609, 16.875779857141296], [102.3172061990501, 16.875779857229688], [102.31720619934737, 16.875869681111205], [102.31693674318124, 16.87586968006783], [102.31693674394901, 16.875779856148576], [102.31675710654729, 16.875779854939744], [102.31675710734022, 16.87560020708439], [102.31666728872112, 16.875600206856948], [102.31666728870371, 16.875510382928365], [102.31675710728021, 16.87551038316332], [102.31675710812179, 16.875330735304075], [102.3168469266056, 16.87533073551459], [102.31684692746461, 16.875240911583898], [102.31729602052678, 16.8752409138716], [102.31729602024372, 16.87515108999303], [102.31738583953451, 16.875151089966543], [102.31738583984476, 16.87497144220729], [102.3172960215764, 16.87497144220358], [102.31729602200427, 16.874791794426685], [102.31720620286052, 16.874791793481183], [102.31720620253905, 16.874787375681137], [102.3174390606178, 16.87478737648305], [102.3174390602516, 16.87484127117476], [102.31754684246869, 16.874841271647515], [102.3175468434998, 16.87467958849036], [102.31749295244647, 16.874679588704183], [102.31749295238804, 16.874635970335767], [102.31729606844758, 16.874635969912962], [102.3171556641539, 16.87449556579543], [102.31701525985082, 16.87449556545348], [102.31687485678964, 16.874355161071144], [102.3165940473782, 16.874355160785832], [102.31645364377644, 16.874214756956654], [102.31617283447869, 16.87421475695829], [102.31603243125785, 16.874074352764666], [102.31589202713576, 16.874074352498372], [102.31575162235139, 16.873933948987958], [102.31561121776078, 16.87379354444032], [102.31547081431698, 16.87365313974271], [102.31544509317702, 16.873627418516378], [102.3154450929296, 16.87365558816612], [102.31539120112475, 16.87365558778947], [102.315391201052, 16.873709482573776], [102.3152834192781, 16.87370948175292], [102.31528341824036, 16.873763376557545], [102.31522952733401, 16.87376337612849], [102.31522952722109, 16.873817270920444], [102.31512174536967, 16.873817270025143], [102.315121745229, 16.873871164822244], [102.31501396239884, 16.87387116389068], [102.31501396204919, 16.873978952592562], [102.3149061800999, 16.873978952502238], [102.31490617989093, 16.87403284640702], [102.31485228796751, 16.87403284680964], [102.3148522877461, 16.874086740716887], [102.3147983967419, 16.874086741092835], [102.31479839629297, 16.874194529814456], [102.31474450523967, 16.874194529279162], [102.31474450499637, 16.874248423191116], [102.31474450477174, 16.874302318005274], [102.31496074033033, 16.87430231820003], [102.31496074080798, 16.874342666173966], [102.31478110354841, 16.874342665710167], [102.31478110236348, 16.87449556597947], [102.31504960169615, 16.874495565818403], [102.31519000561022, 16.874635969838284], [102.31547081388331, 16.874635969302457], [102.31554101600462, 16.87470617114704], [102.31554101604281, 16.87512738428163], [102.31533040890625, 16.875337990141777], [102.31490919718061, 16.875337989846425], [102.31448798420703, 16.875759203096234], [102.31434757958736, 16.875759202876374], [102.31406254853883, 16.876044235000737], [102.31406254820446, 16.876049317210413], [102.31415236630133, 16.876049317657895], [102.3141523661122, 16.876139141777767], [102.31433200330585, 16.87613914252415], [102.31433200319424, 16.87622896572589], [102.31442182135375, 16.87622896603994], [102.31442182130857, 16.876318790135947], [102.31451163950317, 16.87631879040301], [102.31451163863663, 16.87667808676572], [102.31460145699407, 16.876678086963224], [102.31460145705883, 16.876767910138533], [102.3147810938521, 16.87676791130256], [102.31478109308864, 16.87685773537978], [102.31496073085857, 16.876857735453253], [102.31496073018837, 16.876947559514814], [102.31505054865178, 16.876947560394836]], [[102.3300153240147, 16.875664270043785], [102.33031904255265, 16.875500760439095], [102.33031904267182, 16.875495209807575], [102.3303180142245, 16.875488050164254], [102.33026515197513, 16.87548804969788], [102.3302651518876, 16.875380260601748], [102.33015736959592, 16.875380260589537], [102.33015737051869, 16.875272471466364], [102.33004958827746, 16.87527247138643], [102.3300495884289, 16.87523047470907], [102.32996099990685, 16.87521710322783], [102.32997063943824, 16.875337613339177], [102.32966369675286, 16.875466337398674], [102.32965163981862, 16.875478394794392], [102.32963494626931, 16.875478394549713], [102.32962399685525, 16.875482986752274], [102.32956820483683, 16.875702233655186], [102.32965163978251, 16.875618798992708], [102.32979204341974, 16.875618799529665], [102.32986224575167, 16.875689000936667], [102.3299294670306, 16.875756222272734], [102.3300153240147, 16.875664270043785]], [[102.3107672726655, 16.87582940463043], [102.31076727244545, 16.875690010122355], [102.31073926156941, 16.875690009883332], [102.31073926158835, 16.875779833358298], [102.31046980596005, 16.875779832759058], [102.31046980527638, 16.875812747139122], [102.31055666636416, 16.87589960816663], [102.31069707059864, 16.875899608280648], [102.3107672726655, 16.87582940463043]], [[102.31980422315041, 16.874986865715922], [102.32013629589407, 16.87486395502187], [102.32016298558922, 16.87473944308273], [102.31980586005207, 16.874820087707516], [102.31985845608833, 16.874248442077686], [102.31970249123587, 16.874248441276038], [102.31970249170071, 16.874140653001888], [102.31964859995597, 16.87414065286988], [102.31964860044735, 16.874032863686914], [102.31959470966783, 16.874032863520057], [102.31959470942198, 16.87402218011131], [102.3195425362802, 16.87407435321894], [102.31940213201695, 16.873933949038886], [102.3192617270102, 16.87379354383677], [102.31898091900855, 16.87379354397685], [102.31891071714593, 16.873723341654017], [102.31884051535147, 16.873653140199906], [102.31848950442681, 16.87400415116143], [102.31848950431355, 16.87414455489808], [102.31841930230642, 16.874214757046715], [102.31827889742372, 16.87421475664895], [102.31808575555637, 16.874407898842712], [102.31808575591579, 16.874410118570296], [102.3181043902196, 16.874410119019707], [102.31810439048904, 16.87443250140204], [102.3181935381026, 16.87443250112574], [102.31819353765063, 16.874464013400743], [102.31828402688801, 16.874464013909233], [102.3182840270743, 16.87452232545318], [102.31837384600009, 16.87452232594751], [102.31837384580012, 16.87461214975558], [102.3184636638237, 16.87461215021811], [102.31846366367448, 16.874701974018034], [102.31855348267037, 16.874701974418365], [102.31855348163457, 16.874791798225306], [102.31873244841915, 16.874791798939842], [102.31873244806387, 16.874841275772823], [102.31873311933387, 16.87484127572545], [102.31873311876224, 16.874881623586177], [102.31878633949364, 16.874881623969976], [102.31878633914383, 16.874949064471366], [102.31873244806036, 16.87494906412316], [102.31873244713361, 16.875002958764384], [102.31851688272707, 16.875002958142705], [102.31851688267918, 16.875056852779345], [102.31873244714703, 16.875056853390177], [102.31873244716338, 16.87511074801574], [102.31900190276788, 16.87511074867157], [102.31900190282475, 16.875121368899237], [102.31921955981693, 16.875091342064202], [102.31969680687278, 16.875008426836125], [102.31980422315041, 16.874986865715922]], [[102.31111422180057, 16.87506124330349], [102.31125868689698, 16.874916778418385], [102.31136799507901, 16.874916778238667], [102.31136799522126, 16.874791772868427], [102.31145781385291, 16.874791772785322], [102.31145781536122, 16.874342653817774], [102.31154763377245, 16.874342653732718], [102.31154763509393, 16.874163005963506], [102.31160969873747, 16.87416300606861], [102.31160969844235, 16.874144554833034], [102.31163745365787, 16.874116800117722], [102.31163745439828, 16.8738935346842], [102.31172727351887, 16.873893534542535], [102.3117272738137, 16.873713886811984], [102.31181709285734, 16.873713887548327], [102.31181709281849, 16.873655574777302], [102.31183438553812, 16.873655574941754], [102.31183438539088, 16.87370946988931], [102.31204478282903, 16.873709471117824], [102.31210111307256, 16.873653140427074], [102.31258886121915, 16.8736531405058], [102.31258886224978, 16.873386105935342], [102.31253497133136, 16.873386105679295], [102.31253497131254, 16.873332211667915], [102.31248108040674, 16.873332211394946], [102.31248108102376, 16.873231927517423], [102.3116799000318, 16.873231927353245], [102.311328889302, 16.873582937915252], [102.3113288894465, 16.873723342501854], [102.31118848507731, 16.873863746268935], [102.3111884851573, 16.874004150870686], [102.31104808143445, 16.874144554577967], [102.31104808148527, 16.874425363810158], [102.31090767644996, 16.874565767504695], [102.31090767640502, 16.87470617123268], [102.31082908385505, 16.87478476394167], [102.3108290841796, 16.874791770718044], [102.310918901919, 16.874791770886937], [102.31091890195793, 16.87488159525589], [102.31100872066968, 16.874881595362666], [102.31100871990397, 16.875061243196296], [102.31111422180057, 16.87506124330349]], [[102.31301999296673, 16.872954952785985], [102.31301999377055, 16.872901058781878], [102.31323555865353, 16.872901059276245], [102.3132355584617, 16.872847165297866], [102.31325419268022, 16.8728471653142], [102.31325419309829, 16.872905477108624], [102.3134338301721, 16.872905478237296], [102.3134338300563, 16.872815654048992], [102.31371576109993, 16.872815655349168], [102.31371576116373, 16.872740512708525], [102.31364555860755, 16.872670310910788], [102.313575357041, 16.87260010906419], [102.31357535726465, 16.872459704727984], [102.31350515485939, 16.872389501950448], [102.31336474981238, 16.87238950156288], [102.31315414423185, 16.872600108696293], [102.31315414463738, 16.87274051216835], [102.3129397043216, 16.87295495270409], [102.31301999296673, 16.872954952785985]]]}}, {"type": "Feature", "properties": {"tambon": "ต.โคกม่วง", "amphoe": "อ.โนนสัง", "cls": 3, "label": "ท่วมซ้ำซากเป็นครั้งคราว", "desc": "ประสบน้ำท่วมไม่เกิน 3 ครั้ง ใน 10 ปี", "color": "#38bdf8"}, "geometry": {"type": "Polygon", "coordinates": [[[102.38696380122592, 16.89157467493484], [102.38691892981815, 16.891512951288142], [102.38691422610647, 16.89150208641518], [102.38675117693124, 16.891125521092683], [102.38667437167386, 16.891020699437966], [102.38645762606554, 16.891017930965685], [102.38646025922174, 16.890826755246696], [102.386360885937, 16.89074574323932], [102.38617997458554, 16.89074343285062], [102.38618195350904, 16.8905998706575], [102.3861625106471, 16.890584020692483], [102.38605949840975, 16.890579532617686], [102.38600197736795, 16.89067455641001], [102.38605054827039, 16.890674555877332], [102.38605054721039, 16.89078234515225], [102.3861044387658, 16.8907823449992], [102.38610443766414, 16.89099792261732], [102.3860505469685, 16.890997921863523], [102.38605054534338, 16.89126739367302], [102.38599665458435, 16.891267393821195], [102.38599665354312, 16.891375182194142], [102.38594276275063, 16.891375182333597], [102.38594276221914, 16.89142907652248], [102.38578108882568, 16.89142907597696], [102.38578108940324, 16.891375181779807], [102.38561941603096, 16.89137518109796], [102.38561941572404, 16.89148296949311], [102.38556552394425, 16.89148296955404], [102.3855655239449, 16.89164465304794], [102.38561941483346, 16.89164465299426], [102.38561941455633, 16.89175244138708], [102.38567330548895, 16.891752442216006], [102.38567330490157, 16.89180633641707], [102.38572719676792, 16.891806336311127], [102.38572719640268, 16.891752442128332], [102.3858888700807, 16.891752442666824], [102.38588887060968, 16.891698548476576], [102.385942761497, 16.89169854833475], [102.38594276159591, 16.891590759974594], [102.38599665338705, 16.89159075980856], [102.38599665295699, 16.891536865638667], [102.38621221819028, 16.891536866679093], [102.38621221768568, 16.891482971617638], [102.38637389201227, 16.891482972700302], [102.38637389148073, 16.891429078549262], [102.38653556478303, 16.89142907862533], [102.3865355651457, 16.891375184466828], [102.3865894568612, 16.89137518505774], [102.38658945719538, 16.891321289999382], [102.38664334795548, 16.891321290594345], [102.38664334861822, 16.891213501384865], [102.38669723934485, 16.89121350197113], [102.38669723901928, 16.89126739612202], [102.3867511306958, 16.891267396675783], [102.3867511300843, 16.891375184971384], [102.38680502085148, 16.891375185520896], [102.38680502056555, 16.89142907966558], [102.38675112979915, 16.891429080021204], [102.38675112950087, 16.89148297416842], [102.38664334697569, 16.89148297395564], [102.38664334758697, 16.89153686809264], [102.3865894558282, 16.89153686752424], [102.3865894557754, 16.891698550875507], [102.38664334662684, 16.89169855054875], [102.38664334601775, 16.891806339754037], [102.38669619997341, 16.89180634032627], [102.38692272691759, 16.89163619854876], [102.38697120802422, 16.891584863202652], [102.38696380122592, 16.89157467493484]], [[102.38615832831535, 16.89110571170006], [102.3861583287872, 16.89105181661846], [102.38621221949266, 16.891051817341044], [102.38621221995732, 16.89110571150199], [102.38615832831535, 16.89110571170006]]]}}, {"type": "Feature", "properties": {"tambon": "ต.โคกม่วง", "amphoe": "อ.โนนสัง", "cls": 3, "label": "ท่วมซ้ำซากเป็นครั้งคราว", "desc": "ประสบน้ำท่วมไม่เกิน 3 ครั้ง ใน 10 ปี", "color": "#38bdf8"}, "geometry": {"type": "Polygon", "coordinates": [[[102.37642798365634, 16.894103962549977], [102.37642798445114, 16.894014138783337], [102.37651780348898, 16.89401413830858], [102.3765178033121, 16.893924314564412], [102.37669744037437, 16.893924315331923], [102.37669744076751, 16.89387353667649], [102.37628665247654, 16.893868271597093], [102.37628339307282, 16.894103961698313], [102.37642798365634, 16.894103962549977]], [[102.3778281205295, 16.893565023831805], [102.37782812112023, 16.89353637550233], [102.3776933925675, 16.893536375206335], [102.37769339340059, 16.89340163925274], [102.37755866586384, 16.893401638835133], [102.37755866587415, 16.893266902878327], [102.37742393841614, 16.8932669023546], [102.37742393855704, 16.893132167281486], [102.37714113742854, 16.893132166026096], [102.37713945519513, 16.893253800746404], [102.3771272489258, 16.893253800973692], [102.37712724871659, 16.893608095102778], [102.37685316933565, 16.893604581777844], [102.3768499904761, 16.89383449257645], [102.377415989613, 16.893834494024247], [102.37741598996355, 16.893744670339807], [102.37750580880535, 16.89374467035569], [102.37750580851352, 16.89383449493486], [102.37759562645302, 16.893834494919044], [102.37759562671827, 16.893744671249905], [102.37777526437971, 16.893744671986425], [102.37777526474835, 16.893565023774446], [102.3778281205295, 16.893565023831805]], [[102.38222426878524, 16.892453055833695], [102.38222426938195, 16.892399161474277], [102.38227816064044, 16.89239916136157], [102.38227816028747, 16.892345267020197], [102.38233205154394, 16.89234526779841], [102.38233205191224, 16.892399162137036], [102.38249372474165, 16.892399162588806], [102.3824937252646, 16.89234526824295], [102.38265539896041, 16.892345268559442], [102.38265539929608, 16.892324107806], [102.38206259643786, 16.892316526165686], [102.38206259621961, 16.892345266456694], [102.38211648747102, 16.892345266389423], [102.38211648715051, 16.892453055104035], [102.38222426878524, 16.892453055833695]], [[102.38200870507991, 16.892315836596595], [102.38184703194531, 16.892313768690403], [102.38184703140047, 16.892399160044537], [102.38190092267826, 16.892399160031434], [102.38190092198944, 16.892453054407383], [102.38200870458354, 16.892453055235357], [102.38200870507991, 16.892315836596595]], [[102.37755867065695, 16.89221766433623], [102.37750581430136, 16.892217664157045], [102.37750581520659, 16.89203801587708], [102.3774376971769, 16.89203801580519], [102.37743466651112, 16.89225727639999], [102.37715328479598, 16.89225367069711], [102.37715231561009, 16.89232375047077], [102.37755867023176, 16.892323751980285], [102.37755867065695, 16.89221766433623]], [[102.3774239447592, 16.891588896940775], [102.3774239456356, 16.89138060030783], [102.37728921762884, 16.891380599485043], [102.37728921812575, 16.891245864374284], [102.3771544901977, 16.891245863445395], [102.37715449079305, 16.89111112741358], [102.37696690782354, 16.891111126891243], [102.37696690575888, 16.891499071083317], [102.37687708699981, 16.89149907065449], [102.37687708584646, 16.891948190236814], [102.37678726686656, 16.891948189806744], [102.37678726664758, 16.891978028755773], [102.37723635994584, 16.891983784022052], [102.37723635981497, 16.89194819159292], [102.37714654086568, 16.891948191320896], [102.37714654216154, 16.891768542975836], [102.37723636102557, 16.89176854326315], [102.377236360714, 16.891678719563952], [102.37732617952773, 16.891678719819417], [102.37732618011906, 16.891588896111752], [102.3774239447592, 16.891588896940775]], [[102.37795491070537, 16.891380603041657], [102.37782812955257, 16.891380602242673], [102.37782812851297, 16.891499073340913], [102.37786509200751, 16.89149907411603], [102.37786509235957, 16.891409250452988], [102.37795491099182, 16.891409250454803], [102.37795491070537, 16.891380603041657]], [[102.37693550240448, 16.89003323965076], [102.37693550253336, 16.89015171173359], [102.37687709263545, 16.890151711794744], [102.37687709263614, 16.89024153553557], [102.376787273529, 16.89024153497557], [102.3767872734953, 16.89033135872341], [102.37669745435396, 16.890331359033937], [102.37669745428586, 16.890421182788774], [102.37660763601544, 16.890421182149577], [102.37660763553808, 16.890511195474424], [102.37657622630873, 16.890511194840567], [102.37657622558325, 16.890572181604426], [102.37675030908527, 16.890572182431388], [102.37675031006127, 16.89043744634062], [102.37688503746541, 16.890437447639542], [102.37688503836405, 16.890302711564537], [102.37701976657631, 16.890302711873925], [102.3770197673002, 16.890033239769423], [102.37693550240448, 16.89003323965076]], [[102.3782005213158, 16.889702596827068], [102.37820052091772, 16.88958225638812], [102.37781755561457, 16.88946505973657], [102.37774767473448, 16.88935981707849], [102.37749586480766, 16.889299340656258], [102.37742395363725, 16.88922822449065], [102.37742395339221, 16.88935956202053], [102.3775586818175, 16.88935956298174], [102.37755868072183, 16.88962903407616], [102.37769340838445, 16.88962903492952], [102.37769340719214, 16.890033242862128], [102.37755867924174, 16.890033242060436], [102.37755867878553, 16.89016797805226], [102.37769340589456, 16.890167978852208], [102.37769340553679, 16.890302713922964], [102.37809758892284, 16.890302715706746], [102.37809758888748, 16.890437451626774], [102.37813455121186, 16.890437451503416], [102.37813455491813, 16.889702596527837], [102.3782005213158, 16.889702596827068]], [[102.37526035987857, 16.88949429070645], [102.37472939607721, 16.889494288183133], [102.37472939584475, 16.8893595527713], [102.37469004096306, 16.889359551988296], [102.37469004070957, 16.88943330146028], [102.37472144886281, 16.889433301529465], [102.37472144881107, 16.88970258370657], [102.37481126688502, 16.889702584334334], [102.37481126672567, 16.8898822321428], [102.37490108487724, 16.88988223271574], [102.3749010848526, 16.889972056611352], [102.37508072213923, 16.889972056705574], [102.37508072207864, 16.889882232825283], [102.37517054020724, 16.8898822332797], [102.37517054104954, 16.889792409390925], [102.37526035912788, 16.889792409813477], [102.37526035987857, 16.88949429070645]], [[102.37531876993226, 16.889359554889808], [102.37526830784715, 16.88935955421738], [102.37526830780291, 16.889433302746554], [102.37531876990772, 16.88943330341546], [102.37531876993226, 16.889359554889808]], [[102.3755298178209, 16.889090083967027], [102.37540303700584, 16.889090083206984], [102.37540303620409, 16.88925365560184], [102.37540858935239, 16.889253656059232], [102.37540859013944, 16.889163832186203], [102.37549840883649, 16.889163832542085], [102.37549840922884, 16.889163643881236], [102.37552981825057, 16.889163643818662], [102.3755298178209, 16.889090083967027]], [[102.37553776436528, 16.88907400841153], [102.37580722027253, 16.889074009213157], [102.37580722138446, 16.88882061303705], [102.37553776583795, 16.888820612170676], [102.37553776436528, 16.88907400841153]], [[102.37701977279264, 16.88867639137854], [102.37701977300365, 16.888685880948696], [102.37711622641284, 16.888685882148124], [102.37711383375684, 16.88867082208934], [102.3771082644905, 16.888676391300113], [102.37701977279264, 16.88867639137854]], [[102.37675031765481, 16.888445056923313], [102.37675031730421, 16.888551144665417], [102.37692304134234, 16.888551145517248], [102.37692326647205, 16.888534881438723], [102.37687709865693, 16.888534880662032], [102.37687709975037, 16.888445056893428], [102.37675031765481, 16.888445056923313]], [[102.37648086262774, 16.888265407840475], [102.37648086246584, 16.888281671823123], [102.37660764448434, 16.88828167198019], [102.37660764463538, 16.888265407999494], [102.37648086262774, 16.888265407840475]], [[102.3752683119014, 16.888165235399146], [102.37523982076135, 16.888164870430582], [102.37523820533572, 16.888281667849977], [102.3752683119578, 16.888281667672143], [102.3752683119014, 16.888165235399146]], [[102.37552149591694, 16.88814693313269], [102.37580722354824, 16.888146933799785], [102.37580722459265, 16.8880121975777], [102.37621140841622, 16.888012199384093], [102.37621140764348, 16.888146934652138], [102.37633818866686, 16.888146935008155], [102.37633818907483, 16.88808575957341], [102.37621696212341, 16.88808575873373], [102.37621696225833, 16.887996124484232], [102.37615855204861, 16.887996124235908], [102.37615855242447, 16.887995934672766], [102.37612714361525, 16.8879959347973], [102.37612714378487, 16.887906299637116], [102.37606873359789, 16.88790629935813], [102.37606873398994, 16.887906110697354], [102.37597891593833, 16.887906110485225], [102.37597891564127, 16.88781628666648], [102.37567805183835, 16.88781628583565], [102.37567805129987, 16.887726650651466], [102.37540859540321, 16.887726649366083], [102.37540859542139, 16.887816473234032], [102.3752446397859, 16.8878164725786], [102.3752435680878, 16.887893966749974], [102.37551028183319, 16.887897386664577], [102.37551028124544, 16.887998657070828], [102.3755235466191, 16.887998656674103], [102.37552149591694, 16.88814693313269]]]}}, {"type": "Feature", "properties": {"tambon": "ต.ศรีบุญเรือง", "amphoe": "อ.ศรีบุญเรือง", "cls": 3, "label": "ท่วมซ้ำซากเป็นครั้งคราว", "desc": "ประสบน้ำท่วมไม่เกิน 3 ครั้ง ใน 10 ปี", "color": "#38bdf8"}, "geometry": {"type": "Polygon", "coordinates": [[[102.294589454163, 16.90079477649041], [102.29457106321496, 16.900734939404146], [102.29449006789055, 16.900873910010603], [102.29446529179229, 16.90089155823377], [102.29455058576285, 16.900891557994147], [102.29460877449344, 16.900833368573114], [102.294589454163, 16.90079477649041]], [[102.29358382120483, 16.899313638614284], [102.29358382160248, 16.89922381487485], [102.29376345855515, 16.89922381493221], [102.29376345887556, 16.899133991207044], [102.2938532773059, 16.89913399163514], [102.29385327759171, 16.899044167916784], [102.29394309597191, 16.899044168312802], [102.29394309622313, 16.89895434460125], [102.294032915475, 16.898954344047656], [102.29403291569159, 16.898864520342915], [102.29406790853206, 16.89886452090812], [102.29416316853806, 16.898437929907807], [102.29416807596971, 16.89832557756388], [102.29412273610623, 16.89832557755984], [102.29412273633658, 16.898235753857996], [102.29403291835509, 16.89823575347384], [102.29403291843288, 16.898074315618583], [102.2939199302705, 16.898034945443452], [102.29382251331673, 16.89796494355824], [102.2938067954689, 16.897876457132597], [102.29376346322218, 16.89787645629371], [102.29376346456988, 16.897606985086775], [102.29380558433654, 16.89760698469977], [102.29382298874316, 16.897521857345936], [102.29300613997536, 16.897521856539104], [102.29279553313674, 16.897732463002615], [102.29279553355515, 16.897786628632943], [102.29286527792574, 16.897786629617848], [102.29286527799549, 16.897876453412348], [102.29313473354026, 16.897876454242027], [102.29313473280862, 16.897966278028605], [102.29326373853348, 16.8979662788129], [102.29328694755687, 16.897943069105878], [102.29370816020722, 16.897943069080572], [102.29377836209821, 16.898013271915566], [102.29377836198599, 16.89815367565101], [102.29363795868815, 16.898294079262808], [102.29363795852673, 16.89843448391575], [102.29349755401566, 16.898574888400006], [102.29356775610523, 16.898645090374032], [102.29363795824725, 16.898715292314368], [102.29363795812918, 16.89885569606004], [102.29356775671798, 16.89892589877098], [102.29349755448885, 16.898855695914342], [102.29342735232787, 16.898785493926496], [102.29335715084595, 16.898855696574515], [102.29335715055481, 16.89899610125752], [102.29307634201882, 16.899276909051327], [102.29311307015394, 16.89931363767861], [102.29358382120483, 16.899313638614284]], [[102.29438991289608, 16.89845680840045], [102.29453517717211, 16.89838393390747], [102.29480628364932, 16.898398193067294], [102.29502092102945, 16.898473724328163], [102.29502092159282, 16.898325580867123], [102.29504200028772, 16.898325580680154], [102.29504200029456, 16.89829407958114], [102.29497179883023, 16.89822387726756], [102.29483139513725, 16.89808347345698], [102.29469098939717, 16.89808347317474], [102.29468727830931, 16.89807976141937], [102.2946387224379, 16.898108089944607], [102.29457183032363, 16.89811531229351], [102.29457182990681, 16.898145931460228], [102.29448201106788, 16.89814593128135], [102.29448201100007, 16.898235754954015], [102.29439219211105, 16.898235754743055], [102.29439219200864, 16.898325578422533], [102.29430237306951, 16.898325578179527], [102.29430237293252, 16.898415401865815], [102.29425797634734, 16.898415402047227], [102.2942564591019, 16.898450142171722], [102.29416365099935, 16.89886452148793], [102.29421255318157, 16.898864520952092], [102.2942125521285, 16.89895434555945], [102.2942822790118, 16.89895434536927], [102.29430385051629, 16.898848842508723], [102.29431666923621, 16.898578914926038], [102.29438991289608, 16.89845680840045]]]}}, {"type": "Feature", "properties": {"tambon": "ต.ศรีบุญเรือง", "amphoe": "อ.ศรีบุญเรือง", "cls": 3, "label": "ท่วมซ้ำซากเป็นครั้งคราว", "desc": "ประสบน้ำท่วมไม่เกิน 3 ครั้ง ใน 10 ปี", "color": "#38bdf8"}, "geometry": {"type": "Polygon", "coordinates": [[[102.2982340340682, 16.90077152509725], [102.29818762414054, 16.90056608808299], [102.29803809022874, 16.900344115572395], [102.29782865681236, 16.900211893264608], [102.29758122865675, 16.90021189242499], [102.297575606627, 16.90042182022432], [102.29742185263916, 16.900424299546653], [102.29740895580514, 16.900211891788285], [102.29708674256207, 16.90021189019305], [102.29708674205725, 16.900301714566748], [102.29699692330986, 16.900301713853786], [102.29699692222343, 16.900481361711712], [102.29690710432067, 16.900481360959045], [102.29690710375472, 16.900571185345726], [102.29699692262186, 16.900571185173366], [102.29699692158377, 16.900750833027363], [102.29690710263134, 16.90075083321466], [102.29690710318116, 16.900661008829292], [102.2968172842639, 16.900661008969593], [102.29681728548871, 16.900481361084402], [102.29672746664929, 16.90048136117024], [102.29672746730857, 16.900391536767962], [102.29663764850434, 16.900391536806808], [102.29663764921433, 16.90030171239641], [102.29645801166876, 16.900301712340553], [102.29645801179518, 16.900391535848332], [102.29627837413442, 16.9003915356493], [102.29627837418357, 16.900481359171355], [102.29624645012662, 16.90048135921682], [102.29626977248861, 16.90050468038918], [102.29649602049162, 16.900501033304494], [102.296690497063, 16.900518669582237], [102.29683299586102, 16.900695341279185], [102.29685409923961, 16.900883791571506], [102.29685718708878, 16.900891558372766], [102.2970778615668, 16.900891558016696], [102.29735867075424, 16.900610748893673], [102.2976394787753, 16.90061074874999], [102.29777988366824, 16.90075115356174], [102.29792028726865, 16.900751153237714], [102.29799048889156, 16.90082135509955], [102.29799048951743, 16.901101211857736], [102.29809842090148, 16.901084034723908], [102.29819741980508, 16.901007310735253], [102.2982340340682, 16.90077152509725]], [[102.29484127618623, 16.900571178264183], [102.29484127679575, 16.900481353720867], [102.29466163973403, 16.900481353001116], [102.2946616390392, 16.900571177559357], [102.2946185040508, 16.900571176530658], [102.29467720330061, 16.900762164926537], [102.29467812999027, 16.90076401410013], [102.29487096581661, 16.900571178330434], [102.29484127618623, 16.900571178264183]], [[102.29484127880995, 16.89994241008722], [102.29484127855416, 16.89985258645689], [102.29493109725182, 16.899852587253392], [102.29493109853817, 16.899672939073], [102.29502091712739, 16.899672938942473], [102.29502091734956, 16.89948751522845], [102.29486856092467, 16.899487515509332], [102.29475146218824, 16.899500158860235], [102.29475146080215, 16.89985258650819], [102.29472100707264, 16.899852586079117], [102.29470088856482, 16.89994240978143], [102.29484127880995, 16.89994241008722]]]}}, {"type": "Feature", "properties": {"tambon": "ต.ศรีบุญเรือง", "amphoe": "อ.ศรีบุญเรือง", "cls": 3, "label": "ท่วมซ้ำซากเป็นครั้งคราว", "desc": "ประสบน้ำท่วมไม่เกิน 3 ครั้ง ใน 10 ปี", "color": "#38bdf8"}, "geometry": {"type": "Polygon", "coordinates": [[[102.28163793945606, 16.901918489028215], [102.28163793968442, 16.901828665310067], [102.28172775843105, 16.901828665466272], [102.2817277588265, 16.90164901804287], [102.28163794016521, 16.901649017871797], [102.28163794159988, 16.901469369513375], [102.28154812301644, 16.901469369287895], [102.28154812297568, 16.90139804598577], [102.28128238771545, 16.90166378069189], [102.28128238819743, 16.901804184952304], [102.28135258976621, 16.90187438714935], [102.28139669073627, 16.901918488848644], [102.28163793945606, 16.901918489028215]], [[102.28217685298819, 16.901379548164208], [102.28217685395916, 16.901199899891065], [102.28226667237823, 16.901199900764627], [102.282266673296, 16.90102025250373], [102.28235649160669, 16.90102025245015], [102.28235649338296, 16.900571133184837], [102.2821768562276, 16.90057113229069], [102.2821768564212, 16.90039148492324], [102.2820870383942, 16.900391484845702], [102.28208704013804, 16.89994236455845], [102.28199722137943, 16.89994236441925], [102.28199722161366, 16.899852540716395], [102.28190740289027, 16.899852540530244], [102.2819074031752, 16.899762716819296], [102.28177941050683, 16.8997627162435], [102.28170360061583, 16.899838525767528], [102.28170360023383, 16.899978930911807], [102.28156319666806, 16.90011933413502], [102.28156319671547, 16.900400143534387], [102.281633398673, 16.900470344798002], [102.28170360069862, 16.90054054693046], [102.28170360011902, 16.90082135539643], [102.28177380233653, 16.900891558377975], [102.28184400459091, 16.90096176042338], [102.28172776090268, 16.901078003779514], [102.28172776112729, 16.901110074839362], [102.28190739791576, 16.901110075152147], [102.28190739761027, 16.901289723456163], [102.28199721607866, 16.901289723538376], [102.28199721597278, 16.901379547230746], [102.28217685298819, 16.901379548164208]], [[102.28181758088559, 16.900930426678958], [102.2818175813562, 16.90075077925727], [102.28199721872603, 16.900750779535436], [102.28199721765021, 16.90084060414925], [102.28208703683534, 16.90084060421409], [102.28208703579456, 16.900930427917327], [102.2819972175042, 16.900930427844884], [102.28199721736624, 16.90102025153986], [102.2819073990258, 16.901020251435334], [102.28190739920643, 16.900930427732916], [102.28181758088559, 16.900930426678958]], [[102.28325468044845, 16.900122017246503], [102.28325468099135, 16.900032192731558], [102.28334449970413, 16.900032193212418], [102.28334450022804, 16.899942369606713], [102.28343431889073, 16.899942370055495], [102.2834343198617, 16.899762721954545], [102.28352413843163, 16.899762722378657], [102.283524138412, 16.899583074305013], [102.28379359475876, 16.899583075369808], [102.28379359510956, 16.89949325179804], [102.2838834135218, 16.899493252086362], [102.28388341382235, 16.899403427618896], [102.28397323218454, 16.899403427875153], [102.2839732324661, 16.899313604316944], [102.28406305171558, 16.89931360452605], [102.28406305198105, 16.899249488691588], [102.28402026996658, 16.899206706924577], [102.28387986586559, 16.89920670651072], [102.28373946169388, 16.89906630290056], [102.28366925967893, 16.898996100593777], [102.2836692596923, 16.898855696580128], [102.28387986529387, 16.89864509056511], [102.28402026989983, 16.8986450901342], [102.28423087578953, 16.898434483847428], [102.28421021341778, 16.89841382195299], [102.28417050808707, 16.898422453158133], [102.28414924179592, 16.89836428202274], [102.28402027044501, 16.89836428127062], [102.28387986519998, 16.898504686574718], [102.2837394616018, 16.89850468597336], [102.28359905718217, 16.898364281262094], [102.28345865273008, 16.89836428136693], [102.28331824862194, 16.898223877308855], [102.28324804048306, 16.898153671266073], [102.28317784472365, 16.89808347311624], [102.28303744078832, 16.898223877886696], [102.28289703636773, 16.898223877587046], [102.28282683424563, 16.898294079007425], [102.28282683354422, 16.898434484039033], [102.28275663228112, 16.89850468633965], [102.28247582294787, 16.898504686232613], [102.28233541931813, 16.89836428139105], [102.2821950156555, 16.89836428151412], [102.28212481350145, 16.898294079444266], [102.28205461139983, 16.898223877340786], [102.28135258952592, 16.8982238777988], [102.28125093583266, 16.898325531476914], [102.28127867883161, 16.89832553141293], [102.28127867905722, 16.898415355171412], [102.2813684971503, 16.8984153557532], [102.28136849614397, 16.89868482793489], [102.28145831434195, 16.898684827552373], [102.28145831411413, 16.898864475951168], [102.28154813240559, 16.89886447641673], [102.28154813280727, 16.89895430014894], [102.28163795113393, 16.898954300567553], [102.28163795064886, 16.899044124306716], [102.28190740664958, 16.89904412528804], [102.28190740630049, 16.89913394900425], [102.28199722468268, 16.899133949249887], [102.28199722438426, 16.899223772957995], [102.28208704280169, 16.899223773156674], [102.28208704256954, 16.899313597759168], [102.2822666794674, 16.899313598023085], [102.28226667931294, 16.89940342170757], [102.28244631628196, 16.899403422700992], [102.28244631622084, 16.89949324636995], [102.28253613474466, 16.899493247251154], [102.2825361347342, 16.899583070912023], [102.2826259532776, 16.899583070843804], [102.28262595239603, 16.8996728954141], [102.28271577097466, 16.89967289529892], [102.28271577106553, 16.899762718943595], [102.282805589695, 16.89976271968393], [102.28280558889915, 16.89985254333556], [102.2828954075638, 16.899852544028914], [102.28289540681862, 16.89994236767247], [102.28298522551852, 16.89994236831886], [102.28298522576142, 16.900032191939253], [102.28307504449653, 16.900032192538703], [102.28307504385269, 16.90012201616604], [102.28325468044845, 16.900122017246503]], [[102.28353538099402, 16.89884080452088], [102.28361830890165, 16.898816545712684], [102.28365466442898, 16.89893919532344], [102.28357912807994, 16.898960471138555], [102.28353538099402, 16.89884080452088]], [[102.28163795324416, 16.898415356328854], [102.28163795339721, 16.898235708855694], [102.28181759122073, 16.898235709663226], [102.28181759030086, 16.898415357121678], [102.28163795324416, 16.898415356328854]]]}}, {"type": "Feature", "properties": {"tambon": "ต.ศรีบุญเรือง", "amphoe": "อ.ศรีบุญเรือง", "cls": 3, "label": "ท่วมซ้ำซากเป็นครั้งคราว", "desc": "ประสบน้ำท่วมไม่เกิน 3 ครั้ง ใน 10 ปี", "color": "#38bdf8"}, "geometry": {"type": "Polygon", "coordinates": [[[102.28893441803814, 16.904261258294294], [102.28907482148527, 16.90412085401503], [102.2892152258269, 16.904120854775616], [102.28935562988197, 16.903980450341077], [102.28977684239894, 16.903980450003083], [102.28984704417299, 16.903910248096285], [102.28984704459361, 16.903265877596528], [102.28981142537897, 16.90326587748585], [102.2898114244894, 16.9033557014939], [102.28936233195178, 16.903355699757693], [102.2893623317944, 16.903445523787244], [102.28909287587634, 16.903445522837973], [102.28909287559898, 16.903535346889246], [102.28898704544957, 16.90353534678974], [102.28883437530003, 16.90402545906397], [102.28881924785541, 16.904164113461853], [102.28882341779553, 16.904164113185924], [102.28882341699736, 16.904261258305503], [102.28893441803814, 16.904261258294294]], [[102.29012785362885, 16.901242567452233], [102.29026825704467, 16.901102163720953], [102.2901980549129, 16.901031962376315], [102.29012785281793, 16.900961760095566], [102.2901278533559, 16.900821355046038], [102.29005765137534, 16.90075115272172], [102.28991724758725, 16.900610748874605], [102.28945216108414, 16.900610749050745], [102.28945216054666, 16.900750806635415], [102.28981143485086, 16.90075080800342], [102.2898114346735, 16.90084063201475], [102.28990125327357, 16.900840632250475], [102.28990125314692, 16.9009304562537], [102.28999107178218, 16.90093045644244], [102.28999107076882, 16.901020280452638], [102.28990125207524, 16.901020279368865], [102.28990125196468, 16.90111010337078], [102.28963179669569, 16.90111010259702], [102.28963179693419, 16.901020278572748], [102.28954197822647, 16.901020278233343], [102.28954197794528, 16.901110102265047], [102.28945215918746, 16.901110101893565], [102.28945215887167, 16.901199925932083], [102.28954197767216, 16.901199926296112], [102.28954197740707, 16.901289750326526], [102.28990125176769, 16.901289751372634], [102.28990125074384, 16.90137957538764], [102.29012785326708, 16.901379576472618], [102.29012785362885, 16.901242567452233]], [[102.28900461917974, 16.899942389513456], [102.28900461966717, 16.89969812207643], [102.2890030719007, 16.89969657443401], [102.28900307143749, 16.899762741882913], [102.28891325327471, 16.89976274116248], [102.28891325258242, 16.89985256525556], [102.28900307078783, 16.89985256596854], [102.28900307106797, 16.899942389135948], [102.28900461917974, 16.899942389513456]], [[102.2866677894837, 16.89958308539009], [102.28666778940716, 16.899493262041442], [102.28684742673225, 16.899493262741288], [102.2868474265628, 16.899403438504404], [102.28711688284315, 16.89940343972381], [102.28711688349121, 16.89931361549354], [102.28729652057122, 16.899313615827925], [102.28729652022025, 16.899223792529433], [102.28765579507339, 16.899223793641116], [102.28765579548164, 16.89913396945422], [102.28828452568237, 16.899133971513173], [102.28828452581577, 16.899044148280243], [102.28882343755521, 16.899044149439984], [102.28882343675593, 16.899133973545755], [102.28886421524278, 16.8991339740323], [102.2888642149646, 16.898996100955408], [102.28914502385214, 16.898715292620658], [102.2891450235748, 16.89857488835063], [102.28907482196436, 16.898504686383543], [102.28893441794779, 16.898364281461063], [102.28891325894031, 16.898343122588617], [102.28891325823366, 16.89850520658848], [102.28882343880134, 16.898505206656836], [102.2888234388756, 16.89859502984899], [102.28873362033058, 16.898595029870176], [102.28873362028332, 16.898505205768107], [102.28864380177352, 16.898505205742307], [102.28864380271438, 16.898415381617045], [102.28873362118154, 16.898415381650292], [102.28873362116599, 16.898325558449365], [102.28864380272584, 16.898325557506194], [102.28864380276102, 16.89823573429716], [102.28837434755503, 16.898235733013145], [102.28837434740758, 16.898325557147007], [102.28765579862704, 16.898325554465163], [102.28765579813081, 16.89841537775549], [102.2875659795899, 16.89841537815044], [102.28756597905907, 16.898505201447556], [102.28738634185397, 16.898505201231323], [102.28738634126152, 16.898595025445154], [102.28720670392572, 16.89859502418323], [102.28720670419341, 16.898684848396236], [102.28702706675814, 16.898684847893602], [102.28702706751315, 16.898595023650632], [102.2868474301334, 16.89859502297499], [102.28684743084328, 16.89832555113008], [102.28711688652575, 16.898325552602525], [102.28711688727024, 16.898235728364376], [102.28738634275776, 16.89823572950343], [102.28738634338235, 16.89814590528697], [102.28756598026195, 16.898145906465267], [102.28756598080928, 16.89805608226307], [102.28774561757376, 16.898056083298172], [102.28774561804383, 16.897966259110202], [102.2878354373097, 16.897966259560857], [102.28783543680775, 16.897876435394746], [102.28828452999977, 16.897876437137604], [102.28828452977751, 16.89796626128154], [102.28855398554379, 16.89796626183363], [102.2885539856381, 16.897876437712068], [102.28882344122505, 16.897876438833286], [102.28882344213689, 16.89778661471833], [102.28886421470888, 16.89778661534606], [102.28886421478207, 16.89759205875334], [102.2890046198977, 16.897451655211526], [102.28900461990902, 16.897170845702135], [102.2889344180234, 16.89710064359367], [102.28865360848447, 16.897100643559543], [102.28855398919511, 16.89700102347408], [102.28855398842954, 16.89724767061743], [102.28846416956446, 16.897247670423376], [102.28846416935556, 16.897337493654526], [102.28819471352506, 16.897337492842453], [102.28819471419108, 16.897157845432325], [102.28817519389443, 16.897157845111455], [102.28809199224297, 16.897241047597962], [102.28767077918874, 16.897241048395433], [102.28760057768059, 16.89717084574675], [102.2876005778849, 16.896798547085623], [102.28756598562877, 16.89679854703334], [102.28756598496892, 16.89688837124475], [102.28738634836161, 16.89688837077542], [102.28738634816932, 16.896798546564206], [102.28729652943628, 16.896798546721588], [102.28729653103592, 16.89661889825212], [102.28756598605082, 16.896618899526114], [102.2875659863123, 16.896708723723766], [102.28760057761463, 16.896708723793978], [102.2876005777084, 16.896468825186478], [102.2875303756249, 16.89639862246971], [102.28746017360952, 16.89632842062176], [102.28746017304164, 16.89618801613616], [102.2873899702032, 16.89611781425973], [102.2871091627068, 16.89611781453853], [102.2870389609442, 16.896047612498627], [102.28703896072815, 16.895907207955226], [102.28696875907993, 16.895837005871776], [102.28682835406602, 16.895696601634082], [102.28675815163774, 16.895626399464764], [102.2867581497516, 16.895485991300422], [102.28668795031244, 16.895415792652255], [102.28661774789158, 16.895485995912647], [102.28661774772054, 16.895626399612983], [102.28640714089553, 16.89583700570145], [102.28612633357679, 16.895837005458016], [102.28584552484618, 16.89611781422443], [102.28570512046171, 16.896117814711104], [102.28556471611668, 16.896258218013244], [102.28542431159164, 16.896258218325], [102.28535410936135, 16.89618801652394], [102.28528390812089, 16.896117814674213], [102.28523070521705, 16.896117814323958], [102.28523070453511, 16.896259595742578], [102.2851408858792, 16.89625959490682], [102.28514088589465, 16.896349419293077], [102.28496124849086, 16.896349418420336], [102.284961247809, 16.896398622169084], [102.28514350414213, 16.896398622496108], [102.28521370547901, 16.896468825285908], [102.28521370595205, 16.896708715336935], [102.28621870719395, 16.896708718466265], [102.28621870758774, 16.89661889505938], [102.28657798155423, 16.896618896164345], [102.28657798270724, 16.89652907186905], [102.28666780043456, 16.896529072065235], [102.28666780217547, 16.89616977675744], [102.28675762066217, 16.896169776928826], [102.28675762084833, 16.896079953562683], [102.28693725865152, 16.896079953786742], [102.2869372576289, 16.896169778055526], [102.28702707703069, 16.896169778093295], [102.28702707605872, 16.896259602353982], [102.28711689455831, 16.896259602359844], [102.28711689364555, 16.89643924994681], [102.2870270750607, 16.89643924995583], [102.28702707503463, 16.896529073297003], [102.2869372563997, 16.89652907327396], [102.28693725433138, 16.89715784033595], [102.28675761737959, 16.897157840260498], [102.28675761635246, 16.897247663633845], [102.28603906790633, 16.897247661810752], [102.2860390674835, 16.897337485227954], [102.28577532243132, 16.89733748424584], [102.28577532289549, 16.897451654951222], [102.28584552487457, 16.89752185650611], [102.28598592936103, 16.897521856658486], [102.2861263335782, 16.897662260455043], [102.28626673708342, 16.897802665034554], [102.2863369393678, 16.897872866363873], [102.28633693934962, 16.898434483899536], [102.28640714101235, 16.898504686073114], [102.28647734366494, 16.89857488819801], [102.28647734444057, 16.899136504726346], [102.2863085157111, 16.89930533274186], [102.28630851580165, 16.899313612491017], [102.28639833393588, 16.899313612590007], [102.28639833388404, 16.89940343686478], [102.28648815299087, 16.89940343690173], [102.2864881520523, 16.899493261183473], [102.28657797119435, 16.89949326117345], [102.28657797030645, 16.899583085447087], [102.2866677894837, 16.89958308539009]], [[102.28853116434715, 16.896978198715676], [102.28851320505822, 16.8969602399146], [102.28849524622643, 16.89697819847912], [102.28853116434715, 16.896978198715676]]]}}, {"type": "Feature", "properties": {"tambon": "ต.ศรีบุญเรือง", "amphoe": "อ.ศรีบุญเรือง", "cls": 3, "label": "ท่วมซ้ำซากเป็นครั้งคราว", "desc": "ประสบน้ำท่วมไม่เกิน 3 ครั้ง ใน 10 ปี", "color": "#38bdf8"}, "geometry": {"type": "Polygon", "coordinates": [[[102.30023037547448, 16.90461817415132], [102.30022602093776, 16.904613819361273], [102.29978128308558, 16.904613820454895], [102.29978128219948, 16.904703095757938], [102.29969146344516, 16.90470309566441], [102.29969146364317, 16.904792919803747], [102.299601644823, 16.904792918775712], [102.29960164481588, 16.904838579648157], [102.29981227657728, 16.904896545401808], [102.29988594619907, 16.90482287596879], [102.30002634978312, 16.904822876418866], [102.3001667552358, 16.9046824711151], [102.30023037481804, 16.90468247054418], [102.30023037547448, 16.90461817415132]], [[102.29951182601103, 16.904792918610585], [102.29947621148304, 16.904792918356737], [102.2995118258531, 16.904806317537247], [102.29951182601103, 16.904792918610585]], [[102.2994220082087, 16.904613820716314], [102.2990910215117, 16.904613819739385], [102.29897752091667, 16.904500320036906], [102.29897752107213, 16.90427331996303], [102.2988830982752, 16.904178897133576], [102.29888309819844, 16.904253972857646], [102.29879327958268, 16.904253972331375], [102.29879327905287, 16.90443362076547], [102.29875992160372, 16.904433620968657], [102.29911372609584, 16.904656539725664], [102.29942200746332, 16.904772525278982], [102.2994220082087, 16.904613820716314]], [[102.29861364270678, 16.90416414782971], [102.29852519878844, 16.904164148469594], [102.29861364271196, 16.90425259271483], [102.29861364270678, 16.90416414782971]], [[102.29834418854433, 16.903932819739584], [102.29818302122955, 16.903932819875372], [102.29805505154957, 16.903804850452232], [102.29788509063482, 16.903804849554113], [102.29792028707845, 16.903840046349377], [102.2980606910945, 16.903840046459802], [102.2982010953461, 16.903980450530714], [102.2983414998076, 16.90412085446689], [102.29848190397739, 16.90412085425097], [102.2985238245895, 16.904162774146588], [102.29852382454001, 16.90407432383873], [102.29843400597967, 16.904074323139366], [102.29843400645917, 16.903984499792593], [102.29834418793402, 16.903984499046224], [102.29834418854433, 16.903932819739584]], [[102.30011252034365, 16.903138025133646], [102.30011252083573, 16.903355737920712], [102.30038446744146, 16.903355739155927], [102.30037736071777, 16.90334863219637], [102.30037736078037, 16.903208226580016], [102.30030715923246, 16.903138024930644], [102.30011252034365, 16.903138025133646]], [[102.29811670145243, 16.902637139764725], [102.29841002129255, 16.902343819698558], [102.29852351991072, 16.902457310998418], [102.29861352132221, 16.902547318123382], [102.29861364884266, 16.902547317871598], [102.2986136498818, 16.90236766938008], [102.29870346855407, 16.90236767012724], [102.29870346844504, 16.90229531876659], [102.29867877591437, 16.9022957171231], [102.29863235079334, 16.902271715551908], [102.29857013412905, 16.9022638176128], [102.29861365060805, 16.902088017685184], [102.29861365115083, 16.90200837420924], [102.29863336586764, 16.902008373923668], [102.29866747499905, 16.901870579130854], [102.2991094803515, 16.901896881821727], [102.29909920951707, 16.901944364006308], [102.29910171108524, 16.901964068630747], [102.29909960842917, 16.9020083759899], [102.29915256293893, 16.902008375556086], [102.29915256083451, 16.902367671480242], [102.29924237946194, 16.90236767199021], [102.29924237900431, 16.902547319474618], [102.29933219770959, 16.9025473199301], [102.29933219597596, 16.903024820268012], [102.29963233654514, 16.903024819890373], [102.29960513706148, 16.90299762055879], [102.29946473291861, 16.902997620514135], [102.29939453175874, 16.902927419379004], [102.29939453162264, 16.902506205782267], [102.29953493531013, 16.902365802023596], [102.29953493521442, 16.902225397204], [102.29946473342078, 16.90215519515563], [102.29932432906922, 16.90201479187541], [102.29925412743299, 16.901944589725986], [102.29925412760485, 16.901804184865032], [102.29918392420828, 16.901733982702247], [102.29904352040043, 16.901593579132697], [102.29890311678678, 16.901453174525987], [102.29848190376639, 16.901453174818368], [102.29834149968312, 16.901312769747474], [102.2982712977359, 16.901242568063957], [102.29827129821767, 16.90106592644526], [102.29813801981383, 16.901169216795907], [102.29799048932668, 16.90119269533637], [102.29799048892546, 16.901242568338844], [102.29777988329433, 16.90145317515348], [102.29749907404344, 16.901453174806967], [102.29735867009809, 16.90159357911124], [102.29721826567264, 16.90145317496141], [102.29707786145985, 16.901453174893728], [102.29700765983752, 16.901382972703328], [102.29693745731454, 16.901312769591904], [102.29654782679455, 16.901312770258706], [102.29654782652246, 16.90137959896666], [102.29663764488166, 16.90137959980276], [102.29663764397195, 16.90164907118837], [102.29672746245161, 16.901649071962527], [102.2967274606902, 16.902098191198988], [102.29663764199728, 16.902098190462176], [102.29663764144844, 16.902188014859455], [102.29636818616564, 16.902188014224016], [102.2963681848048, 16.902367661256534], [102.29690709678394, 16.90236766387181], [102.29690709718867, 16.902277839498222], [102.29762564607329, 16.90227784233028], [102.29762564505667, 16.90236766575673], [102.29780528254243, 16.90236766717879], [102.29780528255662, 16.902457490574527], [102.29798491916037, 16.90245749183863], [102.29798491926796, 16.902547315218765], [102.29807473712472, 16.902547315340385], [102.29807473729873, 16.902637139614868], [102.29811670145243, 16.902637139764725]], [[102.29870346739706, 16.902637265605527], [102.29875052082633, 16.90268431945989], [102.29875052055414, 16.902687697407615], [102.29875793243232, 16.902637141578897], [102.29870346711972, 16.902637141938634], [102.29870346739706, 16.902637265605527]], [[102.29573945552363, 16.9022105948518], [102.29573945572005, 16.902098188124285], [102.29591909321644, 16.90209818854409], [102.29591909317715, 16.902008364101516], [102.29600891188718, 16.902008365162054], [102.29600891207876, 16.901937695384923], [102.29590369350146, 16.90188915001168], [102.29574402178704, 16.901845826104807], [102.29574402152444, 16.90194458923056], [102.2956394580478, 16.90204915405204], [102.29567716492859, 16.902163183642152], [102.29573945552363, 16.9022105948518]]]}}, {"type": "Feature", "properties": {"tambon": "ต.ศรีบุญเรือง", "amphoe": "อ.ศรีบุญเรือง", "cls": 3, "label": "ท่วมซ้ำซากเป็นครั้งคราว", "desc": "ประสบน้ำท่วมไม่เกิน 3 ครั้ง ใน 10 ปี", "color": "#38bdf8"}, "geometry": {"type": "Polygon", "coordinates": [[[102.260620384085, 16.903984365000145], [102.26062038381473, 16.903894540630372], [102.26071020230837, 16.903894540886665], [102.26071020359689, 16.90371489303251], [102.26088984040692, 16.9037148943585], [102.26088984097005, 16.903625069993986], [102.26097965931356, 16.90362507015382], [102.26097965985754, 16.90353524669851], [102.261069478151, 16.903535246826202], [102.26106947864476, 16.903445422475148], [102.26133893430585, 16.903445423530737], [102.26133893394005, 16.903535247859658], [102.2615185714135, 16.903535248646794], [102.26151857112548, 16.90362507205778], [102.26187784523238, 16.903625074045568], [102.26187784533425, 16.903535249761667], [102.26196766450681, 16.90353525038158], [102.261967664574, 16.903445426104398], [102.26204701128749, 16.90344542676284], [102.26204701103508, 16.90292741924844], [102.26197680848507, 16.90285721656406], [102.26190660598752, 16.902787013846087], [102.26190660585054, 16.902084993831984], [102.26211721250539, 16.901874387921453], [102.26225761644288, 16.90187438769487], [102.26239802079533, 16.9017339826909], [102.26241676367957, 16.901733982466467], [102.26241676462034, 16.90155912567874], [102.26232694548568, 16.90155912510884], [102.26232694659065, 16.901379477471504], [102.26223712847134, 16.901379476832332], [102.26223713093351, 16.900571061966364], [102.26232694959089, 16.900571061754594], [102.26232695010225, 16.900401012028787], [102.26218741483859, 16.900540547188704], [102.26218741500553, 16.900680950992825], [102.26211721260472, 16.900751152938206], [102.26169599945088, 16.900751153567303], [102.2616257979828, 16.90068095148968], [102.26155559562973, 16.900610749393444], [102.26127478663521, 16.900610749406425], [102.26113438290434, 16.90075115273312], [102.26099397873423, 16.900751152959966], [102.260783372613, 16.900961760423264], [102.26078337273368, 16.90110216438818], [102.26064296827832, 16.901242567497533], [102.26064296834927, 16.901382972379775], [102.26037699769627, 16.90164894183743], [102.26062039297484, 16.901648942695235], [102.2606203905661, 16.902098062859675], [102.26053057198075, 16.90209806243108], [102.26053057203342, 16.90218788591891], [102.26035093477071, 16.90218788586039], [102.26035093474604, 16.902277709362338], [102.26013366325053, 16.90227770886792], [102.26015155404941, 16.902295599385937], [102.26029195755578, 16.90243600448523], [102.26036215937215, 16.902506206082045], [102.26036215934108, 16.90299630072886], [102.26071020625736, 16.902996301634435], [102.26071020555312, 16.90308612601835], [102.26080002459294, 16.903086126286627], [102.26080002293271, 16.903445421966218], [102.26071020465974, 16.90344542171254], [102.26071020397983, 16.90353524519067], [102.26044074805115, 16.903535244229545], [102.26044074820423, 16.90362506861673], [102.26026111048373, 16.90362506779807], [102.26026110969015, 16.903804715712457], [102.26035092817067, 16.903804716134243], [102.26035092828947, 16.90389453962434], [102.26044074680527, 16.90389453999923], [102.26044074605278, 16.90398436439871], [102.260620384085, 16.903984365000145]], [[102.2612491223102, 16.901648944832267], [102.26124912348544, 16.901469297033852], [102.26133894172868, 16.90146929810043], [102.26133894227782, 16.90137947375637], [102.26160839774164, 16.901379474921193], [102.2616083973049, 16.90146929834058], [102.26169821645605, 16.901469299234098], [102.26169821570734, 16.90164894695863], [102.2616083964709, 16.90164894607989], [102.26160839701109, 16.90173877038485], [102.26151857774012, 16.901738770376454], [102.26151857729265, 16.9018285938006], [102.26142875890909, 16.90182859374513], [102.26142875938372, 16.901738769411086], [102.26133894103543, 16.901738769308704], [102.26133894157621, 16.901648945869116], [102.2612491223102, 16.901648944832267]], [[102.26286586221059, 16.900391415700838], [102.26286586214592, 16.900301592377016], [102.26304549912496, 16.900301593209917], [102.26304549990486, 16.900211768982796], [102.26331495519003, 16.900211769957924], [102.26331495584996, 16.900121945752296], [102.2634047742209, 16.900121946005683], [102.26340477486171, 16.90003212270929], [102.26358441149614, 16.90003212311227], [102.2635844120441, 16.89994229892751], [102.26394368694405, 16.899942300161307], [102.26394368656669, 16.90003212431649], [102.264392778844, 16.90003212563177], [102.26439277902367, 16.899942302416065], [102.26448259815803, 16.89994230219498], [102.26448259803657, 16.900032126305767], [102.26475205367943, 16.900032127218065], [102.26475205367294, 16.899942303129443], [102.26481846695656, 16.899942303588126], [102.26478489203902, 16.89990872879738], [102.26464448797977, 16.899908728734516], [102.26450408396707, 16.899768323225324], [102.26443387924263, 16.89969812136771], [102.26436367925784, 16.899627919401716], [102.26366165867657, 16.89962792011714], [102.26359145721983, 16.899698121510568], [102.26359145645257, 16.89983852607612], [102.26338084981658, 16.90004913292538], [102.2632404464254, 16.900049132802298], [102.26310004191735, 16.9001895363049], [102.26267882940924, 16.90018953605303], [102.2626086269496, 16.9001193343523], [102.26253842547985, 16.90004913260301], [102.26232781821513, 16.900259738590997], [102.26232781823909, 16.90039141380687], [102.26241676851407, 16.90039141478372], [102.26241676958455, 16.900301590505507], [102.2625065881147, 16.900301591139335], [102.26250658821307, 16.900211766882812], [102.26259640669319, 16.900211767484535], [102.26259640662192, 16.900301590831187], [102.26277604364533, 16.90030159190127], [102.26277604368288, 16.900391416134955], [102.26286586221059, 16.900391415700838]]]}}, {"type": "Feature", "properties": {"tambon": "ต.ศรีบุญเรือง", "amphoe": "อ.ศรีบุญเรือง", "cls": 3, "label": "ท่วมซ้ำซากเป็นครั้งคราว", "desc": "ประสบน้ำท่วมไม่เกิน 3 ครั้ง ใน 10 ปี", "color": "#38bdf8"}, "geometry": {"type": "Polygon", "coordinates": [[[102.28864376815248, 16.9072780883577], [102.28844300330088, 16.907260786660004], [102.28844300304308, 16.907279949566483], [102.28851320459702, 16.907350152135603], [102.28858340712526, 16.9074203537535], [102.28858340694919, 16.90748759722769], [102.28864376767622, 16.907487597491617], [102.28864376815248, 16.9072780883577]], [[102.2913383270555, 16.90688381965754], [102.29133832604326, 16.907218135142536], [102.29142814474892, 16.90721813512459], [102.29142814404379, 16.907307958984646], [102.29148652131555, 16.9073079596579], [102.29148652077855, 16.90699731977209], [102.29137302138957, 16.90688381984047], [102.2913383270555, 16.90688381965754]], [[102.29011351014586, 16.90473833049233], [102.29005765098957, 16.904682471067357], [102.28977684261012, 16.904682470739473], [102.2896364385151, 16.904822876394714], [102.28935562983357, 16.904822876426042], [102.28921522525523, 16.904963280057757], [102.28900305138832, 16.904963280321983], [102.28900304964625, 16.905511472052236], [102.28909286771932, 16.90551147230148], [102.28909286762693, 16.905601296337657], [102.28900304857373, 16.905601296110948], [102.28900304821677, 16.905870768237868], [102.28897201106206, 16.90587076836384], [102.2890611080706, 16.90647173208808], [102.28933002075199, 16.906202819757475], [102.28955702112061, 16.90620281957653], [102.28967052068187, 16.906089319845293], [102.2896705213692, 16.905862319817427], [102.28989752078641, 16.90563531935967], [102.28989752155576, 16.904954319396225], [102.29011351014586, 16.90473833049233]]]}}, {"type": "Feature", "properties": {"tambon": "ต.ศรีบุญเรือง", "amphoe": "อ.ศรีบุญเรือง", "cls": 3, "label": "ท่วมซ้ำซากเป็นครั้งคราว", "desc": "ประสบน้ำท่วมไม่เกิน 3 ครั้ง ใน 10 ปี", "color": "#38bdf8"}, "geometry": {"type": "Polygon", "coordinates": [[[102.28816219471854, 16.90919424949517], [102.2881621942307, 16.90901460223783], [102.28801503170418, 16.9090146017123], [102.28801503141327, 16.909104425812277], [102.28792521248145, 16.90910442537143], [102.28792521215593, 16.909194249478205], [102.28816219471854, 16.90919424949517]], [[102.28756593813715, 16.909014599962855], [102.28756593864946, 16.908924775824975], [102.28765575752573, 16.90892477643888], [102.28765575848912, 16.908745128176058], [102.28783539511112, 16.90874512933012], [102.28783539551954, 16.908655305212616], [102.28801503296387, 16.9086553062083], [102.28801503264081, 16.908745130310905], [102.28816219400443, 16.90874512998567], [102.2881621943542, 16.908122374371835], [102.28809199258274, 16.90805217261613], [102.28795158824423, 16.907911768116346], [102.2878813856928, 16.907841566274723], [102.28788138509242, 16.907701162847538], [102.28781118357725, 16.907630960044845], [102.28774097919255, 16.90756075093643], [102.28767077978254, 16.90749055525597], [102.28756594407643, 16.907490555023372], [102.28756594361145, 16.90757741734832], [102.28765576278509, 16.90757741805886], [102.28765576159708, 16.907757065436275], [102.28747612496227, 16.907757064877742], [102.28747612469232, 16.907667240738302], [102.28738630641422, 16.90766724084352], [102.28738630713245, 16.9075774166809], [102.2874761253835, 16.90757741748561], [102.28747612588974, 16.907490555153462], [102.28696875858375, 16.907490555253307], [102.28682835409717, 16.907630959611925], [102.28626673728643, 16.90763095916618], [102.28619653473622, 16.907701162067895], [102.28619653534484, 16.907981970229653], [102.28626673744179, 16.908052172750317], [102.28654754603258, 16.908052172613584], [102.28668794961867, 16.908192577339356], [102.28682835433652, 16.90833298101296], [102.28689855584457, 16.908403183265584], [102.28689855581327, 16.908543586812122], [102.28696875837319, 16.908613789006115], [102.28703896100129, 16.90868399206893], [102.28703896140416, 16.908834950182143], [102.28738630243343, 16.908834951212487], [102.28738630182774, 16.908924775365914], [102.28747612071889, 16.90892477605891], [102.28747612014821, 16.909014599301774], [102.28756593813715, 16.909014599962855]], [[102.28720666720127, 16.908296007406832], [102.28720666701112, 16.908206183248993], [102.28729648557577, 16.908206184080672], [102.28729648628844, 16.908116359914548], [102.2874761232944, 16.908116360571672], [102.28747612266707, 16.908206184722893], [102.28756594119375, 16.908206184533466], [102.28756594155459, 16.908296008661516], [102.2874761229696, 16.908296007955908], [102.28747612235834, 16.90838583210583], [102.28729648509635, 16.90838583149341], [102.28729648579292, 16.90829600732859], [102.28720666720127, 16.908296007406832]], [[102.2881621937593, 16.9088349540754], [102.28810485110645, 16.908834953934004], [102.28810484990467, 16.90892477804292], [102.28816219352224, 16.908924778164483], [102.2881621937593, 16.9088349540754]]]}}, {"type": "Feature", "properties": {"tambon": "ต.ศรีบุญเรือง", "amphoe": "อ.ศรีบุญเรือง", "cls": 3, "label": "ท่วมซ้ำซากเป็นครั้งคราว", "desc": "ประสบน้ำท่วมไม่เกิน 3 ครั้ง ใน 10 ปี", "color": "#38bdf8"}, "geometry": {"type": "Polygon", "coordinates": [[[102.30184709018536, 16.909823065977807], [102.30184709040196, 16.90973324292682], [102.30193690856977, 16.909733242600417], [102.30193690873607, 16.909643418653797], [102.30184709061092, 16.909643418972724], [102.30184709082793, 16.909553595017957], [102.3017572717848, 16.909553594402535], [102.30175727299002, 16.909463770424505], [102.30157763498241, 16.909463769962496], [102.3015776353436, 16.909373945983997], [102.30150059366517, 16.909373945571534], [102.30150059417126, 16.909807225630374], [102.30157079623241, 16.909877427267265], [102.30171120150727, 16.9098774277352], [102.3018516049514, 16.910017831710586], [102.30193690833828, 16.909932528899272], [102.30193690841159, 16.90982306654639], [102.30184709018536, 16.909823065977807]], [[102.30309489702688, 16.909014655361215], [102.3030147342987, 16.908934493190422], [102.30301473489763, 16.909014655373614], [102.30309489702688, 16.909014655361215]], [[102.3023430204769, 16.905975819336053], [102.30181882348695, 16.905975819868516], [102.30182199291052, 16.905991639190756], [102.30201423703048, 16.90697605333348], [102.3020222183122, 16.907061891997284], [102.30200307631752, 16.907097522353702], [102.3020134259975, 16.907196904001196], [102.30198524306813, 16.907268173068218], [102.3019264121712, 16.907269123355242], [102.30182247170976, 16.90721415099864], [102.3013980082089, 16.9068083297988], [102.30139800851572, 16.906858875146426], [102.30136032884025, 16.906858875235812], [102.30143039211214, 16.906928938536026], [102.30150059477151, 16.906999141277552], [102.30150059416894, 16.90713954492987], [102.3013321455846, 16.90730799544129], [102.30139800617123, 16.907307995183782], [102.30139800647649, 16.907397819177195], [102.30130818749844, 16.907397819102123], [102.30130818775338, 16.907487642199893], [102.3013980058524, 16.907487643185068], [102.30139800523638, 16.90757746719229], [102.30130818709468, 16.90757746621459], [102.30130818673894, 16.9077571142269], [102.30121836758269, 16.907757114142214], [102.30121836690553, 16.907846938162425], [102.3011285486366, 16.90784693803051], [102.30112854884653, 16.90793676113997], [102.30103872959002, 16.907936760991152], [102.30103873034446, 16.90784693695662], [102.30085909283176, 16.907846936510236], [102.3008590936138, 16.907667289326913], [102.30076927538457, 16.907667288119434], [102.30076927628426, 16.90748764091853], [102.30085909441242, 16.907487641238536], [102.30085909582033, 16.907200067981577], [102.30078737302357, 16.907128345004335], [102.30076927721154, 16.9071283447191], [102.30076927699687, 16.90711024902034], [102.30072837149514, 16.90706934247616], [102.30058796727178, 16.907069342786365], [102.30049982159616, 16.906981198267133], [102.30049981977749, 16.907667287884685], [102.3005896380134, 16.907667288308343], [102.3005896379512, 16.907757111463972], [102.30067945622233, 16.9077571118406], [102.30067945444937, 16.90820623211407], [102.30076927292637, 16.908206232413768], [102.3007692721558, 16.908385879604182], [102.30085909071069, 16.908385879849398], [102.30085909023569, 16.908655351953783], [102.30067945286238, 16.908655351468692], [102.30067945200989, 16.90874517552722], [102.3005896342068, 16.908745175217696], [102.30058963330396, 16.90883499838058], [102.3005283678772, 16.90883499918699], [102.30058796646603, 16.908894597765315], [102.3007283720606, 16.908894598120042], [102.30086877563413, 16.908754193806566], [102.30128998819077, 16.908754194116398], [102.30143039224409, 16.908894597662808], [102.30148781901613, 16.908952024788572], [102.30148781851956, 16.90892482619768], [102.30157763727064, 16.908924826081662], [102.30157763768028, 16.90883500209921], [102.30220636757106, 16.908835004759485], [102.30220636875453, 16.90865535688224], [102.30193691298844, 16.908655356069918], [102.30193691325161, 16.90856553211544], [102.30184709468539, 16.908565531457278], [102.30184709532122, 16.90838588353138], [102.3019369138021, 16.908385884204503], [102.30193691408944, 16.90829606024806], [102.30202673252018, 16.908296060889114], [102.30202673277292, 16.9082062369395], [102.30211655207518, 16.908206236630882], [102.30211655229336, 16.908116412688088], [102.30238600819958, 16.908116414285097], [102.30238600829779, 16.9080265903641], [102.30283510140862, 16.90802659136478], [102.30283510058632, 16.908116415263525], [102.30292491979435, 16.90811641550895], [102.30292491902281, 16.908206239399572], [102.30301473734428, 16.908206240515558], [102.303014737053, 16.90833298150084], [102.30381726383665, 16.908332981125803], [102.30388746597198, 16.908403182821477], [102.30395766817553, 16.908473385385893], [102.30402787041585, 16.90854358701415], [102.30402787006369, 16.908683992154963], [102.30408906710639, 16.908745187670657], [102.30418237666983, 16.9087451877636], [102.30418237773293, 16.908655363966542], [102.30427219616301, 16.908655364491494], [102.30427219625406, 16.90856554071643], [102.30436201461826, 16.908565540306856], [102.30436201561216, 16.90847571652345], [102.30445183394194, 16.908475716984285], [102.3044518339638, 16.908385893222878], [102.30472989223956, 16.908385894311873], [102.3047298916975, 16.908122374636854], [102.30465968941253, 16.9080521723636], [102.30395766770874, 16.908052172661677], [102.30382310531718, 16.90791761012527], [102.30382310530084, 16.90802659478523], [102.30373328714776, 16.908026594912613], [102.30373328675222, 16.908116418736512], [102.30346383116695, 16.90811641801658], [102.30346383075307, 16.908026594185344], [102.30337401255436, 16.908026593252117], [102.30337401371108, 16.907846945542442], [102.30346383182444, 16.90784694649066], [102.30346383291239, 16.907667297890878], [102.30346625312208, 16.907667297595253], [102.30346625289754, 16.90742035402754], [102.3036768603342, 16.907209747647684], [102.30451928483326, 16.907209747701867], [102.30458948777313, 16.90713954499345], [102.30458948812873, 16.906858736626234], [102.30472989184074, 16.906718333031765], [102.30465968922259, 16.906648129771735], [102.30451928512844, 16.9065077258428], [102.3043788808311, 16.906507725996516], [102.30423847695523, 16.90664813027256], [102.30395766806059, 16.906648130133437], [102.3038172637483, 16.90678853509365], [102.3036768600884, 16.90678853478566], [102.30353645543074, 16.906928938703437], [102.30325564782679, 16.906928938543366], [102.30311524367012, 16.90706934313013], [102.30283443481048, 16.907069342442025], [102.30271379585345, 16.906948703903353], [102.30265546801473, 16.906948703830718], [102.30265546768305, 16.906890377198994], [102.30262397071063, 16.906858879664025], [102.30256564945684, 16.90685887945483], [102.30256565020566, 16.90680055911983], [102.30255362557408, 16.906788535236235], [102.30248342362272, 16.90671833289554], [102.30248342340575, 16.906156715159447], [102.30241322177058, 16.906086513647725], [102.30234302017215, 16.906016311199867], [102.3023430204769, 16.905975819336053]], [[102.30301474110296, 16.907218176938418], [102.30301473978784, 16.907577472462904], [102.30292492178081, 16.90757747219697], [102.30292492096082, 16.90766729609153], [102.30274528390149, 16.90766729547116], [102.30274528386937, 16.907577471576786], [102.30265546583989, 16.907577471192237], [102.30265546685743, 16.907307999467633], [102.30274528569636, 16.907307999859487], [102.30274528570479, 16.907128352064888], [102.30292492318951, 16.9071283527599], [102.30292492326662, 16.907218176642566], [102.30301474110296, 16.907218176938418]], [[102.30297483859032, 16.90889459820605], [102.3028350971579, 16.908894597697397], [102.30283509731461, 16.908924831164626], [102.30300507244237, 16.908924831478323], [102.30297483859032, 16.90889459820605]], [[102.30277484264673, 16.908835006878], [102.30274527973087, 16.908805443363484], [102.30274527942906, 16.908835006129063], [102.30277484264673, 16.908835006878]], [[102.30032017940299, 16.908296054611498], [102.3002702322724, 16.908296054014777], [102.3003071593724, 16.908332981621058], [102.3003201793847, 16.908346001509162], [102.30032017940299, 16.908296054611498]], [[102.30023036195213, 16.908206230022348], [102.30018040734156, 16.908206229520584], [102.30023036107823, 16.90825618325686], [102.30023036195213, 16.908206230022348]], [[102.3001405436655, 16.90811640629564], [102.30009058344983, 16.908116405858514], [102.30014054381088, 16.908166365836735], [102.3001405436655, 16.90811640629564]], [[102.29861362966005, 16.90766728077357], [102.29845426144294, 16.907667279680005], [102.29852953291243, 16.907866849574017], [102.29865952239338, 16.908126010791975], [102.29867324783017, 16.908141637282462], [102.29869250960576, 16.90812237403992], [102.29869250965493, 16.907757104909685], [102.29861362867479, 16.90775710499611], [102.29861362966005, 16.90766728077357]], [[102.30005072544908, 16.908026581611324], [102.2998603545994, 16.908026581172862], [102.29988594598677, 16.908052172396392], [102.30002635009389, 16.908052172456575], [102.30005072567629, 16.908076547474128], [102.30005072544908, 16.908026581611324]], [[102.29843399210279, 16.9075774566463], [102.29842038221547, 16.90757745689423], [102.2984339921074, 16.907613540698083], [102.29843399210279, 16.9075774566463]], [[102.29870371645595, 16.90712833790261], [102.29890311683317, 16.906928938605933], [102.29915254333586, 16.906928939394927], [102.299152543821, 16.906788534562487], [102.29904352080011, 16.906788534642004], [102.29902402878704, 16.906769042841503], [102.29897290707328, 16.906769042763322], [102.29897290711551, 16.906858866947395], [102.29888308820733, 16.90685886666227], [102.29888308727749, 16.90694869086828], [102.29879326925662, 16.906948690535966], [102.29879326929169, 16.906858866337608], [102.29870345130601, 16.906858865958277], [102.29870345014386, 16.907128337686494], [102.29870371645595, 16.90712833790261]], [[102.30044756254965, 16.906928939240057], [102.30041000378812, 16.90692893900885], [102.3004100038324, 16.906948695700912], [102.30046731905922, 16.906948695614915], [102.30044756254965, 16.906928939240057]], [[102.2997455419333, 16.906367322443828], [102.29960513740951, 16.906226918123952], [102.29939453121771, 16.90643752443956], [102.29939453144972, 16.906718333130303], [102.29934382030834, 16.906769044374435], [102.29978127468306, 16.90676904545245], [102.29978127417185, 16.906858869584365], [102.30009668656857, 16.90685887108796], [102.30002634986417, 16.906788534527482], [102.29995614778066, 16.906718332972726], [102.29995614769862, 16.906577928242445], [102.29988594571388, 16.90650772574162], [102.2997455419333, 16.906367322443828]], [[102.29870345160333, 16.906589394239308], [102.29870345265077, 16.90649957001571], [102.29883291464346, 16.906499570716395], [102.2988329143766, 16.90629711986062], [102.29876271289122, 16.906226918685324], [102.29869250955203, 16.906156715701655], [102.29869250956543, 16.906016311718165], [102.29862230823127, 16.9059461095631], [102.29855210587483, 16.90601631139282], [102.29855210575721, 16.906156715394573], [102.29848190425989, 16.906226918104522], [102.29834417941541, 16.906226918670278], [102.29834417942551, 16.906230097114747], [102.2984339971424, 16.906230097704547], [102.29843399661037, 16.90640974526712], [102.29852381534256, 16.906409745787315], [102.29852381492813, 16.90658939333231], [102.29870345160333, 16.906589394239308]]]}}, {"type": "Feature", "properties": {"tambon": "ต.โคกม่วง", "amphoe": "อ.โนนสัง", "cls": 3, "label": "ท่วมซ้ำซากเป็นครั้งคราว", "desc": "ประสบน้ำท่วมไม่เกิน 3 ครั้ง ใน 10 ปี", "color": "#38bdf8"}, "geometry": {"type": "Polygon", "coordinates": [[[102.38160044680625, 16.907212988908533], [102.3816004470642, 16.90727944897717], [102.38133099086498, 16.907279448345566], [102.38133099102293, 16.907209539240682], [102.38060544899459, 16.907200247324518], [102.38060919305734, 16.906929343311916], [102.38106153653143, 16.90693513618126], [102.38106153737174, 16.906875240112317], [102.38092680902314, 16.906875238989908], [102.38092681037875, 16.906471031710378], [102.3811784373083, 16.906471032807822], [102.38117949104941, 16.906394742601254], [102.38119626637025, 16.906394957069942], [102.38119626675278, 16.906336296737337], [102.38133099466673, 16.906336296848334], [102.38133099582906, 16.9062015614211], [102.3816004514293, 16.906201562312983], [102.38160045148699, 16.906129179969042], [102.38146463882188, 16.906127441405324], [102.38146694223207, 16.905960737677518], [102.38136795907069, 16.905960737591823], [102.38136795892478, 16.906050561799987], [102.38118832133914, 16.906050560723987], [102.38118832111616, 16.906140384946806], [102.38073922870353, 16.906140382925628], [102.38073922827544, 16.9062302071861], [102.3802901354741, 16.906230205116945], [102.38029013484089, 16.906320029415063], [102.38020031584003, 16.90632002889645], [102.38020031610975, 16.90640985318608], [102.38011049705855, 16.90640985263558], [102.38011049729388, 16.90649967693221], [102.37993086002055, 16.90649967571239], [102.37993085924143, 16.906589500039193], [102.37966140363073, 16.90658949883043], [102.37966140361661, 16.90649967539855], [102.3794893123883, 16.906499674496267], [102.37948731730287, 16.906644019296163], [102.37976872284261, 16.906647625098955], [102.37975748605422, 16.90746033685527], [102.37944479989308, 16.90745633040477], [102.37944479897854, 16.907683648874908], [102.37957952713931, 16.907683649985877], [102.37957952500417, 16.90822259331172], [102.37944479739664, 16.908222592254166], [102.3794447957879, 16.908492064401713], [102.37931006798718, 16.90849206419202], [102.37931006757532, 16.908626799821878], [102.37944479547207, 16.908626800014357], [102.37944479519092, 16.90876153652793], [102.37912248388182, 16.90876153525994], [102.37912248344026, 16.908835094806456], [102.37930212024249, 16.90883509548413], [102.3793021203168, 16.908924919832174], [102.37939193874105, 16.90892491965283], [102.37939193792893, 16.909014744008054], [102.37948175732559, 16.90901474376602], [102.3794817565644, 16.909104568112937], [102.37939193804634, 16.90910456744475], [102.37939193725074, 16.90919439179867], [102.37948175579538, 16.909194391556827], [102.37948175598812, 16.909284215886945], [102.37957157458388, 16.90928421650026], [102.37957157434847, 16.909194392177803], [102.37966139289391, 16.909194392759225], [102.37966139470849, 16.908835097251764], [102.37975121305945, 16.90883509692189], [102.37975121439965, 16.908655449171825], [102.38002067013613, 16.90865545068245], [102.38002066974516, 16.90856562639373], [102.38011048889094, 16.90856562681549], [102.38011048940288, 16.908475802518282], [102.3802901266487, 16.90847580327397], [102.38029012660547, 16.908296155626108], [102.38055958262935, 16.908296156501226], [102.38055958231423, 16.908385980761434], [102.38064940132868, 16.90838598096121], [102.38064940106452, 16.908475805213115], [102.38073921917662, 16.908475805381176], [102.38073921874235, 16.908655452965355], [102.38082903693214, 16.90865545307855], [102.38082903677814, 16.908745277313194], [102.38091885500295, 16.90874527737918], [102.38091885606775, 16.908655454039074], [102.38100867424225, 16.90865545407317], [102.38100867431915, 16.9085656298532], [102.38109849339679, 16.90856563074226], [102.38109849349003, 16.90838598231569], [102.3811883124746, 16.908385983180544], [102.38118831345294, 16.908206334751174], [102.38127813140716, 16.9082063356073], [102.38127813235603, 16.907936863891507], [102.3813679510958, 16.907936863813173], [102.38136795200218, 16.907757216310337], [102.38145777064891, 16.907757216207774], [102.3814577706112, 16.907667392921983], [102.3817272263936, 16.907667393302365], [102.38172722715736, 16.907577569121035], [102.38199668277498, 16.907577570973206], [102.38199668212314, 16.907667394229186], [102.38208650068968, 16.9076673947598], [102.38208649988138, 16.907936866290104], [102.38217631856833, 16.90793686675818], [102.38217631754196, 16.908116515038408], [102.3822661363066, 16.908116515451614], [102.38226613583241, 16.908206338680714], [102.38235595463205, 16.90820633904672], [102.38235595303699, 16.90856563463308], [102.3824457719997, 16.90856563492887], [102.38244577072378, 16.908924931376582], [102.3822661333705, 16.908924929888833], [102.38226613298684, 16.909014754014464], [102.38224764537898, 16.909014753952285], [102.38224764568822, 16.909019234682507], [102.38226906063916, 16.909019235045356], [102.38226769412535, 16.909118196697552], [102.38251714032545, 16.909121390009272], [102.38251714006675, 16.909153981849098], [102.3825486591238, 16.909153981951334], [102.38254685940933, 16.909284227429627], [102.38262540627464, 16.9092842272929], [102.38262540609479, 16.909374051385278], [102.38271522448127, 16.909374051508976], [102.38271522416738, 16.90939487735651], [102.38282677088816, 16.90939630504787], [102.38282302880478, 16.909667210321462], [102.383385850032, 16.909674412450933], [102.3833895903836, 16.909403508229886], [102.38395241055841, 16.909410709835626], [102.38395615106916, 16.909139803924948], [102.38423756019391, 16.909143404668832], [102.38424130038008, 16.90887249972383], [102.38367848103402, 16.908865299546992], [102.38367474097475, 16.90913620461116], [102.38311192149754, 16.90912900299273], [102.38311722083509, 16.908745285545855], [102.38307450168725, 16.908745285861183], [102.38307450141261, 16.908586618840804], [102.38283799569882, 16.90858359194098], [102.38284173618153, 16.908312687584605], [102.38256032796606, 16.908309085590208], [102.38256354600004, 16.908076003459286], [102.38265188792579, 16.908076003773704], [102.3826518880087, 16.908039305802344], [102.38271522900205, 16.908040116097432], [102.3827152293304, 16.908026692846153], [102.38262541158413, 16.90802669260752], [102.38262541220023, 16.907847044402633], [102.38253559359428, 16.907847044124637], [102.38253559434492, 16.90766739680421], [102.38244577581668, 16.907667396471325], [102.38244577573226, 16.90748774824612], [102.38235595728172, 16.90748774785836], [102.3823559582692, 16.907308100502085], [102.38217632151581, 16.90730809957728], [102.38217632094063, 16.90739792372225], [102.3820865025098, 16.907397923208173], [102.38208650190018, 16.907487747360175], [102.38172722794549, 16.90748774584144], [102.38172722778846, 16.9073979216743], [102.38163740931927, 16.9073979209625], [102.38163740951077, 16.90721346240019], [102.38160044680625, 16.907212988908533]], [[102.3818170376757, 16.909643520085474], [102.38181703821492, 16.909553695926075], [102.38190685675573, 16.90955369639043], [102.38190685726052, 16.909463872238025], [102.3819814586202, 16.90946387263272], [102.38198642263403, 16.909104576979278], [102.38181704011369, 16.909104576037233], [102.38181703953315, 16.909194400199887], [102.38172722115542, 16.909194399665346], [102.38172721993377, 16.90937404800399], [102.38163740146301, 16.909374047445233], [102.38163740057296, 16.909652031911673], [102.38197879880764, 16.909656403259604], [102.38197897665582, 16.909643520456775], [102.3818170376757, 16.909643520085474]], [[102.37903266608717, 16.90862679874045], [102.37903266509771, 16.908745270487827], [102.37904061168304, 16.90874527090095], [102.37904061173015, 16.90862679916996], [102.37903266608717, 16.90862679874045]], [[102.38421817987673, 16.90805934700665], [102.38421817971944, 16.908028530721275], [102.38427207065878, 16.908028530261635], [102.3842720716861, 16.90797463604352], [102.38453515036959, 16.907974637121242], [102.38453766317984, 16.90779248068706], [102.38425625616185, 16.90778888089894], [102.38426484979524, 16.907166220716146], [102.38416429195463, 16.90716622108619], [102.38416429178926, 16.907220115297804], [102.38405650938803, 16.907220114273873], [102.38405650958413, 16.907166220056734], [102.38394872721871, 16.90716621987273], [102.38394872744851, 16.907112325649834], [102.38389483673762, 16.90711232507476], [102.38389483698577, 16.907058430848895], [102.38384094536627, 16.907058431174704], [102.3838409461974, 16.906970711217994], [102.3837870554087, 16.9069700218909], [102.38378705494709, 16.907004536336768], [102.38367927264625, 16.907004535993817], [102.38367927233368, 16.90705843023098], [102.38362538068702, 16.90705842959747], [102.38362538131555, 16.90711232472403], [102.38357148965078, 16.907112324079044], [102.38357148931343, 16.907166218321258], [102.38351759858402, 16.907166218551662], [102.38351759796745, 16.907237526632617], [102.38370091998065, 16.907239871830722], [102.38369344101108, 16.90778168107014], [102.38397484909547, 16.90778528162305], [102.38397110822989, 16.908056185749178], [102.38421817987673, 16.90805934700665]], [[102.38313158261047, 16.907705160524575], [102.3831284668321, 16.90770516064383], [102.38313137693476, 16.907720052163715], [102.38313158261047, 16.907705160524575]], [[102.38208650472421, 16.906740507778633], [102.38200463307676, 16.906740507481704], [102.3820046324689, 16.906875242816902], [102.38173576297707, 16.90687524284982], [102.38173517586978, 16.906917727502925], [102.38173517555965, 16.906943762544987], [102.38201622270763, 16.90694735935243], [102.38201496230607, 16.907038627829348], [102.38217632236973, 16.907038628056362], [102.38217632328195, 16.906769155627213], [102.38208650422857, 16.9067691559774], [102.38208650472421, 16.906740507778633]], [[102.38203210667085, 16.90579735696906], [102.3823135613468, 16.905797357978948], [102.3823163362124, 16.905596440780265], [102.3820349319359, 16.905592838234835], [102.38203210667085, 16.90579735696906]]]}}, {"type": "Feature", "properties": {"tambon": "ต.ศรีบุญเรือง", "amphoe": "อ.ศรีบุญเรือง", "cls": 3, "label": "ท่วมซ้ำซากเป็นครั้งคราว", "desc": "ประสบน้ำท่วมไม่เกิน 3 ครั้ง ใน 10 ปี", "color": "#38bdf8"}, "geometry": {"type": "Polygon", "coordinates": [[[102.30121978664157, 16.91149207517962], [102.30121978684137, 16.911351671540398], [102.30114958423671, 16.9112814698642], [102.30100917973652, 16.91128147006461], [102.30086877569242, 16.911141065578608], [102.30079857327256, 16.911070862841417], [102.30079857378495, 16.910990773620863], [102.30067944356857, 16.910990773001124], [102.30067944292584, 16.911080597042613], [102.3005896249506, 16.911080596912363], [102.30058962427327, 16.911170420960666], [102.30049980623215, 16.911170419895885], [102.30049980552019, 16.911260243951013], [102.30040998650718, 16.911260243771757], [102.30040998669807, 16.911350067818567], [102.3003201676349, 16.91135006760724], [102.30032016779118, 16.911439891660866], [102.30005071230369, 16.91143989078169], [102.30005071227544, 16.911350066705634], [102.29978125684872, 16.911350065448083], [102.29978125581144, 16.911439889561706], [102.29976355716393, 16.91143988915909], [102.29988594635235, 16.911562277528212], [102.30002635016629, 16.911702682759007], [102.30030715907675, 16.911702682617673], [102.30044756325705, 16.911843086581385], [102.3011495842767, 16.91184308624098], [102.3012899881754, 16.9119834904129], [102.30143039222304, 16.91198348994297], [102.30150059421437, 16.911913288775903], [102.30150059408247, 16.9116324806761], [102.30143039217378, 16.911562277314676], [102.30128998843902, 16.911562277729765], [102.30121978664157, 16.91149207517962]], [[102.29798488556625, 16.911170411237016], [102.2979848856064, 16.911080587002232], [102.29816452288891, 16.911080587697068], [102.29816452380496, 16.91099076436388], [102.29825434192358, 16.91099076466701], [102.29825434272558, 16.910811116223833], [102.29816452375485, 16.910811115920897], [102.29816452469018, 16.91063146836262], [102.29814907476485, 16.910631468530752], [102.29806069079575, 16.91071985288966], [102.29777988282382, 16.910719853292502], [102.29756927674558, 16.910930458773528], [102.29756927658754, 16.911070862846998], [102.29763947800238, 16.91114106600319], [102.2976688230556, 16.911170409967223], [102.29798488556625, 16.911170411237016]], [[102.29995614794326, 16.910088033505858], [102.29995614780593, 16.90980722500787], [102.29988594628605, 16.909737023607736], [102.29974554184682, 16.909737023654984], [102.29960513714418, 16.909596618864086], [102.29946473291359, 16.90973702345957], [102.29924235125807, 16.90973702400812], [102.299242351297, 16.909823056773007], [102.29915253194046, 16.90982305683803], [102.29915253127935, 16.91009252840435], [102.29951180545436, 16.910092529682707], [102.2995118051136, 16.910182353812818], [102.30019087549343, 16.91018235634474], [102.3001667553241, 16.91015823634688], [102.3000263496711, 16.91015823665734], [102.29995614794326, 16.910088033505858]], [[102.29852380208719, 16.91005972961214], [102.29852380204292, 16.910002702687795], [102.29861362059967, 16.91000270289979], [102.29861362044589, 16.909912878708784], [102.29870343895247, 16.9099128788887], [102.29870343970141, 16.909818154777906], [102.29869250966787, 16.909807225133164], [102.29869251010642, 16.909666821176206], [102.29862230808243, 16.909596618361764], [102.29820109551433, 16.909596618241835], [102.29806069099156, 16.909456214889676], [102.29799048926981, 16.90938601270428], [102.29799048955792, 16.9089647996832], [102.29792027952759, 16.908894591253247], [102.29763947810588, 16.90889459814735], [102.29749907445756, 16.909035001532015], [102.29742887217205, 16.90896480000463], [102.29735867086079, 16.90889459752598], [102.29717652717716, 16.908894598305586], [102.29717652698943, 16.908924810257215], [102.29681725246023, 16.908924809019958], [102.29681725260924, 16.909014633352495], [102.296368159539, 16.909014631171544], [102.29636815848131, 16.90919427902196], [102.29627834013762, 16.90919427865652], [102.29627833902681, 16.909373926519248], [102.2963681583933, 16.909373926854638], [102.29636815723573, 16.909596618722464], [102.29637584090509, 16.909596618476154], [102.29651624451952, 16.909737023187127], [102.29665664840978, 16.909737023572763], [102.29679705324197, 16.90987742711653], [102.29693745720003, 16.909877427290645], [102.29707786183026, 16.90973702321714], [102.29735867038396, 16.90973702310354], [102.29749907472456, 16.90987742699044], [102.29777988339303, 16.909877427162964], [102.29792028719393, 16.91001783160293], [102.29816452676103, 16.910017831794026], [102.29816452680379, 16.910002701459476], [102.29807470914713, 16.91000270103461], [102.29807470924942, 16.909912876798753], [102.29816452780086, 16.90991287721595], [102.29816452795998, 16.909733229659697], [102.29834416579145, 16.909733229487788], [102.29834416486361, 16.90982305371765], [102.29843398334992, 16.909823054023683], [102.29843398248863, 16.910017830977242], [102.29848190373416, 16.91001783124633], [102.29852380208719, 16.91005972961214]]]}}, {"type": "Feature", "properties": {"tambon": "ต.ทรายทอง", "amphoe": "อ.ศรีบุญเรือง", "cls": 3, "label": "ท่วมซ้ำซากเป็นครั้งคราว", "desc": "ประสบน้ำท่วมไม่เกิน 3 ครั้ง ใน 10 ปี", "color": "#38bdf8"}, "geometry": {"type": "Polygon", "coordinates": [[[102.36944485624359, 16.818831680334174], [102.3694575173209, 16.81791432904093], [102.36917624665647, 16.817910726754622], [102.36917971360353, 16.817659550348953], [102.36917479045509, 16.81765954987615], [102.3691747904482, 16.81771344418461], [102.36912089925251, 16.817713444586047], [102.36912089921708, 16.817821233207766], [102.36906700797213, 16.817821232698144], [102.36906700794361, 16.817875127011405], [102.36912089920382, 16.8178751275183], [102.36912089824352, 16.81809070477341], [102.36917478956212, 16.818090705255116], [102.36917478780214, 16.818360176816558], [102.36912089734409, 16.81836017633321], [102.36912089642354, 16.818414070656768], [102.36895922312914, 16.81841407006314], [102.36895922315858, 16.818360175746708], [102.36890533268952, 16.81836017520668], [102.3689053327372, 16.818306280887267], [102.36885144135968, 16.818306281248077], [102.36885144173523, 16.818177519253652], [102.36860996406098, 16.818174426998326], [102.36861335095614, 16.817929019806133], [102.36858198731538, 16.81792901974375], [102.36858198715528, 16.8179829140813], [102.36842031320812, 16.81798291301188], [102.36842031341403, 16.817929018666078], [102.36836642211873, 16.817929018880122], [102.36836642257003, 16.81782123018233], [102.3684203138348, 16.817821229973784], [102.36842031516822, 16.81749786389126], [102.36836642399514, 16.8174978640833], [102.36836642449389, 16.817390075381777], [102.36831253333263, 16.81739007465174], [102.3683125338738, 16.817282285943783], [102.3682586427563, 16.81728228609647], [102.36825864391375, 16.816905025607387], [102.36820475290044, 16.816905025726673], [102.36820475355606, 16.816797237003506], [102.36809697156635, 16.81679723628615], [102.36809697135801, 16.816689447566443], [102.36778650737601, 16.816689446834715], [102.36778485491695, 16.816809100201535], [102.3675580596269, 16.81680619532096], [102.36755805853119, 16.81701281214913], [102.36750416745159, 16.8170128120897], [102.36750416734347, 16.81712059996471], [102.36745027623058, 16.817120599896615], [102.36745027570521, 16.817174494295397], [102.36739638457428, 16.81717449421588], [102.3673963840366, 16.817228388617178], [102.36731787533225, 16.817228388668273], [102.36739879188265, 16.817346056381343], [102.36749610238994, 16.81734730328639], [102.36749420294814, 16.817484802760053], [102.36752616121323, 16.817531275872312], [102.36770131167427, 16.817748050507266], [102.36778869042833, 16.817870735529443], [102.36794365074587, 16.81793708548951], [102.36812087659212, 16.818003711036507], [102.3682986947207, 16.81802744663088], [102.36855314960006, 16.81814511975227], [102.36895678149997, 16.818479242571566], [102.36913611119759, 16.81862964831087], [102.36922867852184, 16.81862964879681], [102.36922867764666, 16.818683543113714], [102.36933646059026, 16.818683543043363], [102.36933645974864, 16.818737437354542], [102.36939102227917, 16.81873743756843], [102.36939102189798, 16.818831679925953], [102.36944485624359, 16.818831680334174]], [[102.375133859707, 16.81850950975208], [102.37513385917765, 16.818488479661877], [102.37499913129116, 16.81848847878975], [102.37499913221654, 16.81835374278333], [102.37494114176789, 16.818353742614462], [102.37494114178581, 16.81836019751432], [102.37488725066937, 16.818360197660287], [102.37488725044662, 16.8184140917047], [102.37483335931215, 16.818414091839273], [102.37483335936423, 16.818463822827056], [102.3748590972506, 16.818497806432777], [102.37510363913711, 16.818511179888212], [102.375133859707, 16.81850950975208]], [[102.37648113939217, 16.818302329672765], [102.37648113969087, 16.818219012732353], [102.37634641121464, 16.818219011824517], [102.37634641122557, 16.81835374766016], [102.37621168265262, 16.818353747583384], [102.37621168248819, 16.818427824050765], [102.37648113939217, 16.818302329672765]], [[102.37483336074047, 16.818084270847386], [102.37483336075292, 16.818090725748032], [102.37486440559833, 16.818090725571984], [102.37486440558479, 16.818084270671523], [102.37483336074047, 16.818084270847386]], [[102.37499913695011, 16.81717234615223], [102.37499913671175, 16.817141119639356], [102.37486440884193, 16.817141119424257], [102.37486440924235, 16.817069719239257], [102.37478014405526, 16.817215222177538], [102.37467886874612, 16.817390098159475], [102.37465063780999, 16.817438845189276], [102.37480915137984, 16.817440871059606], [102.37481288283398, 16.8171699656577], [102.37499913695011, 16.81717234615223]], [[102.3740026571705, 16.814721038748118], [102.3740082064917, 16.814318117531787], [102.37391722549951, 16.814318117182612], [102.3739172260124, 16.81421032897444], [102.37380944415075, 16.81421032832033], [102.37380944397374, 16.81415643421805], [102.3737016611947, 16.81415643351715], [102.37370166198812, 16.814102539393776], [102.37364777107821, 16.81410253901162], [102.37364777095297, 16.814048644900613], [102.37359388005555, 16.81404864450154], [102.37359387994854, 16.813994750387568], [102.37353998906367, 16.81399474997158], [102.37353998897491, 16.8139408558546], [102.37343220629053, 16.81394085498998], [102.37343220717219, 16.813886960851896], [102.3732705336552, 16.813886960335132], [102.37327053274012, 16.813994748612206], [102.3732166418547, 16.81399474901358], [102.3732166418548, 16.814048643146855], [102.37316797011574, 16.814048642678323], [102.3731663196399, 16.81416844445657], [102.37305496810829, 16.814167020758635], [102.37305496712698, 16.814210325825773], [102.37300107615347, 16.81421032527911], [102.37300107610436, 16.81426421942244], [102.37283940313745, 16.814264218608084], [102.3728394032324, 16.814210324456496], [102.37273162033966, 16.814210324153418], [102.37273162043124, 16.814162887618817], [102.37260378566775, 16.814161253208127], [102.37260040888157, 16.81440630024652], [102.3728041449807, 16.81464933385247], [102.37281761757052, 16.81466540561613], [102.37287746973118, 16.814715151315553], [102.3728775864881, 16.81470665808689], [102.37344012195804, 16.814713849193254], [102.37343425596227, 16.815139544438527], [102.37359338931451, 16.815257713643874], [102.37399519259333, 16.815262848188212], [102.37399226793477, 16.815475147210215], [102.37415329766729, 16.815569598982133], [102.37432555269478, 16.815661798192597], [102.37445613209097, 16.81566346840692], [102.3744561329321, 16.81553969057712], [102.37427273006382, 16.815537347332004], [102.37428019370694, 16.814995538034406], [102.3739989248657, 16.814991944372586], [102.3740026571705, 16.814721038748118]], [[102.374563916021, 16.815270115708426], [102.37455773104864, 16.815270036794324], [102.37455599590159, 16.815396006779647], [102.37456391515381, 16.815396006650374], [102.374563916021, 16.815270115708426]], [[102.36939036738393, 16.81453367831938], [102.36939036734577, 16.814497106085554], [102.36937591819509, 16.814505875965942], [102.36933580231202, 16.814533677949562], [102.36939036738393, 16.81453367831938]], [[102.3697676059271, 16.81447978506198], [102.36976760594386, 16.81442589076981], [102.36978697576437, 16.81442589073199], [102.36979003899822, 16.814203872470635], [102.36958732431391, 16.81435936776564], [102.36955481058092, 16.81438190080395], [102.36949342054211, 16.81443455815792], [102.36941890680549, 16.814479784334203], [102.3697676059271, 16.81447978506198]], [[102.37203103550847, 16.814210322086428], [102.37203103581952, 16.814156426990902], [102.372041220214, 16.81415642679136], [102.3720412523751, 16.814154060392873], [102.37186936263443, 16.814151861550524], [102.37186936245469, 16.814210321401113], [102.37203103550847, 16.814210322086428]]]}}, {"type": "Feature", "properties": {"tambon": "ต.ทรายทอง", "amphoe": "อ.ศรีบุญเรือง", "cls": 3, "label": "ท่วมซ้ำซากเป็นครั้งคราว", "desc": "ประสบน้ำท่วมไม่เกิน 3 ครั้ง ใน 10 ปี", "color": "#38bdf8"}, "geometry": {"type": "Polygon", "coordinates": [[[102.35942045082663, 16.828061125087903], [102.35942045115712, 16.828007230357795], [102.35947143647739, 16.828007230855537], [102.35947415209911, 16.827811412064204], [102.35968990846227, 16.827814185837024], [102.3596899082588, 16.82779165433712], [102.35979768978054, 16.827791654869543], [102.3597976900188, 16.827737760157454], [102.3598515816893, 16.8277377599386], [102.35985158193114, 16.82768386613144], [102.3599054726466, 16.827683865916494], [102.35990547331225, 16.827522182696995], [102.35985158264262, 16.827522182903724], [102.35985158364325, 16.82730660586514], [102.35979769207913, 16.82730660515963], [102.35979769262778, 16.82719881663344], [102.35974380110741, 16.827198816810697], [102.35974380139348, 16.827144922093314], [102.35968990988565, 16.82714492225364], [102.35968991018997, 16.827091027533285], [102.35963601963167, 16.827091027661357], [102.35963601995422, 16.827037132938], [102.3595821284715, 16.827037133064493], [102.3595821288123, 16.826983238338183], [102.3595282373421, 16.826983238447745], [102.35952823770114, 16.82692934371846], [102.35958212915607, 16.826929343611635], [102.35958212929994, 16.826767661250734], [102.35963602070625, 16.82676766113795], [102.35963602104655, 16.826713766413214], [102.35968991245076, 16.82671376719142], [102.3596899125225, 16.826552083941753], [102.35974380386217, 16.82655208381159], [102.35974380452417, 16.826444295273387], [102.3597744340754, 16.826444295841004], [102.35977592870043, 16.826336506322484], [102.359743804261, 16.826336506749584], [102.35974380494669, 16.826228718209514], [102.35977742335155, 16.826228717705742], [102.35977796499553, 16.826189618789275], [102.35949668430034, 16.826186002602046], [102.35950043926383, 16.82591510087069], [102.35893787661335, 16.825907867228764], [102.35894163338368, 16.825636965344337], [102.35871369419827, 16.825634034953527], [102.35876937531471, 16.825891619483343], [102.3587664012473, 16.82610610982894], [102.35876392323257, 16.82628485358138], [102.35874351322988, 16.82634322915413], [102.35884495827038, 16.826276184451594], [102.35890404762502, 16.82629839452476], [102.35895961351363, 16.826393638503742], [102.35896125072398, 16.826396444288996], [102.35901202101266, 16.82648346938268], [102.359051081474, 16.82655042476718], [102.35906284649668, 16.826570591943398], [102.35906391738811, 16.82657338533034], [102.35913695472807, 16.82655588795166], [102.35917716889885, 16.826727173833223], [102.35912572336103, 16.826734590745186], [102.3591703117153, 16.826850889382236], [102.35925403141431, 16.827238150690448], [102.35925105754968, 16.827452658989024], [102.35925044084073, 16.827497121902145], [102.35924857955312, 16.827631418005623], [102.35924163433349, 16.827651279350167], [102.35913601987147, 16.82795333467469], [102.35915166656898, 16.827953334968807], [102.35915166613502, 16.82799368246142], [102.3592048868322, 16.827993682550144], [102.35920488686027, 16.82800722980089], [102.35931266855363, 16.828007230566563], [102.35931266911365, 16.828061124384423], [102.35942045082663, 16.828061125087903]], [[102.35792452393743, 16.827337079703685], [102.35791646113769, 16.827197340224473], [102.35785844805741, 16.827219695146134], [102.35782877173816, 16.827306597692516], [102.35779164383312, 16.827415324120718], [102.35779109699251, 16.827454733699483], [102.35789420811334, 16.82745473403803], [102.35789420787522, 16.82752364655488], [102.35792452393743, 16.827337079703685]], [[102.35739692794901, 16.825494680959945], [102.35721502291126, 16.82549467978149], [102.3572150233481, 16.82535994449067], [102.35708029505686, 16.825359943433693], [102.35708029560772, 16.825225208124287], [102.35697803103032, 16.82522520777729], [102.356976428379, 16.8253407360959], [102.35683368604141, 16.825338898101847], [102.35683368627039, 16.82536639795928], [102.35677979511892, 16.82536639726359], [102.35677979483161, 16.82542029212412], [102.35672590366214, 16.82542029141699], [102.35672590336252, 16.82547418628003], [102.35669324848433, 16.825474185850236], [102.35669139097455, 16.825608016399162], [102.35697267150344, 16.82561163660133], [102.35696515421205, 16.82615343856378], [102.35724643454589, 16.826157058259547], [102.35724317374576, 16.82639205951012], [102.35732912331575, 16.82639754479364], [102.35733801976997, 16.82638967784963], [102.35740520133218, 16.826197197654015], [102.35740759149624, 16.82619034972105], [102.35744005886413, 16.8259905344122], [102.35742808612257, 16.825783004163913], [102.35735635560853, 16.82560330566992], [102.3573347847782, 16.825552969906585], [102.35739692794901, 16.825494680959945]], [[102.35866296103809, 16.82544515553014], [102.35866786318769, 16.825091545825792], [102.35947435323108, 16.825101916468647], [102.35947435345703, 16.825096935539538], [102.35942046251631, 16.825096935524776], [102.35942046258442, 16.824989146956398], [102.35936657167153, 16.82498914692197], [102.35936657295953, 16.824665780277066], [102.35931268213561, 16.82466578021201], [102.35931268231215, 16.824557991628936], [102.35920489978021, 16.82455799146066], [102.35920490036403, 16.824504096704423], [102.35909711785169, 16.82450409647396], [102.35909711846901, 16.824450201711983], [102.35908479929749, 16.82445020198431], [102.35890842938753, 16.824587629609532], [102.35885158979289, 16.824667429384704], [102.35878728424693, 16.824757709429708], [102.3586285334365, 16.824963062440077], [102.35854165796749, 16.82516143985964], [102.35857822058314, 16.825224116101193], [102.35866296103809, 16.82544515553014]], [[102.3597976997771, 16.825258619469604], [102.35979086815553, 16.825258619346577], [102.35978922886926, 16.8253769137837], [102.36006715497737, 16.825380486278537], [102.36006715494665, 16.825366409169412], [102.35995937296997, 16.825366409465], [102.35995937329544, 16.825312514750657], [102.35979769940282, 16.82531251419241], [102.3597976997771, 16.825258619469604]], [[102.35708029997771, 16.824078595371628], [102.35706367924803, 16.823903168649707], [102.35708289258683, 16.823588780191127], [102.35714065899894, 16.82344620299825], [102.35700273760393, 16.82344442868173], [102.35700649499091, 16.82317352814394], [102.35683369480216, 16.82317130395699], [102.35683369430198, 16.823210623401174], [102.35677980377777, 16.823210623498277], [102.35677980253838, 16.82337230630236], [102.35672591196557, 16.82337230639353], [102.35672591112882, 16.82348009523468], [102.35667201956984, 16.823480094430074], [102.35667201965131, 16.823587883260444], [102.35661812807494, 16.82358788334955], [102.35661812727523, 16.823803461033823], [102.35656423655604, 16.823803460201965], [102.3565642357425, 16.82401903789347], [102.35651034403834, 16.82401903797612], [102.35651034363964, 16.824180720795486], [102.35656423538963, 16.82418072070462], [102.3565642351884, 16.82422106829263], [102.35654694202834, 16.82422106849156], [102.35654694132054, 16.82431089238456], [102.35661812533591, 16.824310892087823], [102.35661812553015, 16.82439629828888], [102.35663675991933, 16.824396298718916], [102.35663675934761, 16.82449054027292], [102.35667201586048, 16.824490540627266], [102.3566720155765, 16.82452396924032], [102.35670642606202, 16.824524412189195], [102.35670521230155, 16.824611876462125], [102.35672590678045, 16.82461187659572], [102.35672590642058, 16.824665770559854], [102.35672657748918, 16.824665770419443], [102.3567265775697, 16.824670188088845], [102.35677979745783, 16.824670188974537], [102.35677979764868, 16.82477356011451], [102.35681639541016, 16.82477356016861], [102.35681639511286, 16.824796777766288], [102.35698394605392, 16.824798934109175], [102.35698363961973, 16.824821000388496], [102.35708029733918, 16.824821000382506], [102.35708029997771, 16.824078595371628]], [[102.35812707923301, 16.824019044013767], [102.35812708055268, 16.823655306003094], [102.35812505699452, 16.823659927372123], [102.35812408758582, 16.82372980354769], [102.35809462330877, 16.823729424338726], [102.35804432961193, 16.823844272216004], [102.35806292600321, 16.824109098403877], [102.35808856159072, 16.824283165147087], [102.35823986935362, 16.824126832812116], [102.35823486070606, 16.82412683259889], [102.35823486160452, 16.82407293869386], [102.35818096995415, 16.824072938316284], [102.35818096991797, 16.82401904352116], [102.35812707923301, 16.824019044013767]], [[102.35895852249337, 16.823115047787503], [102.35903726873802, 16.822915367240274], [102.3588989608603, 16.822968540524492], [102.35871272552373, 16.82301620346651], [102.35842383306597, 16.823241321445906], [102.35841195793489, 16.823257993929158], [102.35841105915509, 16.823322835649634], [102.35843313589154, 16.823322835589153], [102.35843313600905, 16.82341266023117], [102.35861277259384, 16.823412660749426], [102.35861277278855, 16.823502484473167], [102.35870259064349, 16.823502484673284], [102.35870259088884, 16.82359230838876], [102.35870806438598, 16.823592308209456], [102.35879007815747, 16.82348476925933], [102.35892655727898, 16.823185209865358], [102.35895852249337, 16.823115047787503]]]}}, {"type": "Feature", "properties": {"tambon": "ต.ทรายทอง", "amphoe": "อ.ศรีบุญเรือง", "cls": 3, "label": "ท่วมซ้ำซากเป็นครั้งคราว", "desc": "ประสบน้ำท่วมไม่เกิน 3 ครั้ง ใน 10 ปี", "color": "#38bdf8"}, "geometry": {"type": "Polygon", "coordinates": [[[102.34422314679362, 16.827740962052182], [102.34411536481511, 16.827740962328733], [102.34411536378165, 16.82779159729599], [102.34422314674173, 16.827791597901474], [102.34422314679362, 16.827740962052182]], [[102.3442770381893, 16.827737703661743], [102.34427703843191, 16.82771760096957], [102.34425693644317, 16.82773770349709], [102.3442770381893, 16.827737703661743]], [[102.34400339510222, 16.82762991352005], [102.34400364673819, 16.827611901848826], [102.34427703784826, 16.827615437438148], [102.34427703813769, 16.82757602099914], [102.34422314765989, 16.827576020691502], [102.34422314862513, 16.82736044347777], [102.34427703902595, 16.82736044289394], [102.34427704009941, 16.827185213686768], [102.34429092767228, 16.82718521400123], [102.3442924816711, 16.827073742879328], [102.34372992214239, 16.827066466853847], [102.34373183572114, 16.82692928599262], [102.34368423824881, 16.826929285910314], [102.3436842380649, 16.826983180465035], [102.34363034680406, 16.826983180889094], [102.34363034659195, 16.827037074543902], [102.3435764553131, 16.82703707495651], [102.34357645552463, 16.826983180396564], [102.34336089133252, 16.826983179171766], [102.34336089079011, 16.82709096831328], [102.34330699946646, 16.827090967755325], [102.34330699900664, 16.827360439700996], [102.3433608894697, 16.82736044026057], [102.34336088921762, 16.82741433482982], [102.34341478061438, 16.82741433445481], [102.34341478038054, 16.827468229021097], [102.3434686718057, 16.827468229531615], [102.34346867157423, 16.827522123192505], [102.34352256301196, 16.827522123686116], [102.34352256187756, 16.82757601826172], [102.34357645331201, 16.827576017836012], [102.34357645313284, 16.827629912393384], [102.34400339510222, 16.82762991352005]], [[102.34619352114656, 16.82675158960358], [102.34655851831656, 16.82666074251282], [102.34666688710777, 16.826652049518195], [102.34673882689653, 16.826646278404613], [102.3467567063146, 16.826644844112963], [102.34678889076164, 16.826642262179284], [102.34698264665187, 16.826587564698933], [102.3472138157055, 16.826511884461222], [102.34729494741723, 16.826503568475935], [102.3472949476619, 16.82649814428015], [102.34734786669449, 16.826498145224846], [102.3473488387601, 16.826498045424813], [102.34734883873922, 16.826444250335072], [102.34740272969051, 16.82644425076496], [102.3474027297862, 16.826390356381065], [102.34745662165645, 16.82639035678423], [102.3474566217398, 16.82633646240282], [102.34751051263919, 16.82633646190741], [102.34751051255738, 16.826273335845162], [102.34750845326712, 16.826273009257804], [102.34745236373816, 16.826256012974234], [102.34742715765938, 16.826232543660716], [102.34736497765142, 16.826221616976973], [102.34725920861402, 16.826199461311443], [102.34720301511622, 16.826176495432247], [102.34714629985622, 16.826123687381138], [102.34710207944687, 16.826076645894606], [102.34703916599999, 16.82602393796213], [102.34700754914586, 16.825988633383528], [102.34698812169343, 16.825941186723334], [102.34698140075766, 16.82591144383165], [102.34691302356923, 16.82590061802891], [102.34686302657332, 16.8258775528129], [102.34684968964343, 16.825824034714255], [102.34684864154346, 16.825764351364896], [102.34686639220644, 16.82571629674354], [102.34682238648347, 16.825681193200474], [102.34673489113865, 16.8256408274343], [102.34668458138226, 16.825599855409543], [102.3466774399555, 16.82554623718801], [102.34665738044852, 16.825462979787304], [102.34666263455921, 16.825409161293003], [102.34664929871026, 16.8253556449529], [102.34662345879401, 16.825296364843823], [102.34661600270375, 16.825224839893632], [102.34660875743401, 16.825165256650553], [102.34658281448176, 16.82510000428217], [102.34656359614524, 16.82506449657585], [102.34655046735865, 16.825022918379585], [102.3465564557539, 16.825010879225246], [102.34659983096496, 16.825010172144907], [102.34668669657009, 16.825014725491982], [102.34672975990453, 16.824996113424618], [102.3467414191747, 16.824954130242126], [102.34675297543158, 16.824906179326355], [102.34677124970808, 16.824887971370675], [102.34677718830056, 16.824881312085456], [102.34675604185786, 16.824881311997824], [102.3467560422224, 16.82482741757435], [102.34670215077571, 16.824827417810067], [102.34670215154416, 16.824719628956977], [102.34659436962487, 16.824719628457274], [102.34659436952923, 16.8246118396076], [102.3465404781355, 16.824611839789863], [102.34654047863505, 16.824665734209898], [102.34616324052185, 16.82466573237019], [102.3461632406433, 16.82466355239861], [102.34597189460474, 16.824714813672863], [102.34591948687581, 16.824554468287168], [102.34605545874989, 16.824521721779103], [102.34605545868774, 16.82439626022785], [102.34610935004493, 16.824396260184088], [102.34610935061936, 16.824342365725734], [102.34616324197438, 16.82434236657296], [102.34616324159948, 16.824288472132373], [102.34627102423907, 16.824288471984907], [102.3462710238524, 16.824234578451957], [102.3463076227776, 16.824234578581716], [102.34630762190561, 16.82431085495799], [102.34648725934305, 16.824310856059437], [102.34648725871766, 16.824490503572758], [102.34664826080007, 16.824490504068855], [102.34664826082171, 16.824504051468395], [102.34666689631752, 16.82450405188565], [102.34666689561058, 16.824580328234493], [102.34675671395367, 16.824580328181067], [102.34675671427316, 16.824670152808107], [102.34691771646695, 16.82467015306526], [102.34691771564074, 16.824827418602236], [102.34687097921665, 16.82482741777699], [102.3468818505373, 16.824832433652816], [102.34692606966303, 16.824879477975642], [102.34695841689144, 16.82495656379694], [102.34699045036471, 16.825015743781545], [102.34702269464759, 16.825086862753835], [102.34702549697509, 16.825093043739958], [102.34702549737477, 16.825042995641045], [102.34707938794504, 16.825042996227033], [102.34707938820904, 16.824989101820655], [102.34711598725171, 16.824989101780044], [102.34711598695161, 16.825029449693986], [102.34720580546902, 16.825029449405736], [102.34720580510471, 16.825119274006852], [102.34738544221754, 16.82511927419946], [102.3473854425944, 16.8250429979055], [102.34740273502565, 16.825042997579352], [102.34740273519793, 16.824989103189363], [102.34751051812506, 16.824989103221203], [102.34751051826973, 16.824935208836465], [102.34756440878486, 16.82493520930034], [102.34756440998945, 16.824827420520315], [102.3475105185679, 16.82482742006626], [102.3475105193807, 16.824557949039093], [102.34756441070999, 16.824557948604408], [102.34756441132015, 16.824310859486104], [102.3475650823933, 16.824310859375906], [102.34756508267733, 16.824221035701715], [102.34774471983324, 16.824221036618262], [102.34774472117716, 16.824041388380607], [102.34783453919034, 16.824041388802634], [102.34783453945448, 16.823965111631868], [102.34788775954337, 16.82396511215546], [102.347887760574, 16.823911217770117], [102.34794165171661, 16.823911218171403], [102.34794165188222, 16.82380342943607], [102.34799554299154, 16.823803429828647], [102.34799554306349, 16.823749535463346], [102.34794165196945, 16.823749535068035], [102.34794165215273, 16.823641746331294], [102.34788776108651, 16.823641745916326], [102.34788776131214, 16.82353395717318], [102.34783387027376, 16.82353395673859], [102.34783387040626, 16.823480062363924], [102.34777997939631, 16.823480062814834], [102.34777998017948, 16.823210590924386], [102.34783387206588, 16.823210591374277], [102.34783387236922, 16.823102802621925], [102.34788776326947, 16.823102802175978], [102.34788776325887, 16.823055990213803], [102.34775233843347, 16.82305424199795], [102.34775233831829, 16.822915714356593], [102.34772633434986, 16.82291571410222], [102.34773195313137, 16.822512083972388], [102.34745067962955, 16.822508451056077], [102.34745452453521, 16.82223224560984], [102.34745822146434, 16.82196665445655], [102.34717694964144, 16.82196302100378], [102.3471910942011, 16.82094702636518], [102.34718718684323, 16.820947025968856], [102.34718718730053, 16.820893131550193], [102.34713329603841, 16.820893130812713], [102.34713329607128, 16.820785342886918], [102.34702551361585, 16.82078534226093], [102.34702551464272, 16.820677553405588], [102.34691773223749, 16.82067755271198], [102.34691773184892, 16.82062365829376], [102.34675605829018, 16.820623658492472], [102.34675605861705, 16.820677552016473], [102.34670216741004, 16.820677552057102], [102.34670216680345, 16.820731446501295], [102.34664827557846, 16.820731446530473], [102.34664827589648, 16.820785340961894], [102.34637881963825, 16.82078534000647], [102.34637882033357, 16.82073144554613], [102.34632492909218, 16.820731445490296], [102.34632492886875, 16.82067755104225], [102.34627103857687, 16.820677550954226], [102.34627103791668, 16.82059658245699], [102.34627011921035, 16.820596570348066], [102.34627011966934, 16.8205697616745], [102.34621714696841, 16.820569761959607], [102.34621714780383, 16.820490263898016], [102.3461353709729, 16.8204902632486], [102.34613537093358, 16.820594830509165], [102.34607072615792, 16.82059399461374], [102.34607449901866, 16.820323095060036], [102.3461632567808, 16.82032424212828], [102.34616325760726, 16.820246395062142], [102.34621714871932, 16.820246395185094], [102.3462171489976, 16.820089130419504], [102.3462178200567, 16.820089130316404], [102.34621782024098, 16.82008471260163], [102.34627104024541, 16.820084712821707], [102.34627104100959, 16.820030818352862], [102.34632493205507, 16.82003081845839], [102.34632493186996, 16.819976924007314], [102.34637882289744, 16.819976924101415], [102.34637882363694, 16.819923029637582], [102.34643271466224, 16.81992303062265], [102.3464327148607, 16.819785827924942], [102.34580077515437, 16.819777664542656], [102.3457970017636, 16.820048564170996], [102.3455157323941, 16.820044928826793], [102.34551950715627, 16.81977403092148], [102.3452382381259, 16.819770395122767], [102.34523446392964, 16.820041294884184], [102.34503154459861, 16.8200386725785], [102.34503154384007, 16.82019249739805], [102.3449776526832, 16.820192496960583], [102.34497765230017, 16.82030028509477], [102.34492376112587, 16.820300285551028], [102.34492376092321, 16.82030822643149], [102.3452306897653, 16.820312192836695], [102.34522691569629, 16.82058309259001], [102.34550818590324, 16.82058672638428], [102.3455044122689, 16.820857624262178], [102.34573112964672, 16.820860554161438], [102.34573112966781, 16.8211315015295], [102.34550063872989, 16.821128523940864], [102.34549682451981, 16.821402280357553], [102.34544710962156, 16.821352561062636], [102.3453769116104, 16.821282367801988], [102.34481529518027, 16.82128236847168], [102.34474509317967, 16.821352569773563], [102.34474509335145, 16.821773782920225], [102.34460468802351, 16.821914186446993], [102.34460468826349, 16.821929784758495], [102.34436422999221, 16.821926676836185], [102.34436171319919, 16.822107230454517], [102.34424890891981, 16.82210723084571], [102.34424890942135, 16.822196132234296], [102.34379791013451, 16.82219030195506], [102.3437973250044, 16.822232245525207], [102.34379531126159, 16.822376725316445], [102.3435751729642, 16.82237672484482], [102.34357517322869, 16.822458368731244], [102.34323158845905, 16.822453924881355], [102.34322514960702, 16.822915714204825], [102.34317093143673, 16.82291571422755], [102.34317093107101, 16.822995033745162], [102.34309145179338, 16.822994005302004], [102.34309145138408, 16.82299499645284], [102.34314534247825, 16.822994996357238], [102.34314534168428, 16.823053308682812], [102.34307415825329, 16.823053308711277], [102.3430741569678, 16.823232955870967], [102.34316397589865, 16.823232956588594], [102.34316397531855, 16.82332278061109], [102.34325379428424, 16.82332278128177], [102.34325379373894, 16.82341260439362], [102.34334361273949, 16.823412605017346], [102.34334361226065, 16.823502429023378], [102.34341479585768, 16.823502429773672], [102.34341479563855, 16.823587835145453], [102.34343343014834, 16.82358783498571], [102.34343342993087, 16.823592253613207], [102.34346868666776, 16.823592253562165], [102.34346868647279, 16.823641730417368], [102.34352257773122, 16.8236417301898], [102.34352257732195, 16.82369562476698], [102.34361306657009, 16.823695625167385], [102.34361306644894, 16.823771901709645], [102.343702885589, 16.82377190214555], [102.34370288531262, 16.823861726118654], [102.34379270355055, 16.823861726522864], [102.34379270332484, 16.82395155048775], [102.34397234079985, 16.82395155114762], [102.3439723397302, 16.824041375111953], [102.34411537923461, 16.824041375062425], [102.34411537739602, 16.824396253112457], [102.34415197642653, 16.82439625362171], [102.34415197621351, 16.824400671343533], [102.34416926863891, 16.82440067130074], [102.34416926846924, 16.82450404175864], [102.34422315901557, 16.824504042220816], [102.34422315869152, 16.824611831296483], [102.34427705020268, 16.82461183172376], [102.3442770484241, 16.824935197139222], [102.3442231577741, 16.82493519761549], [102.3442231573472, 16.82509688032061], [102.3441153749786, 16.825096879457426], [102.3441153748169, 16.825150773998278], [102.34384591833438, 16.825150773418336], [102.34384591809923, 16.8252046679726], [102.3437920273351, 16.82520466744668], [102.34379202708759, 16.825258562003444], [102.34373813630546, 16.825258561466082], [102.3437381360456, 16.825312456025333], [102.34368424430846, 16.82531245549179], [102.34368424403627, 16.825366350053542], [102.34362185879806, 16.825366349734924], [102.34362185825313, 16.825705100587715], [102.34369206064954, 16.825775303227058], [102.34376226308234, 16.825845504930278], [102.34376226366274, 16.825985909683673], [102.34383246527264, 16.826056111358387], [102.34397286960196, 16.82619651549383], [102.34404307138439, 16.82626671796981], [102.3440430712952, 16.826407122696676], [102.34411327317588, 16.826477324226442], [102.34425367804678, 16.826617728072033], [102.34432388010002, 16.826687930403082], [102.34432388034008, 16.826715745587805], [102.34434599256466, 16.82669649043349], [102.34473102270962, 16.826765832842995], [102.34506340125854, 16.826884542483665], [102.34528552108985, 16.826899099121963], [102.3452855206412, 16.82686631922668], [102.34517202140803, 16.826752819955903], [102.34505852135854, 16.826639319709823], [102.34505852146981, 16.826412319239584], [102.34494502079741, 16.82629881979676], [102.34483152118268, 16.826185319348095], [102.3448315212876, 16.825731319207723], [102.34471802121163, 16.825617819536014], [102.34460452127222, 16.825504319776186], [102.34471802104355, 16.825390819892174], [102.34517202099953, 16.825390819952645], [102.3452855200568, 16.825504311244146], [102.34539902142583, 16.825617819562975], [102.34608002125151, 16.825617820033514], [102.34619352107447, 16.825731319722983], [102.34619352114656, 16.82675158960358]], [[102.34459778203662, 16.825354090009398], [102.34439408191967, 16.825354090360296], [102.3443238804328, 16.825283887962385], [102.34432388027382, 16.825177519727312], [102.3446001945824, 16.825181092683312], [102.34459778203662, 16.825354090009398]], [[102.34544402328565, 16.825192000907382], [102.34544666291639, 16.82500262990228], [102.3455173158559, 16.825073282166482], [102.34563854831819, 16.82519451498699], [102.34544402328565, 16.825192000907382]], [[102.34618814973528, 16.825027717645792], [102.34609782678082, 16.82482619721328], [102.34631934355285, 16.8247330318319], [102.34643539875857, 16.824987864633762], [102.34618814973528, 16.825027717645792]], [[102.34460661642427, 16.824720343175247], [102.34460468832174, 16.824858651642014], [102.34460468766365, 16.824722271128795], [102.34460661642427, 16.824720343175247]], [[102.34460463157997, 16.824862731777884], [102.34460396934443, 16.824910194655374], [102.34455776687297, 16.824909596960264], [102.34460463157997, 16.824862731777884]], [[102.34492374902253, 16.823264474909138], [102.34492374947551, 16.823232963246763], [102.34505016608881, 16.823232963557714], [102.34505016672263, 16.82314313967855], [102.34513998544422, 16.823143139537578], [102.34513998510677, 16.823053315680614], [102.34531962245813, 16.82305331619811], [102.34531962298097, 16.822963492340403], [102.34576871603812, 16.82296349433669], [102.34576871572753, 16.823053318156465], [102.3458585343618, 16.82305331861051], [102.34585853410185, 16.82314314242205], [102.345948352771, 16.823143142829128], [102.34594835256166, 16.823232966632435], [102.3460015725241, 16.823232966780186], [102.34600157224982, 16.8232644784106], [102.34589379016364, 16.82326447831255], [102.34589378946919, 16.82331837278649], [102.34585699949805, 16.823318372056576], [102.34585576808423, 16.82332680870562], [102.34584191536686, 16.823318372346098], [102.34583989840674, 16.82331837271894], [102.34583989863694, 16.823372267180098], [102.34573211645738, 16.823372266105494], [102.34573211580195, 16.823467884229988], [102.34586299068785, 16.82345565046567], [102.34587567331116, 16.823613060598813], [102.3456235101305, 16.82365538123454], [102.34562042757061, 16.82358784334618], [102.34557044196201, 16.823587843668445], [102.34557044179644, 16.823533949194545], [102.34546265951374, 16.823533948896994], [102.34546266031867, 16.823480054402143], [102.34535487711865, 16.823480054057697], [102.34535487795706, 16.823426159557158], [102.34530098683672, 16.82342615935331], [102.3453009867564, 16.823372264865053], [102.34503153119016, 16.82337226361956], [102.34503153118918, 16.823318369117434], [102.34497764009888, 16.823318369725484], [102.34497764011614, 16.823264475220395], [102.34492374902253, 16.823264474909138]], [[102.34615517341685, 16.822424552519827], [102.34616080967709, 16.822342700508305], [102.34621781171768, 16.822341771528468], [102.34632440708216, 16.822340033365812], [102.34628793561511, 16.82252212672419], [102.34614895709994, 16.822514838688612], [102.34615517341685, 16.822424552519827]], [[102.34516630487852, 16.821937043705553], [102.34516630457355, 16.82191418695387], [102.34546163461661, 16.82161885682484], [102.3454616352918, 16.821702989264697], [102.34549263558114, 16.821702988766027], [102.34549075858968, 16.821837736156986], [102.34546163464519, 16.821837736778168], [102.34546163526744, 16.821940860694422], [102.34516630487852, 16.821937043705553]], [[102.34343341697378, 16.826915738414208], [102.3434334170575, 16.826875391284375], [102.34352256472081, 16.826875391666174], [102.34352256500601, 16.82679283788791], [102.34345242056172, 16.826791930406397], [102.34345619936488, 16.826521032090984], [102.3431749207239, 16.826517393418538], [102.34317114245479, 16.82678829178516], [102.34288986334731, 16.826784652791048], [102.34288859772981, 16.826875389264522], [102.34307414292641, 16.82687538974239], [102.34307414276641, 16.826915736885848], [102.34343341697378, 16.826915738414208]], [[102.34373370047906, 16.82679556860899], [102.34368423882636, 16.82679492909797], [102.34368423864132, 16.826821497702564], [102.34373333853055, 16.82682149768856], [102.34373370047906, 16.82679556860899]]]}}, {"type": "Feature", "properties": {"tambon": "ต.ศรีบุญเรือง", "amphoe": "อ.ศรีบุญเรือง", "cls": 3, "label": "ท่วมซ้ำซากเป็นครั้งคราว", "desc": "ประสบน้ำท่วมไม่เกิน 3 ครั้ง ใน 10 ปี", "color": "#38bdf8"}, "geometry": {"type": "Polygon", "coordinates": [[[102.29187723774353, 16.907204079166256], [102.2917425012087, 16.90706934296932], [102.29160209778668, 16.907069342480106], [102.2915318954101, 16.906999141154394], [102.29153189501353, 16.906858737243336], [102.29167229966633, 16.90671833298112], [102.29167229918913, 16.90657792818263], [102.29181270355028, 16.906437523875248], [102.29181270302382, 16.906297119994225], [102.29174250092353, 16.9062269187001], [102.29124851052657, 16.906226918459634], [102.29124851091588, 16.906230071640888], [102.29115869266467, 16.906230071497752], [102.29115869094932, 16.9066791908942], [102.29124850941386, 16.90667919100007], [102.29124850869756, 16.906858839644627], [102.29133832723998, 16.90685883969605], [102.2913383270555, 16.90688381965754], [102.29137302138957, 16.90688381984047], [102.29148652077855, 16.90699731977209], [102.29148652131555, 16.9073079596579], [102.2917874180564, 16.907307960307612], [102.29178741859084, 16.90721813647736], [102.29187723727486, 16.90721813716418], [102.29187723774353, 16.907204079166256]], [[102.29044014242385, 16.90654644774603], [102.2904401435743, 16.9062300689744], [102.29052996282259, 16.906230069418783], [102.29052996341242, 16.90605042156329], [102.29061978163048, 16.906050421998135], [102.29061978156015, 16.905946109480055], [102.29061926769987, 16.905946109626793], [102.29054906612011, 16.90587590781983], [102.29054906635487, 16.90578095014274], [102.29052996435753, 16.90578094977516], [102.29052996468864, 16.905691125844463], [102.29044014569635, 16.905691125355364], [102.29044014646806, 16.9055114774771], [102.29035032849109, 16.905511476918452], [102.29035032844286, 16.905331829037753], [102.29044014727192, 16.905331829596197], [102.29044014810798, 16.905152181712694], [102.29052736189942, 16.905152181745585], [102.29047886377035, 16.905103683912106], [102.29033845868044, 16.904963280076046], [102.29019805473787, 16.904822876090254], [102.29012785092343, 16.90475267136965], [102.29011351014586, 16.90473833049233], [102.28989752155576, 16.904954319396225], [102.28989752078641, 16.90563531935967], [102.2896705213692, 16.905862319817427], [102.28967052068187, 16.906089319845293], [102.28955702112061, 16.90620281957653], [102.28933002075199, 16.906202819757475], [102.2890611080706, 16.90647173208808], [102.28907854735525, 16.906589359990168], [102.2890928633757, 16.906589359850084], [102.2890928643171, 16.906499535806045], [102.28927250137957, 16.906499536021983], [102.28927250132192, 16.906409712909742], [102.28963177613987, 16.906409713784335], [102.28963177590393, 16.906319889798777], [102.28990123206509, 16.90631989118623], [102.28990123264661, 16.906230067207293], [102.2899910509865, 16.906230067001527], [102.2899910515334, 16.906140243029387], [102.29008086983886, 16.906140243694004], [102.29008086933462, 16.906230067658694], [102.29017068767527, 16.906230068276326], [102.29017068726063, 16.906499539226512], [102.29026050572182, 16.906499539782235], [102.29026050533508, 16.906589363729395], [102.29039722524774, 16.906589364910257], [102.29044014242385, 16.90654644774603]]]}}, {"type": "Feature", "properties": {"tambon": "ต.ทรายทอง", "amphoe": "อ.ศรีบุญเรือง", "cls": 3, "label": "ท่วมซ้ำซากเป็นครั้งคราว", "desc": "ประสบน้ำท่วมไม่เกิน 3 ครั้ง ใน 10 ปี", "color": "#38bdf8"}, "geometry": {"type": "Polygon", "coordinates": [[[102.32368446107992, 16.883425380382718], [102.32368446076755, 16.88341123338629], [102.32361425786445, 16.88334103088884], [102.32347385410597, 16.883200626664753], [102.32333344961981, 16.883060222320996], [102.32319304629644, 16.882919818729526], [102.32317089745766, 16.882897669689772], [102.32329813354481, 16.882897670078233], [102.32329813333017, 16.88280783857541], [102.32338796518538, 16.882807838726333], [102.32338796493624, 16.88271800723039], [102.3234777967255, 16.88271800644691], [102.32347779639223, 16.88261768115255], [102.32353646006149, 16.88261844731943], [102.32353725656087, 16.88256200795199], [102.32354405580907, 16.882568807661887], [102.32361425833403, 16.88263900934062], [102.32375466321791, 16.88263900957196], [102.32382486490083, 16.882709211174753], [102.32382486480132, 16.882990019925543], [102.32389506667644, 16.883060222377022], [102.3240354705681, 16.883200626276373], [102.32421202156378, 16.883024076348683], [102.32421202187511, 16.882875971598352], [102.32430183962653, 16.882875971570023], [102.32430184040035, 16.882696324042726], [102.32439165901214, 16.882696324877173], [102.32439165936073, 16.88260650066888], [102.32430184079156, 16.882606499826903], [102.32430184120668, 16.882516676512846], [102.32439165971743, 16.882516676459932], [102.32439166009812, 16.882426853152754], [102.32430184161413, 16.882426852295715], [102.32430184261096, 16.88228654499669], [102.3241066167956, 16.882267377588803], [102.32389290046197, 16.882246394348375], [102.32357084329742, 16.881972720817746], [102.32353831478058, 16.88161843467753], [102.32340365879338, 16.88161843381215], [102.32340365882405, 16.881708258095273], [102.3232240214589, 16.881708257172434], [102.32322402141247, 16.881798081469956], [102.32313420314465, 16.88179808094923], [102.32313420211067, 16.881887904366415], [102.3230443838085, 16.88188790471616], [102.3230443836773, 16.881977728125012], [102.32286474601212, 16.881977727833842], [102.32286474580384, 16.882067551257098], [102.3227749273939, 16.882067551503425], [102.32277492715113, 16.882157374933556], [102.32268510869105, 16.882157375147916], [102.32268510841381, 16.882247198584928], [102.32250547043273, 16.882247198023016], [102.32250547009421, 16.882337022376856], [102.32232583293512, 16.882337021656816], [102.32232583344098, 16.882426845107425], [102.32223601481545, 16.882426845146917], [102.32223601434956, 16.882516668619612], [102.32214619567387, 16.882516668627126], [102.32214619469704, 16.882696316488055], [102.32205637592863, 16.882696316471133], [102.32205637596547, 16.882719665555687], [102.32206626247088, 16.88272886873678], [102.32205637644462, 16.882734686377436], [102.32205637540187, 16.88278613995693], [102.32182670264629, 16.882786138546642], [102.3216775214629, 16.882935319688535], [102.32167752109675, 16.88338931988638], [102.3217910208787, 16.88350281958412], [102.32201802146996, 16.883502819132683], [102.32224502076325, 16.883729819783422], [102.32269902134394, 16.88372981934311], [102.32292602062128, 16.88350281936205], [102.32360702070278, 16.883502819799133], [102.32368446107992, 16.883425380382718]], [[102.32552082469657, 16.88158901723629], [102.3255234259632, 16.881404324011907], [102.32537966864885, 16.881564662141102], [102.32537966794804, 16.88161844090753], [102.32549140043386, 16.881618441888683], [102.32552082469657, 16.88158901723629]], [[102.32667152109403, 16.8804507344017], [102.32663713267503, 16.880450734490324], [102.32663713225914, 16.880540558541107], [102.32636767626883, 16.88054055749709], [102.32636767667056, 16.880630381554603], [102.32621733178605, 16.880630381016232], [102.325625008306, 16.881291022433913], [102.32555371688917, 16.881370535210014], [102.32554937921971, 16.8813753727962], [102.32572032192994, 16.881375372164815], [102.32572739600276, 16.88138244536032], [102.32587702127698, 16.88123281963259], [102.32655802083337, 16.881232819645028], [102.32667152084792, 16.881119319466258], [102.32667152109403, 16.8804507344017]], [[102.32728431171276, 16.8803609138278], [102.32704811382041, 16.880360911961198], [102.32712552131068, 16.88043831968827], [102.32723902080039, 16.880551819746415], [102.32746113685758, 16.88055182007186], [102.32728431171276, 16.8803609138278]], [[102.32250548381501, 16.87879574961061], [102.32247693666164, 16.878790511499876], [102.32223028035143, 16.878361393631426], [102.32213918671891, 16.878101624914155], [102.32221900110335, 16.878041824321418], [102.32241566924775, 16.877923673805192], [102.32241567032514, 16.877666177589123], [102.32205639546612, 16.87766617622411], [102.32205639645575, 16.877576352701112], [102.32196657729612, 16.87757635226122], [102.32196657739922, 16.877486528745244], [102.32187675921195, 16.877486528243132], [102.32187675934995, 16.87739670381655], [102.32178694121353, 16.87739670416986], [102.32178694192004, 16.87722559117468], [102.32177241776076, 16.877229833885256], [102.32167752211589, 16.877281751995373], [102.32167752095646, 16.877714319692465], [102.32179102137542, 16.877827819967244], [102.32190452097828, 16.877941319266686], [102.32190452084552, 16.878168319847347], [102.3220180207631, 16.878281819934966], [102.32213152081765, 16.878395319934445], [102.32213152104488, 16.878622319556236], [102.32224502139837, 16.878735819441456], [102.32235852095154, 16.878849319253742], [102.32235852105345, 16.878923712978857], [102.32250548332874, 16.878923712806742], [102.32250548381501, 16.87879574961061]]]}}, {"type": "Feature", "properties": {"tambon": "ต.ทรายทอง", "amphoe": "อ.ศรีบุญเรือง", "cls": 3, "label": "ท่วมซ้ำซากเป็นครั้งคราว", "desc": "ประสบน้ำท่วมไม่เกิน 3 ครั้ง ใน 10 ปี", "color": "#38bdf8"}, "geometry": {"type": "Polygon", "coordinates": [[[102.328527331667, 16.881079509015315], [102.32852332082228, 16.88107950924173], [102.3285233220759, 16.88081003752852], [102.32861314039182, 16.880810037552326], [102.32861314078338, 16.880720213654165], [102.32879277732327, 16.880720214500858], [102.32879277796036, 16.880540566732737], [102.32888259706314, 16.880540566645454], [102.3288825973513, 16.880450742767973], [102.3292418716737, 16.88045074388954], [102.3292418717996, 16.880360920041575], [102.32933169079529, 16.880360920674384], [102.32933169098628, 16.880181272991567], [102.32924187301306, 16.880181272328432], [102.32924187316337, 16.880091448478513], [102.32906223635806, 16.88009144793634], [102.32906223518526, 16.880181271816593], [102.32870296131372, 16.880181270288578], [102.32870296171961, 16.880091446393383], [102.32861314281475, 16.880091446363963], [102.32861314236622, 16.880181270266682], [102.32834368733731, 16.88018126903117], [102.32834368697632, 16.88009144512105], [102.32825386897858, 16.880091444918413], [102.328253869661, 16.87973214921074], [102.32816405182608, 16.879732148938462], [102.32816405159099, 16.879642325009986], [102.32807423285387, 16.87964232470592], [102.32807423436785, 16.879462676801452], [102.32798441570839, 16.87946267644279], [102.3279844171298, 16.879103380626372], [102.32789459769589, 16.87910338021329], [102.32789459858283, 16.879013556242406], [102.32780478012126, 16.879013555767056], [102.32780478012164, 16.878923731803212], [102.32775264714803, 16.878923731621914], [102.32775630911593, 16.87892918121213], [102.32761952539792, 16.87910990526823], [102.32754485833166, 16.879158499351792], [102.32758693635829, 16.879313568239844], [102.32823670364326, 16.880280317505385], [102.32809990217618, 16.880461057585883], [102.32791658358666, 16.880580354942843], [102.32757860226788, 16.880664401484445], [102.32757952123508, 16.880665319927193], [102.32757952102877, 16.880892319376542], [102.32767688311306, 16.88098968136289], [102.32771495337613, 16.880989681707913], [102.32771495417741, 16.88089985773563], [102.32780477260383, 16.88089985810733], [102.32780477337064, 16.880810034141923], [102.32798441011565, 16.880810034781916], [102.32798440943404, 16.880899858732242], [102.32807422877511, 16.88089985897021], [102.32807422690686, 16.881169330794624], [102.32798440837529, 16.881169330564024], [102.32798440899853, 16.881232819423783], [102.32837402147592, 16.881232819648616], [102.328527331667, 16.881079509015315]], [[102.33323194762411, 16.87773689308195], [102.33323194673365, 16.877055128792115], [102.33346388900242, 16.877058148832546], [102.33346762042966, 16.876792418657537], [102.33336802062487, 16.876692819403456], [102.33325452080425, 16.87657931934602], [102.33348152090902, 16.876352319921157], [102.33348152123158, 16.874990319692312], [102.33336802069572, 16.87487681954394], [102.33314102098795, 16.874649819869767], [102.33291402089068, 16.874422819858015], [102.33281818334098, 16.87442281991865], [102.33282040307549, 16.874429317433144], [102.33229572566519, 16.874685551098906], [102.33202365581847, 16.874818419184024], [102.3319826922871, 16.87460415149417], [102.33238554558297, 16.874464509022488], [102.33250581334194, 16.87442281997549], [102.33223302144766, 16.874422820004085], [102.33200602071079, 16.874195819671286], [102.33177902064584, 16.874422819156734], [102.33174449339985, 16.874388289893744], [102.33174058076922, 16.874666730535147], [102.33174903324067, 16.874635738254252], [102.33185014581228, 16.874641687308472], [102.33193341295036, 16.875111590956074], [102.33192151701398, 16.87516512430572], [102.3315771746918, 16.875269475002177], [102.33155171671257, 16.87527719016019], [102.33154306664213, 16.875292171984775], [102.33180099518806, 16.87524210237076], [102.33185351520576, 16.87523190675258], [102.33213540187673, 16.875402894914924], [102.33222651862519, 16.875662661348834], [102.3322261722995, 16.875687313040082], [102.33222139080814, 16.876027655897385], [102.33205557328156, 16.876588291633965], [102.33195209171801, 16.876767517963604], [102.33171562199998, 16.877177076117476], [102.33133618400686, 16.877765344730538], [102.33108480424119, 16.877670807365135], [102.33103825387191, 16.877614078912764], [102.33103825424267, 16.877756032834153], [102.33112807278938, 16.87775603288083], [102.3311280724005, 16.87784585750691], [102.33121789098227, 16.87784585750657], [102.33121788899645, 16.878384800691872], [102.33130770690481, 16.878384801524405], [102.3313077066423, 16.8784746252284], [102.33139752552297, 16.878474625998653], [102.33139752572704, 16.878384801399793], [102.33166698124288, 16.87838480260915], [102.33166698115076, 16.878474626282916], [102.33175680000122, 16.878474626895247], [102.33175679898007, 16.878744098807715], [102.3316669800018, 16.878744098218036], [102.33166697896942, 16.878923746477426], [102.33157716083568, 16.878923745848113], [102.33157715975067, 16.87910339411998], [102.3314873415242, 16.8791033934663], [102.33148734141203, 16.879193217149957], [102.33139752221399, 16.879193217382007], [102.33139752206733, 16.87928304107256], [102.33121788542209, 16.879283040500386], [102.33121788519841, 16.879372864205394], [102.33121152116118, 16.87937286395608], [102.33121152120376, 16.879530319694073], [102.33132502117064, 16.879643819875735], [102.33155202091149, 16.87964381948386], [102.33177902073336, 16.87941681928043], [102.33200602105882, 16.879416819319523], [102.3323465207277, 16.879076319739276], [102.33234652122825, 16.878849319372435], [102.33257352104931, 16.878622319481206], [102.33257352128159, 16.877941319405554], [102.33268702112811, 16.877827819458464], [102.33314102131682, 16.877827819685844], [102.33323194762411, 16.87773689308195]], [[102.33100732313096, 16.877576384939942], [102.33100040045007, 16.877567948218967], [102.33088294117233, 16.877424805478164], [102.33078223309064, 16.8767238098373], [102.33069718135397, 16.876639659281228], [102.33064402066326, 16.876692819497034], [102.33041702147025, 16.876692819201473], [102.33030352154141, 16.876806319808196], [102.33030352092028, 16.877033319698292], [102.33019002073054, 16.877146819384606], [102.33008581974124, 16.877146819918476], [102.33008006768611, 16.877555954019517], [102.32987946272881, 16.87755333856427], [102.32979767257879, 16.87762651290035], [102.32979490709137, 16.877823179670877], [102.32972184138721, 16.87782222684908], [102.32972184205013, 16.87779506403873], [102.3296686879257, 16.877741911648137], [102.32958096795001, 16.87782039087692], [102.32956626288397, 16.877833547503815], [102.32923081891245, 16.87791439341381], [102.32902743554169, 16.87796341194068], [102.32864715332398, 16.878049714350865], [102.32851740277827, 16.878291391365686], [102.32835691316333, 16.87847182323891], [102.32812111346078, 16.878392694110264], [102.32785941389807, 16.87814607453488], [102.32780478353874, 16.878146074306898], [102.32780478324527, 16.87820514092559], [102.32789460132346, 16.878205141468786], [102.3278946013006, 16.878294965430328], [102.3279844203353, 16.878294965008838], [102.32798441942587, 16.87838478897741], [102.32807423851146, 16.87838478941134], [102.32807423765277, 16.87847461337171], [102.32816405677342, 16.87847461375861], [102.32816405531123, 16.878744085597976], [102.32825387361483, 16.878744085938], [102.32825387381116, 16.878833909865442], [102.32816405452768, 16.878833909548213], [102.32816405468954, 16.87892373348255], [102.32825387307835, 16.87892373380749], [102.3282538725744, 16.879103381674355], [102.32834369104086, 16.879103381944716], [102.32834369037506, 16.879193205877254], [102.32843350887657, 16.87919320610058], [102.32843350919877, 16.879283030009677], [102.32852332773533, 16.879283030185984], [102.32852332717098, 16.87937285410213], [102.32861314575845, 16.879372855133845], [102.32861314524483, 16.87946267904179], [102.32915205680341, 16.879462680747753], [102.32915205655353, 16.8795525046098], [102.32924187515754, 16.87955250444758], [102.32924187497424, 16.879642329203833], [102.32951133088463, 16.87964232936002], [102.32951133215612, 16.879283034016034], [102.32960115061799, 16.87928303462092], [102.32960115168599, 16.879103386952476], [102.32969097003931, 16.879103386630543], [102.32969097007428, 16.879013562810506], [102.32978078839326, 16.87901356335907], [102.32978079136387, 16.878384795705266], [102.32987060937717, 16.87838479626715], [102.32987061035239, 16.878205148630943], [102.32996042919437, 16.878205148250764], [102.32996042918296, 16.878115324446842], [102.33005024799063, 16.878115324937173], [102.33005024794478, 16.878025501140144], [102.33014006670228, 16.878025501598508], [102.33014006755926, 16.87793567779315], [102.33022988626665, 16.87793567821958], [102.3302298869667, 16.8777560297348], [102.33040952418845, 16.877756030499395], [102.33040952400476, 16.877666206729955], [102.33049934256174, 16.877666207060585], [102.33049934336474, 16.877482141760147], [102.33075016432704, 16.877482142418007], [102.33075016414509, 16.877536036488987], [102.3309484354902, 16.87753603786173], [102.33094843573951, 16.877576384381374], [102.33100732313096, 16.877576384939942]]]}}, {"type": "Feature", "properties": {"tambon": "ต.ทรายทอง", "amphoe": "อ.ศรีบุญเรือง", "cls": 3, "label": "ท่วมซ้ำซากเป็นครั้งคราว", "desc": "ประสบน้ำท่วมไม่เกิน 3 ครั้ง ใน 10 ปี", "color": "#38bdf8"}, "geometry": {"type": "Polygon", "coordinates": [[[102.34619352114656, 16.82675158960358], [102.34619352107447, 16.825731319722983], [102.34608002125151, 16.825617820033514], [102.34539902142583, 16.825617819562975], [102.3452855200568, 16.825504311244146], [102.34517202099953, 16.825390819952645], [102.34471802104355, 16.825390819892174], [102.34460452127222, 16.825504319776186], [102.34471802121163, 16.825617819536014], [102.3448315212876, 16.825731319207723], [102.34483152118268, 16.826185319348095], [102.34494502079741, 16.82629881979676], [102.34505852146981, 16.826412319239584], [102.34505852135854, 16.826639319709823], [102.34517202140803, 16.826752819955903], [102.3452855206412, 16.82686631922668], [102.34528552108985, 16.826899099121963], [102.34547128639777, 16.826911273683248], [102.34590303017886, 16.826823892047557], [102.34619352114656, 16.82675158960358]]]}}, {"type": "Feature", "properties": {"tambon": "ต.โคกม่วง", "amphoe": "อ.โนนสัง", "cls": 3, "label": "ท่วมซ้ำซากเป็นครั้งคราว", "desc": "ประสบน้ำท่วมไม่เกิน 3 ครั้ง ใน 10 ปี", "color": "#38bdf8"}, "geometry": {"type": "Polygon", "coordinates": [[[102.37813233343003, 16.875481769203663], [102.37809764837, 16.875481769189378], [102.3780976482271, 16.875466748171977], [102.37794809005601, 16.875464835086404], [102.37795183112763, 16.87519393101101], [102.37818382108554, 16.875196899595775], [102.37819242747425, 16.87515456407033], [102.37817406639188, 16.87509632917481], [102.37820394556714, 16.874953401448796], [102.37831715586995, 16.874838409719818], [102.37847637518203, 16.874759838096267], [102.37864539017642, 16.87464556104862], [102.3787857908364, 16.874549960732896], [102.37879118801429, 16.874545384594697], [102.37880517652091, 16.874533028455886], [102.37880695962289, 16.874403884768014], [102.37877129136675, 16.87440388481262], [102.37877129149234, 16.87453862078769], [102.37836710740243, 16.87453861847282], [102.3783671071243, 16.874446103959386], [102.3783005431568, 16.874464481657387], [102.37818030358233, 16.874403882833796], [102.37797178939799, 16.874403881956013], [102.37779395675305, 16.87464553177254], [102.3777439296143, 16.874870160480167], [102.37772938943857, 16.874935446319068], [102.37767015302981, 16.875213481592557], [102.37766947120161, 16.87526288413139], [102.37766485721372, 16.875596971128463], [102.37811885858697, 16.875488174686016], [102.37813233343003, 16.875481769203663]], [[102.37736602739024, 16.873018815101258], [102.37713768755077, 16.873015892364872], [102.37714142758712, 16.87274498719539], [102.37741417213701, 16.87274847923618], [102.3773939628991, 16.872712689319965], [102.37737687386553, 16.872433032608615], [102.37742151887706, 16.872335535606318], [102.3774493119254, 16.872248104897178], [102.37701983749419, 16.8722481037085], [102.37701983655245, 16.872517576120796], [102.37690118553749, 16.87251757581292], [102.37689679794055, 16.872827939429143], [102.37715735587273, 16.87308535744608], [102.37721020860084, 16.87313757255717], [102.37725824549234, 16.873157217248725], [102.37725824515108, 16.873062974963766], [102.3773660274114, 16.87306297554354], [102.37736602739024, 16.873018815101258]]]}}, {"type": "Feature", "properties": {"tambon": "ต.หนองบัวใต้", "amphoe": "อ.ศรีบุญเรือง", "cls": 3, "label": "ท่วมซ้ำซากเป็นครั้งคราว", "desc": "ประสบน้ำท่วมไม่เกิน 3 ครั้ง ใน 10 ปี", "color": "#38bdf8"}, "geometry": {"type": "Polygon", "coordinates": [[[102.37767015302981, 16.875213481592557], [102.37772938943857, 16.874935446319068], [102.3777439296143, 16.874870160480167], [102.37779395675305, 16.87464553177254], [102.37797178939799, 16.874403881956013], [102.37782819658264, 16.874403881340285], [102.3778281960214, 16.874538616533577], [102.37769346791484, 16.87453861673293], [102.37769346727634, 16.874673351941986], [102.37755873999394, 16.874673352054273], [102.37755873927819, 16.87480808727909], [102.37743310264305, 16.874808087207906], [102.37742401092898, 16.87483485276754], [102.37742401033141, 16.875077558701854], [102.3771931315986, 16.87507755777265], [102.37711519900598, 16.87513475345211], [102.37709264328737, 16.87515130732273], [102.3768478596811, 16.875330954644223], [102.37682595817314, 16.875347028323937], [102.37688509755104, 16.87534702872563], [102.37688509740232, 16.875481764916202], [102.37701982534577, 16.87548176514474], [102.37701982437424, 16.875616501332097], [102.37710177097803, 16.8756165009838], [102.37710775723372, 16.87518312475236], [102.37767047321667, 16.87519032871254], [102.37767015302981, 16.875213481592557]], [[102.37343196917378, 16.874134393388058], [102.37343197024882, 16.874033059517565], [102.37332418800382, 16.87403305875125], [102.3733241874799, 16.873979164836687], [102.37327029636859, 16.873979164429453], [102.37327029678411, 16.87392526959407], [102.3731625146, 16.87392526963387], [102.37316251413776, 16.873979163572358], [102.37305473191196, 16.873979163560815], [102.3730547328847, 16.873871374770193], [102.37300084179029, 16.873871374286406], [102.37300084136726, 16.873817480354628], [102.37305473243026, 16.873817479938776], [102.37305473343685, 16.87370969204915], [102.37310862446645, 16.873709691624594], [102.37310862495885, 16.87365579768219], [102.37316251597038, 16.87365579724616], [102.37316251516971, 16.873613069172333], [102.37279162010705, 16.873613068547584], [102.37275282017305, 16.873620271739096], [102.37285173234179, 16.873766883823304], [102.3729159343399, 16.873893651327247], [102.37295238664647, 16.87406218772945], [102.37295936226928, 16.874140845750084], [102.37305473140431, 16.874140846278355], [102.37305473093932, 16.87419474112382], [102.37310862210693, 16.874194740674486], [102.37310862259744, 16.874248635501523], [102.37316251379364, 16.874248635937633], [102.37316251324461, 16.874269128024448], [102.3732474491723, 16.874269127917568], [102.37324744927986, 16.874134392197924], [102.37343196917378, 16.874134393388058]], [[102.37755874210852, 16.873925284793806], [102.37752769754734, 16.873925285064004], [102.37752769770789, 16.873871391332898], [102.37747380682602, 16.873871391126347], [102.37747380729253, 16.873864936255313], [102.37742401506198, 16.873864936129344], [102.37742401505034, 16.873730199990156], [102.37731213376657, 16.87373019941143], [102.37731213364724, 16.873763601147182], [102.37736602544392, 16.87376360138642], [102.37736602335652, 16.87408696834938], [102.37741991522638, 16.874086967655476], [102.37741991459245, 16.874134407437786], [102.37742401418774, 16.874134407516387], [102.377424014155, 16.873999672282512], [102.3775587419127, 16.87399967232971], [102.37755874210852, 16.873925284793806]], [[102.37688510428787, 16.873494129022667], [102.37688510584023, 16.873325990142384], [102.37728928878428, 16.873325992228676], [102.37728928949016, 16.87327855243743], [102.37725824502704, 16.87327855264764], [102.37725824528388, 16.873224657997557], [102.377204353635, 16.873224657702355], [102.37720435391013, 16.873170763049288], [102.3772582455437, 16.873170763347247], [102.37725824549234, 16.873157217248725], [102.37721020860084, 16.87313757255717], [102.37715735587273, 16.87308535744608], [102.37689679794055, 16.872827939429143], [102.37690118553749, 16.87251757581292], [102.37675038111563, 16.87251757487901], [102.37675038046497, 16.872652310215027], [102.37615363262763, 16.872652308888977], [102.37615363213044, 16.87303056831576], [102.37606733575733, 16.873116864837552], [102.37612653071353, 16.87311686465682], [102.37612653106599, 16.873170759349776], [102.37618042181744, 16.873170759947424], [102.37618042062515, 16.873325988281334], [102.376211466065, 16.873325988218024], [102.37621146647308, 16.873332442179215], [102.37623431276405, 16.873332442802464], [102.3762343126038, 16.873440231288306], [102.37630683856904, 16.87344023148422], [102.37630683840416, 16.873444649972292], [102.37634209406615, 16.873444649970562], [102.3763420940242, 16.873460724411405], [102.3763461936091, 16.873460724514228], [102.37634619331023, 16.873494126281326], [102.37639665578583, 16.873494126466962], [102.3763966562249, 16.873534474132917], [102.37648647490597, 16.873534474359506], [102.37648647413141, 16.873624298238116], [102.37657629284743, 16.873624298417578], [102.3765762935794, 16.873534474546624], [102.37666611224519, 16.873534474694278], [102.37666611176478, 16.87349412794103], [102.37688510428787, 16.873494129022667]], [[102.3760187491941, 16.873147067989315], [102.37580413212167, 16.873147067796403], [102.37576417221264, 16.87318702807719], [102.37577216146626, 16.87319125076963], [102.37601874838704, 16.873191251965153], [102.3760187491941, 16.873147067989315]], [[102.37661565632867, 16.871710266853203], [102.3766115570617, 16.871706908876554], [102.376611557199, 16.87171561405635], [102.3765576659463, 16.871715613513437], [102.37655766540693, 16.871769508205873], [102.37634210126052, 16.871769506790134], [102.37634210094004, 16.871715613004536], [102.37623431935758, 16.87171561264936], [102.37623431941104, 16.871553929454382], [102.37628821061824, 16.871553929188426], [102.37628821126218, 16.87150003538366], [102.37634210245129, 16.871500035106244], [102.37634210214566, 16.871446141319478], [102.37639599331669, 16.871446141030606], [102.37639599399418, 16.871437217393638], [102.3763803308944, 16.87139009357852], [102.37638181476905, 16.87137869929887], [102.37639337022833, 16.871289991940042], [102.37631731460536, 16.871289992062657], [102.37632411868768, 16.870797388853358], [102.37612721054181, 16.870789604593316], [102.37549848139247, 16.87076473144782], [102.3754803758167, 16.87076400896318], [102.37547662567016, 16.871035475232006], [102.37553783556156, 16.87103547551607], [102.37553783573475, 16.871170211894558], [102.37567256356373, 16.871170211711195], [102.37567256291409, 16.871304948086458], [102.37594201874407, 16.87130494922362], [102.37594201703742, 16.871558346564594], [102.37596486404146, 16.871558346338563], [102.37596486350594, 16.871607822571818], [102.37601875474223, 16.87160782237416], [102.37601875498085, 16.871661717079157], [102.37607264529252, 16.87166171687998], [102.37607264514072, 16.871709156716708], [102.37607674468873, 16.87170915683174], [102.37607674317823, 16.87197862857893], [102.37621147152922, 16.871978628839386], [102.37621147137423, 16.872113365137036], [102.37634619886664, 16.872113365306898], [102.37634619894186, 16.871978629928844], [102.37648092725841, 16.87197863001167], [102.37648092819359, 16.87184389463392], [102.37661565545994, 16.87184389466058], [102.37661565632867, 16.871710266853203]]]}}, {"type": "Feature", "properties": {"tambon": "ต.โคกม่วง", "amphoe": "อ.โนนสัง", "cls": 3, "label": "ท่วมซ้ำซากเป็นครั้งคราว", "desc": "ประสบน้ำท่วมไม่เกิน 3 ครั้ง ใน 10 ปี", "color": "#38bdf8"}, "geometry": {"type": "Polygon", "coordinates": [[[102.37260232154622, 16.876290164563507], [102.37257380205686, 16.876290164069395], [102.37257380303774, 16.875885956713756], [102.37284325955031, 16.875885957265474], [102.37284325972271, 16.87575122151174], [102.37297798738875, 16.875751221679277], [102.37297798842108, 16.875616485925836], [102.37284325991367, 16.875616485756556], [102.3728432645259, 16.874714592151527], [102.3728294140664, 16.874694064643887], [102.37281228120212, 16.874692516277094], [102.37262687641045, 16.8747074889004], [102.37262427079996, 16.874709052793076], [102.37247378395641, 16.874799401385573], [102.37239752615223, 16.874880460284228], [102.37230435110737, 16.875008365805623], [102.37230435099019, 16.875077539931812], [102.37224127214746, 16.875077539882803], [102.37220658527583, 16.875097390993588], [102.37218931886427, 16.8751072724025], [102.37216962231152, 16.875134611481652], [102.37216962226329, 16.875347011829092], [102.37203489384434, 16.87534701109239], [102.3720348930413, 16.875481746953692], [102.37191955461324, 16.875481746358524], [102.37190016545452, 16.875508661528883], [102.37190016456623, 16.87561648200694], [102.37182763281089, 16.8756164822785], [102.37168850929837, 16.875827331175607], [102.3716359847093, 16.875906933935404], [102.37161370879569, 16.87592555518267], [102.3716189046297, 16.875925622169166], [102.37203207937702, 16.875930925114986], [102.3720283308969, 16.87620182786628], [102.37174697282953, 16.876198217613606], [102.3717432230721, 16.87646912044338], [102.37118050688927, 16.876461899791053], [102.37118101962899, 16.876424895065462], [102.37109179446948, 16.876424894684742], [102.3710917940812, 16.87655963063928], [102.3712265215925, 16.876559630971578], [102.37122652150737, 16.876589183948248], [102.37173180851289, 16.876580864088393], [102.37234028642203, 16.87644011527656], [102.37260232154622, 16.876290164563507]]]}}, {"type": "Feature", "properties": {"tambon": "ต.โคกม่วง", "amphoe": "อ.โนนสัง", "cls": 3, "label": "ท่วมซ้ำซากเป็นครั้งคราว", "desc": "ประสบน้ำท่วมไม่เกิน 3 ครั้ง ใน 10 ปี", "color": "#38bdf8"}, "geometry": {"type": "Polygon", "coordinates": [[[102.3783670888142, 16.879263527263628], [102.37789571714572, 16.879257492697494], [102.37789945919013, 16.878986588647727], [102.37796290693169, 16.87898740115458], [102.37796290650431, 16.87898490172054], [102.37769345049534, 16.878984900529495], [102.37769345146047, 16.878850164449265], [102.37715453965146, 16.8788501627368], [102.37715453883138, 16.879119634100263], [102.37682709220113, 16.879119632570088], [102.37682709212788, 16.879206928953195], [102.37693487419556, 16.87920693009641], [102.37693487416057, 16.87926082383474], [102.3769887656662, 16.87926082392333], [102.37698876568587, 16.879206930187774], [102.37711518249546, 16.879206930725935], [102.37711518239826, 16.879283207513954], [102.37720432969978, 16.879283208125912], [102.37720432986347, 16.87931471969559], [102.37720500111237, 16.879314719453298], [102.37720500010585, 16.879373031674984], [102.37725822038054, 16.879373031929106], [102.37725821981411, 16.879530297332327], [102.37720432916674, 16.87953029641073], [102.37720432838367, 16.879638085677033], [102.37715043771895, 16.879638085649113], [102.377150436901, 16.87974587401759], [102.37709654526563, 16.87974587399644], [102.37709654536616, 16.87985366235404], [102.37704265369733, 16.879853662324187], [102.37704265375014, 16.879928049861082], [102.37728926325096, 16.879928050422716], [102.37728926185291, 16.880332257845733], [102.37742398946234, 16.880332258152027], [102.37742398851321, 16.88060173033238], [102.37769344406387, 16.880601730609502], [102.37769344334028, 16.880736466670772], [102.37796289902984, 16.880736467460416], [102.37796289957777, 16.880601732335972], [102.37809762729282, 16.880601732163523], [102.37809762870069, 16.8804669970394], [102.37823235630266, 16.88046699679531], [102.37823235667994, 16.880332260800017], [102.3783670841849, 16.880332261386677], [102.3783670857568, 16.880062790313104], [102.37850181305282, 16.880062790845354], [102.37850181423138, 16.879928054864674], [102.37863654235154, 16.879928055309847], [102.37863654251561, 16.8797933193604], [102.37850181449132, 16.87979331889801], [102.3785018160041, 16.8795238469448], [102.37836708815432, 16.87952384635912], [102.3783670888142, 16.879263527263628]], [[102.37838994630778, 16.876559657330542], [102.37836709967428, 16.87655965701827], [102.37836709955742, 16.87642492101338], [102.37823237203649, 16.876424920875916], [102.37823237285424, 16.876206586708104], [102.37819316122369, 16.876159904090994], [102.3781774636279, 16.875959725795784], [102.37816937333004, 16.87585654814642], [102.37818031517727, 16.875655933914647], [102.37816486838085, 16.875663159049655], [102.37801069102356, 16.875893604220625], [102.37787839197854, 16.876283060508904], [102.3778281888609, 16.876319902764052], [102.37782818815054, 16.8765596551174], [102.37769346046488, 16.876559654641817], [102.37769345914475, 16.876768140083836], [102.37774325118849, 16.876768140022467], [102.37774325134063, 16.876781687013196], [102.37774392258021, 16.876781686770748], [102.37774392217433, 16.87682912743058], [102.3778281867361, 16.87682912727609], [102.3778281861843, 16.876857963386776], [102.37783374083072, 16.876857963812608], [102.37783374007935, 16.876947788470265], [102.37795881467405, 16.876947789212142], [102.37795881506663, 16.87705115902592], [102.37806659672898, 16.87705115977706], [102.37806659691319, 16.877105054369242], [102.37828216118727, 16.877105054772038], [102.37828216187893, 16.87705116017542], [102.37833605270298, 16.877051160923994], [102.3783360540278, 16.87672779430474], [102.37828283361365, 16.87672779421328], [102.37828283432593, 16.876673899615067], [102.378336054741, 16.876673900611614], [102.37833605423883, 16.87658849448871], [102.3783726529111, 16.876588494445297], [102.3783726529538, 16.87656611231061], [102.37838994589028, 16.876566112194578], [102.37838994630778, 16.876559657330542]]]}}, {"type": "Feature", "properties": {"tambon": "ต.โคกม่วง", "amphoe": "อ.โนนสัง", "cls": 3, "label": "ท่วมซ้ำซากเป็นครั้งคราว", "desc": "ประสบน้ำท่วมไม่เกิน 3 ครั้ง ใน 10 ปี", "color": "#38bdf8"}, "geometry": {"type": "Polygon", "coordinates": [[[102.3764808701357, 16.88655507022878], [102.37650371572245, 16.88655536303242], [102.376503716835, 16.88637487686844], [102.37644982609143, 16.88637487696912], [102.37644982634775, 16.886213193951278], [102.37655760867732, 16.886213193736786], [102.37655760826314, 16.886320983011316], [102.37661149898584, 16.886320982884953], [102.37661149926717, 16.88637487751138], [102.37667169965715, 16.886374877958612], [102.37667291979446, 16.88628657848328], [102.37701978256035, 16.886291022915994], [102.37701978297858, 16.88612589996914], [102.37688505492767, 16.886125899172413], [102.37688505548343, 16.885991163066176], [102.37675032752728, 16.88599116306574], [102.37675032819752, 16.885856426940823], [102.37607668862191, 16.885856424616858], [102.37607668839338, 16.885991159910006], [102.37594196033393, 16.885991159376257], [102.37594196004416, 16.886125895587536], [102.3758072318716, 16.88612589498211], [102.37580723113992, 16.88639536653234], [102.37594195856701, 16.8863953671188], [102.37594195833294, 16.886530103325697], [102.3760766858387, 16.886530103806077], [102.3760766857191, 16.886664839994303], [102.37621141330357, 16.886664840368557], [102.37621141426453, 16.886530104182082], [102.37648087014331, 16.886530105585287], [102.3764808701357, 16.88655507022878]], [[102.37540306812417, 16.881169503773467], [102.37540306794867, 16.881140665817107], [102.37540862178018, 16.88114066539938], [102.37540862165666, 16.88109322647113], [102.37553369738636, 16.88109322733451], [102.3755336967658, 16.88103933264557], [102.37564147905532, 16.88103933339698], [102.37564147963623, 16.880931543998514], [102.37569537074619, 16.880931544358397], [102.37569537078144, 16.880900032747736], [102.37576789682856, 16.88090003266824], [102.37576789727537, 16.880810208780925], [102.37596497283967, 16.880810209864762], [102.37598872014085, 16.88074171306029], [102.37600642043853, 16.88069065594571], [102.37602924069643, 16.880658369896445], [102.37607671016376, 16.880591209511014], [102.37607670977701, 16.880466989181407], [102.37580725403699, 16.880466988541983], [102.37580725520256, 16.880332252252188], [102.3756725274026, 16.880332251781983], [102.37567252812272, 16.880062780096928], [102.37553780049727, 16.88006277950341], [102.3755378014834, 16.879793307778097], [102.37540307309521, 16.87979330707676], [102.37540307372, 16.87965857164591], [102.3752683463477, 16.87965857082305], [102.37526834614968, 16.87952383538897], [102.37513361885601, 16.879523834460045], [102.37513361877242, 16.87938909900731], [102.37494090114822, 16.879389098144358], [102.37494090057922, 16.879530288505332], [102.3749947913262, 16.879530289121636], [102.37499479058056, 16.879691971516102], [102.37504868230803, 16.879691972094474], [102.37504868176299, 16.879745865927095], [102.37499479097347, 16.87974586623842], [102.37499479043214, 16.87979976097593], [102.37494089960846, 16.8797997603734], [102.37494089922792, 16.87974586564857], [102.37483311761906, 16.879745865297718], [102.37483311703171, 16.879799760043515], [102.37472533444392, 16.879799759656738], [102.37472533413796, 16.879907548240784], [102.37467144328592, 16.879907548475067], [102.37467144296114, 16.88001533706369], [102.37472533384387, 16.8800153368239], [102.37472533366194, 16.880197513089385], [102.37513361583565, 16.8801975135685], [102.37513361510943, 16.880332249930337], [102.37526834297826, 16.880332250756002], [102.37526833996336, 16.881259327055425], [102.37531880268496, 16.881259327166592], [102.3753188033118, 16.88116950324363], [102.37540306812417, 16.881169503773467]], [[102.37138408086898, 16.880466971764076], [102.37138408054344, 16.880446479668407], [102.3713301893674, 16.88044647904872], [102.37133018999488, 16.880392585044685], [102.37127629883143, 16.88039258440806], [102.37127630068836, 16.87985364169752], [102.3713301916824, 16.87985364145929], [102.37133019234251, 16.87979974745271], [102.37138408331846, 16.879799747203], [102.37138408396619, 16.879745853198934], [102.37159964781318, 16.879745853873715], [102.37159964838649, 16.879691958978018], [102.37165353933405, 16.87969195956512], [102.37165353991104, 16.879638065574344], [102.37169935792619, 16.879638065526812], [102.37170197437278, 16.87944905229899], [102.37109178258522, 16.87944122020351], [102.37109178180144, 16.87965855552475], [102.37095705394294, 16.879658555468097], [102.37095705294605, 16.87992802735545], [102.37082232486262, 16.87992802634192], [102.37082232512422, 16.879975224449293], [102.37083705072317, 16.87999459849529], [102.3708677021615, 16.88034648096418], [102.37082987464929, 16.880521660532377], [102.3708428800157, 16.880521827285868], [102.3708380410963, 16.880871177309466], [102.37095704955635, 16.880871178020517], [102.3709570494471, 16.880736442095515], [102.37122650577548, 16.88073644366517], [102.37122650549304, 16.88060170777307], [102.37136123398818, 16.8806017075317], [102.3713612345657, 16.880466971639898], [102.37138408086898, 16.880466971764076]], [[102.37405579852978, 16.87899134182498], [102.37405579814175, 16.878984886951127], [102.37513362047541, 16.878984890804603], [102.37513362236152, 16.878580683491187], [102.37499889480044, 16.878580683270787], [102.3749988949266, 16.878445946888213], [102.37472943900727, 16.8784459461619], [102.37472943935975, 16.87831121064585], [102.37459471193874, 16.878311210124483], [102.37459471287504, 16.8780417381512], [102.37499889638582, 16.878041739521112], [102.37499889752348, 16.877907003117247], [102.37521036266662, 16.877907003792895], [102.37521036333662, 16.877805670108486], [102.37515647217022, 16.87780567037876], [102.37515647183822, 16.87775177565633], [102.37521036300534, 16.87775177629118], [102.37521036359823, 16.877697881555793], [102.37522899825758, 16.87769788213714], [102.3752289974674, 16.877756193557858], [102.37531881637534, 16.87775619396905], [102.37531881620063, 16.877697882568768], [102.37537203702095, 16.877697882480955], [102.37537203719819, 16.87766636995003], [102.37540308149877, 16.87766636991266], [102.37540308144266, 16.87763753285058], [102.37547981937516, 16.87763753313816], [102.37547981940381, 16.877590094199764], [102.37553371049233, 16.877590093855204], [102.37553371101815, 16.877536200038037], [102.37553780975719, 16.877536200156687], [102.37553781004442, 16.877502797472456], [102.37540308236451, 16.87750279739637], [102.37540308345253, 16.877328903937375], [102.37538965732107, 16.877328731740082], [102.37538591215608, 16.877599634598738], [102.37510455096402, 16.877596029385277], [102.37511204121378, 16.87705422264265], [102.37526835629646, 16.877056225700194], [102.37526835701733, 16.87696385355731], [102.37486417308232, 16.876963851451418], [102.37486417265609, 16.877098587867238], [102.37459471674481, 16.87709858664996], [102.37459471737873, 16.876963851102108], [102.37445998902452, 16.87696385035072], [102.37445998977286, 16.876829114784204], [102.3745947180152, 16.876829114650416], [102.3745947184387, 16.876559643562864], [102.37472944647216, 16.87655964337465], [102.37472944672497, 16.876512203496], [102.37467145624463, 16.876512203448865], [102.3746714570752, 16.876458309582954], [102.37456367449805, 16.876458308800395], [102.37456367442505, 16.876404414944215], [102.37445589280479, 16.876404414083844], [102.37445589271299, 16.876296625457368], [102.37440200193741, 16.876296625451545], [102.3744020027972, 16.87613494203517], [102.37445589354279, 16.87613494295163], [102.3744558940358, 16.876020699434424], [102.37432526504567, 16.87602069861993], [102.37432526530374, 16.87596033181264], [102.3740481512798, 16.875956779308524], [102.37400132092597, 16.875975349580937], [102.37399784022301, 16.876227086850744], [102.37362381946336, 16.876222291024426], [102.37362381928376, 16.876140895041964], [102.3732474416523, 16.87614089522504], [102.37324744122786, 16.876155430685493], [102.37311271422989, 16.87615542982941], [102.37311271338363, 16.876290166462212], [102.37284130073347, 16.876290165187502], [102.3727498230423, 16.876415734010877], [102.37241167325573, 16.87660924435649], [102.372346148214, 16.87662440058871], [102.37202236764739, 16.87669929491505], [102.37198682233415, 16.876707517720796], [102.37175559227406, 16.876761003626722], [102.37160261044974, 16.87676352301244], [102.37145770742359, 16.87676590744156], [102.37145683219555, 16.876829104188424], [102.37149597643369, 16.876829104073593], [102.37149597638854, 16.876963839972184], [102.3714549665032, 16.876963840123977], [102.37145145866869, 16.877217236515463], [102.37154643760076, 16.877217236702123], [102.37154643861962, 16.87715892509087], [102.37159965852547, 16.87715892512596], [102.37159965779665, 16.87721281913023], [102.371653548976, 16.877212819828436], [102.37165354784571, 16.877590079575626], [102.37170743912964, 16.877590080240363], [102.37170743910937, 16.877637520235307], [102.37190015735203, 16.877637520827907], [102.37190015795413, 16.87750278497276], [102.37216961317382, 16.87750278515955], [102.37216961405034, 16.877233313513685], [102.37243906978719, 16.877233315203203], [102.37243907098276, 16.877098578494643], [102.37257379873758, 16.877098579674545], [102.37257379746181, 16.877368051235592], [102.37270852537506, 16.87736805138986], [102.37270852438122, 16.877637523813075], [102.37257379626026, 16.877637522790828], [102.37257379506565, 16.878041730104986], [102.37270852253694, 16.878041731091084], [102.37270852258409, 16.87817646683722], [102.37284325013404, 16.878176467717285], [102.37284325092824, 16.878041731972914], [102.37324743410855, 16.87804173321377], [102.37324743360185, 16.878176468906535], [102.3739210727261, 16.87817647151291], [102.3739210727172, 16.87831120711819], [102.37419052863525, 16.87831120804273], [102.37419052719812, 16.87858068011342], [102.3740557995166, 16.878580679271067], [102.37405579873804, 16.878715415772614], [102.37378634314771, 16.87871541475815], [102.37378634217998, 16.878850150390264], [102.37351688632916, 16.878850149054806], [102.37351688614154, 16.878984885606826], [102.37324743003022, 16.878984883950356], [102.37324743136281, 16.87885014825089], [102.37311270338522, 16.87885014772337], [102.37311270289399, 16.878984883424586], [102.37297797480335, 16.87898488282541], [102.37297797425089, 16.879119619444772], [102.3728432460472, 16.87911961877394], [102.37284324626111, 16.8791530206213], [102.37294692893573, 16.87915302101592], [102.3729469287001, 16.879206914942777], [102.37305471111607, 16.879206915426014], [102.37305471093013, 16.87926081024951], [102.37343194893813, 16.87926081148148], [102.37343194995394, 16.8792069166618], [102.37386307843246, 16.879206918147784], [102.37386307934462, 16.879153024252272], [102.37391697002323, 16.879153024269797], [102.37391696998577, 16.879099130392234], [102.37397086158353, 16.879099130382844], [102.37397086151765, 16.879045235605417], [102.37402475311337, 16.879045236486967], [102.37402475303514, 16.878991341712062], [102.37405579852978, 16.87899134182498]], [[102.37122651250122, 16.878901047106016], [102.37149596756778, 16.878904505938472], [102.37149596831559, 16.878850141650993], [102.37122651288148, 16.878850140888698], [102.37122651250122, 16.878901047106016]], [[102.37136680073749, 16.877277143524008], [102.3710917910959, 16.87727361402946], [102.37109179061855, 16.877428395273327], [102.37116852781053, 16.877428395406117], [102.37116852863412, 16.877374500478393], [102.37127631111001, 16.877374501169122], [102.37127631128763, 16.877307060091283], [102.37136680059521, 16.877307060267245], [102.37136680073749, 16.877277143524008]], [[102.37117355783597, 16.876963838916154], [102.37109179209038, 16.87696383850955], [102.3710917916671, 16.877002662680646], [102.37117300593374, 16.87700370480444], [102.37117355783597, 16.876963838916154]], [[102.37715455197679, 16.87584362946241], [102.37715455162179, 16.875885972872595], [102.37728927889717, 16.875885973789668], [102.37728927817301, 16.876020709938185], [102.37742400644818, 16.876020709831348], [102.37742400583844, 16.87615544596118], [102.37769346162365, 16.87615544726677], [102.37769346168983, 16.876190273367467], [102.37771909889338, 16.876171344255035], [102.37777576586427, 16.876004532726153], [102.37765924993536, 16.876003042015288], [102.37766227956271, 16.87578359985993], [102.37752134256266, 16.875817374134144], [102.37715455197679, 16.87584362946241]]]}}, {"type": "Feature", "properties": {"tambon": "ต.โคกม่วง", "amphoe": "อ.โนนสัง", "cls": 3, "label": "ท่วมซ้ำซากเป็นครั้งคราว", "desc": "ประสบน้ำท่วมไม่เกิน 3 ครั้ง ใน 10 ปี", "color": "#38bdf8"}, "geometry": {"type": "Polygon", "coordinates": [[[102.37755867065695, 16.89221766433623], [102.37755867023176, 16.892323751980285], [102.37715231561009, 16.89232375047077], [102.37714113742854, 16.893132166026096], [102.37742393855704, 16.893132167281486], [102.37742393841614, 16.8932669023546], [102.37755866587415, 16.893266902878327], [102.37755866586384, 16.893401638835133], [102.37769339340059, 16.89340163925274], [102.3776933925675, 16.893536375206335], [102.37782812112023, 16.89353637550233], [102.3778281205295, 16.893565023831805], [102.37786508347426, 16.89356502364756], [102.37786508363638, 16.893475199999436], [102.37795490232809, 16.893475200743055], [102.37795490523804, 16.892846433405943], [102.37786508684482, 16.892846432608742], [102.377865087073, 16.89275660895543], [102.37777526777747, 16.892756608126533], [102.37777526899382, 16.89266678444945], [102.37759563141844, 16.892666783544716], [102.37759563217192, 16.892487136188944], [102.37750581393469, 16.892487136105434], [102.3775058134131, 16.892397311532008], [102.37759563256104, 16.892397312510077], [102.37759563334795, 16.892217664248022], [102.37755867065695, 16.89221766433623]], [[102.37782812851297, 16.891499073340913], [102.37782812955257, 16.891380602242673], [102.37795491070537, 16.891380603041657], [102.37795491161934, 16.891229602239708], [102.37786509307236, 16.891229602222584], [102.37786509344917, 16.891139778557612], [102.37795491195352, 16.89113977858237], [102.3779549126306, 16.890960130363382], [102.37804473105813, 16.89096013126632], [102.37804473137444, 16.890870307614716], [102.37813454973559, 16.89087030758341], [102.37813455121186, 16.890437451503416], [102.37809758888748, 16.890437451626774], [102.37809758892284, 16.890302715706746], [102.37769340553679, 16.890302713922964], [102.37769340589456, 16.890167978852208], [102.37755867878553, 16.89016797805226], [102.37755867924174, 16.890033242060436], [102.37769340719214, 16.890033242862128], [102.37769340838445, 16.88962903492952], [102.37755868072183, 16.88962903407616], [102.3775586818175, 16.88935956298174], [102.37742395339221, 16.88935956202053], [102.37742395363725, 16.88922822449065], [102.37731873437295, 16.889124167942725], [102.37715118748301, 16.88890590132719], [102.37711622641284, 16.888685882148124], [102.37701977300365, 16.888685880948696], [102.37701977279264, 16.88867639137854], [102.37692130929783, 16.888676391715183], [102.37692304134234, 16.888551145517248], [102.37675031730421, 16.888551144665417], [102.37675031765481, 16.888445056923313], [102.37669746231238, 16.888445056345695], [102.37669746256206, 16.8883552325766], [102.37660764433481, 16.888355231776885], [102.37660764448434, 16.88828167198019], [102.37648086246584, 16.888281671823123], [102.37648086262774, 16.888265407840475], [102.37642800732198, 16.888265407184097], [102.37642800771603, 16.88817558339076], [102.37633818862987, 16.888175583375073], [102.37633818866686, 16.888146935008155], [102.37621140764348, 16.888146934652138], [102.37621140841622, 16.888012199384093], [102.37580722459265, 16.8880121975777], [102.37580722354824, 16.888146933799785], [102.37552149591694, 16.88814693313269], [102.3755211977453, 16.888168477146685], [102.3752683119014, 16.888165235399146], [102.3752683119578, 16.888281667672143], [102.37523820533572, 16.888281667849977], [102.37523232628538, 16.88870667687729], [102.374950949349, 16.888703068987997], [102.37495844369703, 16.888161262422432], [102.37489064521753, 16.88816039306357], [102.37489017506107, 16.888542411701824], [102.37466837807227, 16.888785672050318], [102.37466582251487, 16.88897036364036], [102.3745142453592, 16.888968419882506], [102.37450466966263, 16.88898399152085], [102.37451040562541, 16.888983991696882], [102.3745104052481, 16.888984181260287], [102.37454181333217, 16.888984181370496], [102.37454181316238, 16.889163639671786], [102.37460022288465, 16.88916364033343], [102.37460022214803, 16.889240474185964], [102.37466207463633, 16.88924126743911], [102.37466066292977, 16.88934328782135], [102.37469004126095, 16.88934328797942], [102.37469004096306, 16.889359551988296], [102.37472939584475, 16.8893595527713], [102.37472939607721, 16.889494288183133], [102.37526035987857, 16.88949429070645], [102.375260360142, 16.889433302974297], [102.37526830780291, 16.889433302746554], [102.37526830784715, 16.88935955421738], [102.37531876993226, 16.889359554889808], [102.37531877060506, 16.889253655671475], [102.37540303620409, 16.88925365560184], [102.37540303700584, 16.889090083206984], [102.3755298178209, 16.889090083967027], [102.37552981765876, 16.889074008631592], [102.37553776436528, 16.88907400841153], [102.37553776583795, 16.888820612170676], [102.37580722138446, 16.88882061303705], [102.37580722027253, 16.889074009213157], [102.37594750180921, 16.889074009916584], [102.37594750220111, 16.889073821255813], [102.37630677660499, 16.889073822427118], [102.37630677622947, 16.889074011990225], [102.37651782237117, 16.889074012578075], [102.37651782247757, 16.889163646794238], [102.37657623209041, 16.889163646890587], [102.37657623171519, 16.889163836453633], [102.3766076407209, 16.889163837127626], [102.37660764087809, 16.8892534713355], [102.37663190291583, 16.88925347170514], [102.37663286610388, 16.88918382255526], [102.37668705111298, 16.88923800810676], [102.37682745546977, 16.889238007962177], [102.37685887735996, 16.88926942967944], [102.37669745835707, 16.88926736027507], [102.37669745842722, 16.88934329583678], [102.37678727709962, 16.88934329561042], [102.37678727699947, 16.889433120267125], [102.37687709570687, 16.8894331199936], [102.37687709470421, 16.88952294375507], [102.37690960632321, 16.889522944227206], [102.3769123713445, 16.88932292339581], [102.37696785944108, 16.889378412437257], [102.37710826386467, 16.889378412080877], [102.37724866813123, 16.88951881630518], [102.37738907262155, 16.889518815737002], [102.37741779996153, 16.88954754408439], [102.37732618834971, 16.889546370064675], [102.37732618780305, 16.88970259369748], [102.37723636898993, 16.889702593289144], [102.37723636818258, 16.889792417018064], [102.37705673138545, 16.889792416082667], [102.37705673051715, 16.88988224072866], [102.37696691253312, 16.8898822402016], [102.37696691217698, 16.88997225349968], [102.37693550304782, 16.889972252905043], [102.37693550240448, 16.89003323965076], [102.3770197673002, 16.890033239769423], [102.37701976657631, 16.890302711873925], [102.37688503836405, 16.890302711564537], [102.37688503746541, 16.890437447639542], [102.37675031006127, 16.89043744634062], [102.37675030908527, 16.890572182431388], [102.37657622558325, 16.890572181604426], [102.3765762256534, 16.890600829959272], [102.37651781653426, 16.89060082992707], [102.37651781640568, 16.89069065369525], [102.37657622555254, 16.890690653722498], [102.37657622508506, 16.890780667048077], [102.3766974527841, 16.89078066738009], [102.37669745221086, 16.890870302486523], [102.3767558623405, 16.890870302436962], [102.3767558619658, 16.89087049199993], [102.37678727124943, 16.89087049259545], [102.3767872707109, 16.890960126791253], [102.37687708920576, 16.890960126403098], [102.37687708929681, 16.891049951040486], [102.37696690784271, 16.891049951507558], [102.37696690782354, 16.891111126891243], [102.37715449079305, 16.89111112741358], [102.3771544901977, 16.891245863445395], [102.37728921812575, 16.891245864374284], [102.37728921762884, 16.891380599485043], [102.3774239456356, 16.89138060030783], [102.3774239447592, 16.891588896940775], [102.37777527293855, 16.891588897752406], [102.3777752733089, 16.891499073179986], [102.37782812851297, 16.891499073340913]], [[102.37752947626218, 16.889659220628385], [102.37766988103381, 16.889799624466363], [102.37769226731658, 16.88982201071393], [102.37746836996634, 16.889819142881827], [102.37747138391308, 16.889601128199597], [102.37752947626218, 16.889659220628385]], [[102.37714655114392, 16.88954406831932], [102.37705673252313, 16.889542916935902], [102.37705673224164, 16.889612768609027], [102.37714655009015, 16.88961276911951], [102.37714655114392, 16.88954406831932]]]}}, {"type": "Feature", "properties": {"tambon": "ต.โคกม่วง", "amphoe": "อ.โนนสัง", "cls": 3, "label": "ท่วมซ้ำซากเป็นครั้งคราว", "desc": "ประสบน้ำท่วมไม่เกิน 3 ครั้ง ใน 10 ปี", "color": "#38bdf8"}, "geometry": {"type": "Polygon", "coordinates": [[[102.37944479989308, 16.90745633040477], [102.37919467435394, 16.907453125232045], [102.3791941956542, 16.90748773617914], [102.37930212585607, 16.907487736409482], [102.37930212580645, 16.90757756076724], [102.37921230706127, 16.907577559905302], [102.37921230594802, 16.907757207747313], [102.3791904691497, 16.907757207694647], [102.37917968802428, 16.908536739007904], [102.37894284674208, 16.908533703175515], [102.37894284697842, 16.908565622635486], [102.37903266619993, 16.90856562262947], [102.37903266608717, 16.90862679874045], [102.37904061173015, 16.90862679916996], [102.37904061168304, 16.90874527090095], [102.37912248347567, 16.90874527134485], [102.37912248388182, 16.90876153525994], [102.37944479519092, 16.90876153652793], [102.37944479547207, 16.908626800014357], [102.37931006757532, 16.908626799821878], [102.37931006798718, 16.90849206419202], [102.3794447957879, 16.908492064401713], [102.37944479739664, 16.908222592254166], [102.37957952500417, 16.90822259331172], [102.37957952713931, 16.907683649985877], [102.37944479897854, 16.907683648874908], [102.37944479989308, 16.90745633040477]], [[102.37939194179938, 16.90811650411365], [102.37939194185029, 16.908206328459208], [102.37930212281401, 16.908206327690408], [102.37930212282188, 16.90811650423957], [102.37939194179938, 16.90811650411365]], [[102.38160044680625, 16.907212988908533], [102.38133099102293, 16.907209539240682], [102.38133099086498, 16.907279448345566], [102.3816004470642, 16.90727944897717], [102.38160044680625, 16.907212988908533]], [[102.38173517586978, 16.906917727502925], [102.38173481635695, 16.906943757655785], [102.38173517555965, 16.906943762544987], [102.38173517586978, 16.906917727502925]], [[102.3811784373083, 16.906471032807822], [102.38092681037875, 16.906471031710378], [102.38092680902314, 16.906875238989908], [102.38106153737174, 16.906875240112317], [102.38106153653143, 16.90693513618126], [102.38117200435124, 16.90693655036948], [102.3811784373083, 16.906471032807822]], [[102.38208650472421, 16.906740507778633], [102.382086504538, 16.906679521382017], [102.38214491459645, 16.906679520795816], [102.38214491497885, 16.906679332136413], [102.38217632393112, 16.906679332380097], [102.38217632425521, 16.906678457710452], [102.38201996480895, 16.906676455672226], [102.38202370695862, 16.906405551085587], [102.38230511152933, 16.906409154346985], [102.38230509939052, 16.906410049972884], [102.3823245525115, 16.90641005034343], [102.38232455287763, 16.90640986078168], [102.38235596177981, 16.90640986100572], [102.38235596199445, 16.906320226430708], [102.38241437194309, 16.906320226689658], [102.38241437246586, 16.90613959906308], [102.38230885332221, 16.906138248921245], [102.3823135613468, 16.905797357978948], [102.38203210667085, 16.90579735696906], [102.3820274482354, 16.906134646510413], [102.38160045148699, 16.906129179969042], [102.3816004514293, 16.906201562312983], [102.38133099582906, 16.9062015614211], [102.38133099466673, 16.906336296848334], [102.38119626675278, 16.906336296737337], [102.38119626637025, 16.906394957069942], [102.38174230046484, 16.90640194836749], [102.38173576297707, 16.90687524284982], [102.3820046324689, 16.906875242816902], [102.38200463307676, 16.906740507481704], [102.38208650472421, 16.906740507778633]]]}}, {"type": "Feature", "properties": {"tambon": "ต.ทรายทอง", "amphoe": "อ.ศรีบุญเรือง", "cls": 3, "label": "ท่วมซ้ำซากเป็นครั้งคราว", "desc": "ประสบน้ำท่วมไม่เกิน 3 ครั้ง ใน 10 ปี", "color": "#38bdf8"}, "geometry": {"type": "Polygon", "coordinates": [[[102.37621168248819, 16.818427824050765], [102.37621168265262, 16.818353747583384], [102.37634641122557, 16.81835374766016], [102.37634641121464, 16.818219011824517], [102.37648113969087, 16.818219012732353], [102.37648113939217, 16.818302329672765], [102.37648669241763, 16.81829974433351], [102.37650050335677, 16.81829331149878], [102.37698443804983, 16.818299491562986], [102.37698317399398, 16.81829585659494], [102.37698451767102, 16.818281513871312], [102.37676687066906, 16.81827873537211], [102.37677060001579, 16.818007828632837], [102.37620805356843, 16.81800064578891], [102.37621178288013, 16.817729740731263], [102.37593051043096, 16.817726148652405], [102.3756492388383, 16.81772255526781], [102.37564550780021, 16.81799346137775], [102.37497129225218, 16.817984847524606], [102.37497129265559, 16.81793006436255], [102.3747794698711, 16.817930064613314], [102.37477946929968, 16.81798293686206], [102.3748333612516, 16.8179829367483], [102.37483336074047, 16.818084270847386], [102.37486440558479, 16.818084270671523], [102.37486440559833, 16.818090725571984], [102.37488725179571, 16.818090725629997], [102.37488725155812, 16.818144619675557], [102.37494114262942, 16.818144620443], [102.37494114219368, 16.818252408527933], [102.3749597766264, 16.818252409189416], [102.37495977641827, 16.81830630323057], [102.37494114199625, 16.818306303472426], [102.37494114176789, 16.818353742614462], [102.37499913221654, 16.81835374278333], [102.37499913129116, 16.81848847878975], [102.37513385917765, 16.818488479661877], [102.375133859707, 16.81850950975208], [102.37615781987935, 16.818452909780408], [102.37621168248819, 16.818427824050765]], [[102.37509702297798, 16.816965253984055], [102.37504960034632, 16.81698824138248], [102.37501800322131, 16.817003557890573], [102.37486822135394, 16.81706313580068], [102.37486440924235, 16.817069719239257], [102.37486440884193, 16.817141119424257], [102.37499913671175, 16.817141119639356], [102.37499913695011, 16.81717234615223], [102.3750941547514, 16.817173560325184], [102.37509702297798, 16.816965253984055]]]}}, {"type": "Feature", "properties": {"tambon": "ต.กุดผึ้ง", "amphoe": "อ.สุวรรณคูหา", "cls": 3, "label": "ท่วมซ้ำซากเป็นครั้งคราว", "desc": "ประสบน้ำท่วมไม่เกิน 3 ครั้ง ใน 10 ปี", "color": "#38bdf8"}, "geometry": {"type": "Polygon", "coordinates": [[[102.31638344199946, 17.563108034197523], [102.31638344119338, 17.56296763027506], [102.31631323876047, 17.56289742737152], [102.31630528322246, 17.562889472087086], [102.31630528341717, 17.563022464304474], [102.3162154642096, 17.563022464248892], [102.31621546367846, 17.563276012794866], [102.31638344199946, 17.563108034197523]], [[102.31549691674836, 17.56284281419563], [102.31549691716398, 17.562752989722387], [102.31567655448364, 17.56275299050735], [102.31567655483494, 17.562663166950745], [102.31558673669363, 17.562663166563357], [102.31558673708103, 17.56257334209623], [102.31567655517792, 17.562573342491074], [102.31567655554542, 17.56248351893311], [102.31558673749299, 17.562483518530808], [102.31558673791305, 17.562393694964715], [102.31549691895684, 17.562393694529852], [102.31549691989369, 17.562214046478353], [102.31540710101889, 17.562214045987687], [102.31540710155213, 17.56212422240466], [102.31549692038249, 17.562124222902746], [102.31549692042724, 17.561944574862963], [102.31558673916128, 17.56194457533511], [102.31558673962995, 17.561854751764965], [102.3156765583121, 17.561854752203676], [102.31567655851553, 17.561839530668536], [102.3156112183792, 17.56177419424381], [102.31519000571774, 17.561774194302203], [102.3146985908741, 17.562265609084086], [102.3146985902783, 17.562406013233478], [102.31468855268221, 17.562416051179593], [102.31468855190415, 17.562483515045418], [102.31495800718709, 17.562483516437933], [102.31495800668998, 17.562663163656733], [102.31513764401025, 17.562663164947157], [102.31513764278256, 17.56284281214919], [102.31549691674836, 17.56284281419563]]]}}, {"type": "Feature", "properties": {"tambon": "ต.กุดผึ้ง", "amphoe": "อ.สุวรรณคูหา", "cls": 3, "label": "ท่วมซ้ำซากเป็นครั้งคราว", "desc": "ประสบน้ำท่วมไม่เกิน 3 ครั้ง ใน 10 ปี", "color": "#38bdf8"}, "geometry": {"type": "Polygon", "coordinates": [[[102.31666455431537, 17.563741056512068], [102.31666455408873, 17.56365123304495], [102.31684419117886, 17.56365123353594], [102.3168441918122, 17.563561410067283], [102.31702382878362, 17.563561410409683], [102.3170238293362, 17.56347158695525], [102.3172034661889, 17.563471587149028], [102.31720346666071, 17.563381763708872], [102.3174729226995, 17.563381764150677], [102.3174729230461, 17.563291940732235], [102.31783219624991, 17.563291942003044], [102.31783219753626, 17.563112294305633], [102.31792201572969, 17.56311229453607], [102.317922015862, 17.56302247025051], [102.31783219771302, 17.563022470012637], [102.31783219791433, 17.562932646621306], [102.3177423798023, 17.562932646335085], [102.31774238003969, 17.562842822033247], [102.3176525610239, 17.56284282171447], [102.31765256256912, 17.562663173980447], [102.31756274363474, 17.562663173605863], [102.31756274511872, 17.562303878131427], [102.3179220191598, 17.56230387951971], [102.3179220189626, 17.562393703810677], [102.31801183773382, 17.56239370404413], [102.31801183649543, 17.562573351722506], [102.31810165534807, 17.562573351900145], [102.31810165432334, 17.562663176189943], [102.31819147321293, 17.562663176319244], [102.31819147316502, 17.562752999682726], [102.31846092805736, 17.56275300073692], [102.3184609289127, 17.562663177380042], [102.31860626537483, 17.562663177992444], [102.31855970681434, 17.562616619610555], [102.31848950478252, 17.56254641758191], [102.31848950429217, 17.562406012992394], [102.31841930237923, 17.5623358109193], [102.31827889777664, 17.56219540668533], [102.3182086960442, 17.562125205411085], [102.31834910083016, 17.56198480137689], [102.31827889725704, 17.56191459834407], [102.31820869563653, 17.56184439614755], [102.3182086954789, 17.561703992415683], [102.31813849397724, 17.561633790174728], [102.3179980902137, 17.561493386507436], [102.3178576857117, 17.561352981815546], [102.31771728144483, 17.56121257788802], [102.31757687697663, 17.561212577643836], [102.3174364730188, 17.56107217346017], [102.31729606833895, 17.56093176915427], [102.31722586654317, 17.5608615664905], [102.31722586634346, 17.560721162635208], [102.317155664683, 17.560650960829363], [102.31708546213648, 17.560580759004804], [102.31708546203677, 17.56029995034709], [102.31701526061401, 17.56022974845237], [102.31694505830522, 17.560159546538923], [102.31694505852505, 17.559878736932454], [102.31687485639928, 17.559808534964624], [102.31680465338748, 17.55973833297808], [102.31680465322935, 17.559609159028916], [102.31675438920635, 17.559609158982756], [102.31675439000014, 17.55954766449641], [102.31673445170323, 17.55952772610571], [102.31672606023665, 17.55951933582592], [102.31666457093002, 17.5595193353656], [102.31666457103287, 17.55945785262047], [102.31666423939193, 17.55945752058847], [102.3165940479792, 17.559387322811066], [102.31624303676702, 17.559738333500892], [102.31624303691684, 17.559878629162135], [102.31630529611138, 17.55987862946199], [102.31630529553627, 17.560058276512038], [102.31621547685417, 17.560058276226055], [102.31621547655081, 17.560148100659912], [102.316102633111, 17.560148100109494], [102.31610263279883, 17.560159545822835], [102.31596222905225, 17.560299950108178], [102.3159622292392, 17.560503612419822], [102.31596573757167, 17.560507394401096], [102.31603583753822, 17.56050739506141], [102.31603583674585, 17.56059714369088], [102.3160358748321, 17.56059721977817], [102.31612565615012, 17.560597219829784], [102.31612565555007, 17.56077676489807], [102.31612570634283, 17.560776866949325], [102.31621547363129, 17.560776867181815], [102.31621547314592, 17.56095651513563], [102.31630529133157, 17.560956515362797], [102.31630529096749, 17.561136163299004], [102.31639510923455, 17.56113616347037], [102.31639510672201, 17.561675107249535], [102.31648492524819, 17.561675107335265], [102.31648492519156, 17.561854755230808], [102.3167543800676, 17.56185475611613], [102.3167543801765, 17.561944579589305], [102.3168441988226, 17.56194458039151], [102.3168441980433, 17.562034403872335], [102.31702383538548, 17.562034404436833], [102.31702383471962, 17.562124228804432], [102.31720347212081, 17.562124229190495], [102.31720347153545, 17.562214052640115], [102.31729329027753, 17.56221405321554], [102.31729328976118, 17.562303877559422], [102.31738310852376, 17.562303877184128], [102.31738310758782, 17.562483524952523], [102.3172932887364, 17.562483525342746], [102.31729328822793, 17.562573348782227], [102.31720347024887, 17.562573348220848], [102.31720346972052, 17.56266317256948], [102.31702383271043, 17.56266317135481], [102.31702383334408, 17.56257334789364], [102.31693401440191, 17.5625733472254], [102.31693401508811, 17.562483523756097], [102.31684419618291, 17.56248352303954], [102.31684419746625, 17.562214051718566], [102.3167543786869, 17.562214050938746], [102.31675437949438, 17.562124227451815], [102.31666456076844, 17.562124227526024], [102.31666456074102, 17.56212551652185], [102.31673445140444, 17.562195406822333], [102.31680465363549, 17.562265608695995], [102.31680465321448, 17.56282722607388], [102.31668457294269, 17.562947306210123], [102.31669287464436, 17.562958556688997], [102.31674495137409, 17.56316183721499], [102.31673747832629, 17.563282599166552], [102.31667113281978, 17.563357950285404], [102.31652384515198, 17.563372215068735], [102.31652384532315, 17.563529247744505], [102.31659404715548, 17.563599449628104], [102.31666424998326, 17.563669651461424], [102.31666424941582, 17.563741056210816], [102.31666455431537, 17.563741056512068]], [[102.31657474916949, 17.56041757296352], [102.31657475047143, 17.56014810154452], [102.31666456916814, 17.560148101659543], [102.3166645681543, 17.5602379260712], [102.31675438688794, 17.560237926137884], [102.3167543858977, 17.560417574026072], [102.31657474916949, 17.56041757296352]]]}}, {"type": "Feature", "properties": {"tambon": "ต.กุดผึ้ง", "amphoe": "อ.สุวรรณคูหา", "cls": 3, "label": "ท่วมซ้ำซากเป็นครั้งคราว", "desc": "ประสบน้ำท่วมไม่เกิน 3 ครั้ง ใน 10 ปี", "color": "#38bdf8"}, "geometry": {"type": "Polygon", "coordinates": [[[102.32097326972772, 17.568697848736488], [102.32097606339003, 17.56850699965922], [102.32104451633205, 17.56842737192617], [102.3212300657873, 17.568365503359086], [102.32139884170581, 17.568303372178836], [102.32155012116058, 17.568289400798793], [102.32164870595786, 17.56837443325461], [102.32174898107336, 17.568375849710357], [102.32200981687974, 17.56846652110682], [102.32211677205275, 17.568479347471374], [102.32220768383736, 17.568448572663936], [102.32224378459453, 17.568338287225174], [102.32222453846869, 17.568119255117914], [102.32224579756426, 17.56803115450461], [102.32233657558342, 17.567993070431147], [102.3224436639886, 17.56801320590809], [102.32250273925632, 17.5680410220458], [102.32250274131613, 17.567671171641624], [102.32178900406169, 17.567671171400555], [102.32171880146872, 17.56760096923677], [102.32164859893045, 17.56753076703845], [102.32150819474124, 17.567530767626543], [102.32136779113524, 17.567671171414883], [102.32123698641952, 17.56767117120641], [102.32121937276284, 17.567709096080897], [102.32098570353715, 17.567851934985438], [102.32074588269792, 17.568075301711087], [102.32056448249342, 17.568158772837045], [102.32006762639905, 17.568145787991774], [102.3200250941819, 17.568185456429084], [102.31997992076354, 17.56824896049727], [102.32003395041986, 17.5683029904149], [102.32003395105592, 17.568443394765925], [102.32010415253487, 17.568513596692487], [102.32017435500924, 17.568583798568728], [102.32017435485716, 17.568725543356283], [102.32018430882474, 17.568689433348887], [102.32028574080505, 17.568642502058385], [102.3204200668148, 17.56864435817295], [102.32055531399872, 17.568581782586882], [102.32067213509393, 17.568631707386462], [102.32073365903311, 17.56869235399035], [102.32092398353473, 17.568680871932074], [102.32094701038342, 17.568758442793957], [102.32095469482505, 17.56871091712142], [102.32097326972772, 17.568697848736488]], [[102.32259255788546, 17.568052624274543], [102.32252738085249, 17.568052624883848], [102.32259255770123, 17.568083314479995], [102.32259255788546, 17.568052624274543]], [[102.32024455718127, 17.566688341410472], [102.3202001575727, 17.56664394264491], [102.32010890239422, 17.567187340857586], [102.32019009128175, 17.567222041015896], [102.32025624117634, 17.567287249820364], [102.32030497253507, 17.56740061533789], [102.32037112138228, 17.567465915272592], [102.32044419445923, 17.567476986527527], [102.3204726099025, 17.567301244381177], [102.32049118191664, 17.567288177008283], [102.3204939766326, 17.567097344076572], [102.32056241916501, 17.567017723045648], [102.32059556706899, 17.567006670173544], [102.32059556719419, 17.56689894827648], [102.32052536533843, 17.5668287455557], [102.3203849618239, 17.566688341815365], [102.32024455718127, 17.566688341410472]]]}}, {"type": "Feature", "properties": {"tambon": "ต.กุดผึ้ง", "amphoe": "อ.สุวรรณคูหา", "cls": 3, "label": "ท่วมซ้ำซากเป็นครั้งคราว", "desc": "ประสบน้ำท่วมไม่เกิน 3 ครั้ง ใน 10 ปี", "color": "#38bdf8"}, "geometry": {"type": "Polygon", "coordinates": [[[102.3206165271412, 17.57398099286187], [102.32061652778046, 17.57389116883472], [102.32070634546467, 17.57389116880114], [102.32070634731424, 17.57362169764044], [102.3207961657984, 17.573621697572552], [102.32079616603134, 17.573442049557876], [102.32088598443556, 17.57344205036639], [102.32088598555283, 17.573262402348117], [102.32142489619567, 17.573262404609313], [102.32142489649974, 17.573172580643977], [102.3216943520738, 17.573172582139254], [102.32169435188665, 17.573262405179815], [102.32223326311637, 17.573262407923522], [102.32223326302024, 17.573172584025446], [102.32232308211236, 17.57317258418611], [102.32232308197993, 17.57308276029481], [102.3224129010201, 17.573082760422036], [102.32241290227523, 17.57272346484838], [102.32232308341291, 17.572723464691265], [102.32232308426184, 17.572633640780765], [102.3222332654365, 17.57263364057528], [102.32223326633803, 17.572543816656637], [102.32214344754966, 17.572543816402767], [102.32214344855478, 17.57227434465202], [102.32223326720977, 17.572274344928303], [102.32223326720299, 17.572184521022788], [102.32250272300621, 17.57218452253102], [102.32250272381496, 17.57209469863141], [102.32259254141034, 17.572094698774855], [102.3225925429633, 17.571915050988576], [102.3226823614031, 17.571915051090237], [102.3226823625471, 17.571555755571076], [102.32259254428514, 17.571555755439512], [102.32259254651159, 17.571016812095653], [102.32250272756812, 17.57101681189418], [102.32250272848246, 17.570926987985796], [102.322412909576, 17.570926987735927], [102.32241290955795, 17.57101681163598], [102.32223327257448, 17.57101681101272], [102.32223327153488, 17.571106634942854], [102.32196381634058, 17.571106633715708], [102.32196381611654, 17.57119645765177], [102.32178417888049, 17.571196456649407], [102.32178417857564, 17.571286280599733], [102.32160454123728, 17.571286280351078], [102.32160454085165, 17.571376104315675], [102.32142490431879, 17.571376103000166], [102.32142490385235, 17.571465926979027], [102.32106562961137, 17.571465925707706], [102.32106562897522, 17.57155574971577], [102.32088599219139, 17.571555748841728], [102.32088599228611, 17.571602489171188], [102.32094657828632, 17.571602489331813], [102.32101678057977, 17.571672691568562], [102.32108698197065, 17.571742892884256], [102.32178900340631, 17.571742893388272], [102.32192940779433, 17.571883298016385], [102.32206981156578, 17.57188329843053], [102.32214001340843, 17.571953500190418], [102.3221400133446, 17.57237471243054], [102.32206981220419, 17.572444914771406], [102.32160453667815, 17.57244491566014], [102.32160453682425, 17.57245399003322], [102.32151471804455, 17.572453990387952], [102.32151471772002, 17.572543814351203], [102.32142489981267, 17.57254381375432], [102.32142489945178, 17.572633637724387], [102.32097580679135, 17.57263363601594], [102.32097580643376, 17.572543812024335], [102.32088598849809, 17.572543812084405], [102.32088598913387, 17.572453988068858], [102.32079617027792, 17.572453987194], [102.32079617112392, 17.57229450805836], [102.32066576985729, 17.572164105572977], [102.32061653393245, 17.57216410601261], [102.32061653399194, 17.57218451502419], [102.32052671620426, 17.572184514890782], [102.32052671536628, 17.572274338938247], [102.32027473001291, 17.57227433820573], [102.32024455779134, 17.572304510850117], [102.31968293953442, 17.572304510850525], [102.3196527645636, 17.572274335565446], [102.31944889327164, 17.572274334363236], [102.3194488937188, 17.57218451114434], [102.31935907489326, 17.57218451049504], [102.31935907588436, 17.572004863137945], [102.31926925714026, 17.572004862432816], [102.31926925768421, 17.571915038294595], [102.31917943899359, 17.57191503844347], [102.3191794395901, 17.571825214297103], [102.31905112170105, 17.571825213747257], [102.31905112145738, 17.572093903585277], [102.3188405149439, 17.572304510504576], [102.31870011047629, 17.572304510553575], [102.31855970689037, 17.572164105989717], [102.31848950423871, 17.57209390367181], [102.31848950456346, 17.571532287431808], [102.31841930222342, 17.571462085039606], [102.31827889772391, 17.571321681054016], [102.31813849396023, 17.57132168147796], [102.31806829182949, 17.571251478923102], [102.3179980897535, 17.57118127633374], [102.31785768606197, 17.57118127653958], [102.31743647296089, 17.571602489597954], [102.3171556638212, 17.571602489235325], [102.31702379544247, 17.57173435831848], [102.31702379529426, 17.571735381933976], [102.31702277140813, 17.571735381967855], [102.31701526034257, 17.571742893568917], [102.31693397708209, 17.571742892947675], [102.31693397668792, 17.571825206249812], [102.31702379550418, 17.57182520622854], [102.31702379499114, 17.572004853929002], [102.31711361294808, 17.572004853867693], [102.31711361257285, 17.572184502452924], [102.31720343061123, 17.572184502335798], [102.31720343095066, 17.57227432661203], [102.31783216020992, 17.57227432815675], [102.31783215992787, 17.57236415239589], [102.31801179702937, 17.572364153225422], [102.31801179684435, 17.57245397744894], [102.31837107019484, 17.572453978603132], [102.31837107114282, 17.57236415439367], [102.31864052619564, 17.572364155750662], [102.31864052630534, 17.572453979019567], [102.31873034438321, 17.5724539799895], [102.3187303430458, 17.572723451606116], [102.31864052483456, 17.572723450658593], [102.31864052405241, 17.572813274842957], [102.3184608875351, 17.572813273742515], [102.31846088683571, 17.573082745402388], [102.31882016037399, 17.57308274735013], [102.31882016104286, 17.57299292318272], [102.31890997937258, 17.57299292402604], [102.31890998000512, 17.5729030998654], [102.3189997982664, 17.572903099772915], [102.31899979887905, 17.57281327652145], [102.31917943530681, 17.5728132771311], [102.31917943478307, 17.57290310036763], [102.31935907222712, 17.572903101685302], [102.31935907180042, 17.572992924906227], [102.31953870930357, 17.572992926045362], [102.31953870962488, 17.572903101936976], [102.31989798342292, 17.572903103770095], [102.31989798326299, 17.57299292694623], [102.3199878015031, 17.572992927298724], [102.31998780141221, 17.573082751369096], [102.32007761968933, 17.57308275167322], [102.32007761868006, 17.573262399812815], [102.32016743703862, 17.573262400061104], [102.32016743613426, 17.57344204728067], [102.32025725553154, 17.5734420483597], [102.32025725465735, 17.573531871517712], [102.32034707315084, 17.57353187256418], [102.32034707247303, 17.573711519749818], [102.32043689103152, 17.573711519838056], [102.32043689049156, 17.573891167908442], [102.32052670913153, 17.573891167940836], [102.32052670844779, 17.573980991975446], [102.3206165271412, 17.57398099286187]], [[102.31774234302569, 17.571825209145107], [102.31774234380063, 17.5716455615455], [102.31810161844606, 17.571645562509374], [102.31810161708599, 17.571825210065086], [102.31774234302569, 17.571825209145107]], [[102.31899980383882, 17.571462085151197], [102.31898091940478, 17.571462085449653], [102.31891071714205, 17.57153228771989], [102.31891071704658, 17.571555741421168], [102.31899980343957, 17.571555741985105], [102.31899980383882, 17.571462085151197]], [[102.32304164139418, 17.570477871166148], [102.32304164114977, 17.57038804731435], [102.32312284339483, 17.570388047767608], [102.32312284330912, 17.570128245429792], [102.32313146121312, 17.57011962823998], [102.3231314619234, 17.569856055506527], [102.32312284338695, 17.569847437458314], [102.32312284296879, 17.56970703257563], [102.32305264088038, 17.56963683018359], [102.32298243886316, 17.569566628659384], [102.32298243919628, 17.569489808401794], [102.3222332783358, 17.569489805220833], [102.32223327809892, 17.569579629146627], [102.32187400408148, 17.569579627880927], [102.3218740044962, 17.569489803925244], [102.32124527477465, 17.569489801215415], [102.3212452740488, 17.569579625223408], [102.32115545572101, 17.569579625191295], [102.32115545589959, 17.569669449190286], [102.3209758181755, 17.569669448131748], [102.32097581902659, 17.569579624102023], [102.32070636301287, 17.56957962353078], [102.32070636296919, 17.569669447567115], [102.32061654455215, 17.5696694472971], [102.32061654224641, 17.570239979065295], [102.3206817206081, 17.57025798780438], [102.32090034705057, 17.570228817312422], [102.32118769213602, 17.57010383960648], [102.3214061388271, 17.570090660319146], [102.32144108988761, 17.570208393743115], [102.32151472696512, 17.570208393825233], [102.32151472684244, 17.57038804086672], [102.32160454555688, 17.57038804157038], [102.32160454509004, 17.570477865541736], [102.32223327427869, 17.570477867496805], [102.32223327443437, 17.57038804357775], [102.32232309308905, 17.57038804395425], [102.32232309297785, 17.57047786786581], [102.32304164139418, 17.570477871166148]], [[102.32232309881192, 17.56895086213199], [102.32232309906122, 17.568861038208915], [102.3225925545949, 17.568861039442453], [102.32259255565972, 17.56877121552532], [102.3226823734844, 17.568771215872726], [102.32268237571549, 17.568385030229187], [102.3225153872494, 17.56818382851526], [102.32243142721939, 17.568177927335913], [102.32237888446316, 17.568222682116208], [102.32238128806712, 17.568354255768508], [102.32244719313616, 17.568623687610977], [102.32233462071481, 17.56872063363225], [102.32215132530038, 17.568701778078193], [102.32190678800625, 17.568605433353166], [102.32192999721985, 17.568713110785335], [102.32191139360906, 17.56884160293601], [102.3219097935869, 17.568950861728005], [102.32232309881192, 17.56895086213199]]]}}, {"type": "Feature", "properties": {"tambon": "ต.ป่าไม้งาม", "amphoe": "อ.เมืองหนองบัวลำภู", "cls": 3, "label": "ท่วมซ้ำซากเป็นครั้งคราว", "desc": "ประสบน้ำท่วมไม่เกิน 3 ครั้ง ใน 10 ปี", "color": "#38bdf8"}, "geometry": {"type": "Polygon", "coordinates": [[[102.38585875677865, 16.939015955494565], [102.38585875737743, 16.938926131814714], [102.38594857554652, 16.938926131833828], [102.38594857611083, 16.938836308161], [102.38603839516702, 16.93883630813261], [102.38603839529743, 16.938656660815884], [102.38630785124202, 16.938656661456974], [102.38630785084837, 16.938746486002785], [102.38648748788484, 16.93874648652275], [102.38648748756881, 16.93883631015021], [102.38657730659513, 16.938836310786492], [102.38657730633017, 16.938926134405634], [102.38658525225364, 16.93892613432786], [102.38658525408593, 16.93853819091364], [102.38666712611804, 16.938538191626154], [102.38666712681672, 16.938387191511325], [102.38657730801188, 16.938387190876284], [102.38657730864362, 16.93813398379777], [102.38631579939049, 16.93813398241569], [102.38631579964981, 16.938268717869718], [102.38550743235587, 16.938268715528327], [102.38550743111901, 16.93840345109998], [102.38537270323364, 16.938403450262058], [102.38537270287289, 16.938538186736306], [102.38510324781167, 16.9385381857144], [102.38510324726093, 16.938672921319327], [102.38496851914758, 16.938672921150904], [102.38496851851924, 16.9388076567716], [102.38510324672883, 16.938807656922798], [102.38510324572363, 16.939015953357227], [102.38523002718978, 16.93901595343405], [102.38523002715039, 16.938926129716066], [102.38531984631067, 16.938926129996922], [102.3853198462368, 16.938836306285975], [102.3855893016683, 16.938836306944953], [102.38558930187047, 16.9389261306329], [102.38576893920067, 16.93892613175599], [102.38576893855912, 16.939015955443526], [102.38585875677865, 16.939015955494565]]]}}, {"type": "Feature", "properties": {"tambon": "ต.โคกม่วง", "amphoe": "อ.โนนสัง", "cls": 3, "label": "ท่วมซ้ำซากเป็นครั้งคราว", "desc": "ประสบน้ำท่วมไม่เกิน 3 ครั้ง ใน 10 ปี", "color": "#38bdf8"}, "geometry": {"type": "Polygon", "coordinates": [[[102.38712424089502, 16.91954043491476], [102.38712424169466, 16.91940569847442], [102.38725896984364, 16.919405699452007], [102.38725896962842, 16.919270963043047], [102.38752842566629, 16.919270963863227], [102.38752842623103, 16.919136228374153], [102.38766315413605, 16.919136229119147], [102.38766315616475, 16.918597285412584], [102.38779788366813, 16.918597286137587], [102.38779788553951, 16.91832781429454], [102.38788273710001, 16.918327814374752], [102.38788273744649, 16.918268470223502], [102.38793261316427, 16.91826847081661], [102.38793261322422, 16.918193078615186], [102.38806734134221, 16.918193079198385], [102.38806734163596, 16.91821457649296], [102.38809830225834, 16.918214576625836], [102.3880983025686, 16.91816068263238], [102.38815219341869, 16.91816068247947], [102.38815219371655, 16.91810678848857], [102.3882060845485, 16.918106788324174], [102.38820608483397, 16.918052894335773], [102.3882599765852, 16.91805289414436], [102.38825997685827, 16.91799900015849], [102.38833679882131, 16.917999000558083], [102.38833679874084, 16.91792360838402], [102.38836775837018, 16.917923608500068], [102.38836775894048, 16.91789121180817], [102.38842165065343, 16.917891212484687], [102.38842165133775, 16.91772952874441], [102.38847152688766, 16.917729529231263], [102.38847152677428, 16.917654137065227], [102.38847554194943, 16.91765413726477], [102.38847554251018, 16.91762174057549], [102.3885294341246, 16.917621740334948], [102.38852943434466, 16.91756784636103], [102.3885833250197, 16.917567847026937], [102.38858332542183, 16.917460058181565], [102.38863721698462, 16.91746005792082], [102.38863721718289, 16.91740616395173], [102.38917612885226, 16.91740616606492], [102.38917612787031, 16.9174600600219], [102.38923001941885, 16.91746006050684], [102.3892300193927, 16.917513954445297], [102.38933780157483, 16.91751395538244], [102.3893378016154, 16.917519404620098], [102.38941462330465, 16.91751940464861], [102.38941462368768, 16.917384668464415], [102.38968407934307, 16.91738466957948], [102.38968407956874, 16.917249934330794], [102.38976893144637, 16.917249934599802], [102.3897689313787, 16.917244484461907], [102.38981880767402, 16.917244484626607], [102.389818809387, 16.916759435777298], [102.38976893321971, 16.916759435589544], [102.38976893436205, 16.916576254748197], [102.38968408278699, 16.916576254424747], [102.3896840829794, 16.916328281188697], [102.38966115298162, 16.916328280701283], [102.38966115346939, 16.91630678251812], [102.3894146274717, 16.916306781645616], [102.3894146280387, 16.916172046350667], [102.38914517216891, 16.916172044599623], [102.3891451723633, 16.916306780815926], [102.38901044385386, 16.916306780734296], [102.38901044395467, 16.916441516064044], [102.3882020766459, 16.91644151373049], [102.38820207440945, 16.916845720939808], [102.38806734726963, 16.916845720272942], [102.38806734585114, 16.916980456635674], [102.38820207400833, 16.916980456367337], [102.38820207364199, 16.917115192695814], [102.38806734537259, 16.91711519207903], [102.38806734408102, 16.9175194002051], [102.38793261644349, 16.917519399535554], [102.38793261594338, 16.91765413499034], [102.38752843171766, 16.91765413341724], [102.38752843190149, 16.917788869809197], [102.38725897610281, 16.91778886864026], [102.38725897515954, 16.917923604178444], [102.38712424714629, 16.917923603928873], [102.38712424607702, 16.918193075922268], [102.38698951879176, 16.918193075602645], [102.3869895177122, 16.91832781117098], [102.38685479031358, 16.918327810779584], [102.38685478915654, 16.918462546363745], [102.3863158780838, 16.918462544894766], [102.38631587749848, 16.918597280530964], [102.38618114982135, 16.9185972797289], [102.3861811485305, 16.91886675193381], [102.38604642064395, 16.91886675107723], [102.38604641962237, 16.919137660311378], [102.38610241443, 16.919153509583346], [102.38613871918955, 16.91917201403713], [102.38616241025184, 16.91917878651121], [102.38617690492735, 16.919189257904925], [102.38619627660425, 16.919195118995358], [102.38617062014006, 16.91927095915681], [102.3861811467097, 16.919270958876645], [102.38618114603415, 16.919346351197113], [102.38648156327893, 16.91934635196298], [102.3864815625892, 16.919400246936547], [102.38653545387577, 16.919400247147493], [102.3865354538461, 16.91940569639885], [102.38658532991187, 16.919405696365267], [102.38658533020423, 16.919454141164262], [102.3866432357839, 16.919454141589302], [102.38664323606747, 16.91950803563619], [102.38675101869899, 16.919508036849688], [102.38675101790521, 16.91954043358719], [102.38712424089502, 16.91954043491476]], [[102.3791904691497, 16.907757207694647], [102.37917534307266, 16.907757207724504], [102.37917534295539, 16.907818383831174], [102.37904061466301, 16.90781838337284], [102.37904061490349, 16.907953119028985], [102.37863643058837, 16.907953118058682], [102.37863643157333, 16.907818382335396], [102.37850170321205, 16.907818381521135], [102.37850170212934, 16.9082961491872], [102.37885302924388, 16.908296150320144], [102.37885302903913, 16.90838597380797], [102.37894284819905, 16.90838597475922], [102.37894284674208, 16.908533703175515], [102.37917968802428, 16.908536739007904], [102.3791904691497, 16.907757207694647]], [[102.37944479989308, 16.90745633040477], [102.37944480179522, 16.90714470545681], [102.37931007308002, 16.907144705105832], [102.37931007341963, 16.90727944073481], [102.37917534552857, 16.907279440296584], [102.37917534434699, 16.907487736409987], [102.3791941956542, 16.90748773617914], [102.37919467435394, 16.907453125232045], [102.37944479989308, 16.90745633040477]], [[102.38173517555965, 16.906943762544987], [102.38173481635695, 16.906943757655785], [102.38173517586978, 16.906917727502925], [102.38173517601187, 16.906875242631298], [102.38173576297707, 16.90687524284982], [102.38174230046484, 16.90640194836749], [102.38119626637025, 16.906394957069942], [102.38119626646647, 16.90647103306722], [102.3811784373083, 16.906471032807822], [102.38117200435124, 16.90693655036948], [102.38106153653143, 16.90693513618126], [102.38106153611034, 16.90700997556672], [102.38119626452162, 16.90700997568049], [102.38119626339098, 16.907144712018585], [102.38133099189712, 16.907144712928535], [102.38133099102293, 16.907209539240682], [102.38160044680625, 16.907212988908533], [102.38160044696693, 16.907144713610126], [102.38163740965355, 16.907144714117383], [102.38163740997922, 16.90712844932112], [102.38172722925772, 16.907128450040403], [102.38172722913372, 16.907038625870683], [102.381735175627, 16.9070386261917], [102.38173517555965, 16.906943762544987]], [[102.38230509939052, 16.906410049972884], [102.38230511152933, 16.906409154346985], [102.38202370695862, 16.906405551085587], [102.38201996480895, 16.906676455672226], [102.38217632425521, 16.906678457710452], [102.3821763242062, 16.906589697791713], [102.38223473329458, 16.906589697200268], [102.38223473336139, 16.90649968441056], [102.38226614321849, 16.90649968463026], [102.38226614253014, 16.90641005006374], [102.38230509939052, 16.906410049972884]], [[102.3823135613468, 16.905797357978948], [102.38230885332221, 16.906138248921245], [102.38241437246586, 16.90613959906308], [102.3824143727144, 16.90605075430587], [102.38235596380248, 16.906050754918848], [102.38235596384517, 16.905960741233212], [102.38232455408028, 16.90596074101126], [102.38232455435109, 16.90587110643034], [102.3824143729736, 16.90587110695432], [102.38241437418714, 16.9056914586823], [102.38250419271665, 16.905691459182083], [102.38250419309888, 16.90569127052272], [102.38262542037924, 16.905691270284578], [102.3826254198686, 16.90578109440291], [102.38267827604054, 16.9057810944423], [102.38267827604244, 16.90566262306121], [102.38240882051657, 16.9056626216658], [102.38240882006407, 16.905797357863335], [102.3823135613468, 16.905797357978948]], [[102.38203210667085, 16.90579735696906], [102.38186990845358, 16.905797355878505], [102.38186990775749, 16.90606682748923], [102.38160045146475, 16.90606682603191], [102.38160045148699, 16.906129179969042], [102.3820274482354, 16.906134646510413], [102.38203210667085, 16.90579735696906]], [[102.38281300407569, 16.905797359312313], [102.38271523815118, 16.905797358681138], [102.38271523796298, 16.90587091891215], [102.38276998442721, 16.90587091923631], [102.3828130039255, 16.905870919536493], [102.38281300407569, 16.905797359312313]], [[102.37715231561009, 16.89232375047077], [102.3770197583122, 16.89232374984947], [102.37701975778808, 16.892458485885363], [102.3768850299156, 16.89245848582051], [102.3768850276052, 16.892997429116], [102.37701975586141, 16.892997429111993], [102.37701975543021, 16.89313216514059], [102.37714113742854, 16.893132166026096], [102.37715231561009, 16.89232375047077]], [[102.37752947626218, 16.889659220628385], [102.37747138391308, 16.889601128199597], [102.37746836996634, 16.889819142881827], [102.37769226731658, 16.88982201071393], [102.37766988103381, 16.889799624466363], [102.37752947626218, 16.889659220628385]], [[102.37690960632321, 16.889522944227206], [102.37705673221348, 16.889522944878955], [102.37705673252313, 16.889542916935902], [102.37714655114392, 16.88954406831932], [102.37714655095664, 16.88952294538164], [102.37732618840391, 16.889522945366057], [102.37732618834971, 16.889546370064675], [102.37741779996153, 16.88954754408439], [102.37738907262155, 16.889518815737002], [102.37724866813123, 16.88951881630518], [102.37710826386467, 16.889378412080877], [102.37696785944108, 16.889378412437257], [102.3769123713445, 16.88932292339581], [102.37690960632321, 16.889522944227206]], [[102.37460022214803, 16.889240474185964], [102.37460022225795, 16.889253652920825], [102.37463163132135, 16.88925365299374], [102.37463163150424, 16.88934328825584], [102.37466066292977, 16.88934328782135], [102.37466207463633, 16.88924126743911], [102.37460022214803, 16.889240474185964]], [[102.37663190291583, 16.88925347170514], [102.37666605051369, 16.88925347140118], [102.37666605013857, 16.889253660964215], [102.37669745820318, 16.889253660734784], [102.37669745835707, 16.88926736027507], [102.37685887735996, 16.88926942967944], [102.37682745546977, 16.889238007962177], [102.37668705111298, 16.88923800810676], [102.37663286610388, 16.88918382255526], [102.37663190291583, 16.88925347170514]], [[102.37711622641284, 16.888685882148124], [102.37715118748301, 16.88890590132719], [102.37731873437295, 16.889124167942725], [102.37742395363725, 16.88922822449065], [102.37742395545477, 16.888955354865114], [102.37728922730001, 16.888955353763322], [102.37728922813132, 16.888820618626315], [102.37715450005524, 16.888820617418407], [102.37715450100103, 16.88868588226272], [102.37711622641284, 16.888685882148124]], [[102.37523820533572, 16.888281667849977], [102.37513358403932, 16.888281666866693], [102.37513358460741, 16.888146930575505], [102.3748641289267, 16.88814692956592], [102.37486412972123, 16.888012194141236], [102.3745418179127, 16.888012192502206], [102.37454181787729, 16.88808575242913], [102.37446996121204, 16.888085752312932], [102.37447265888815, 16.888118653768114], [102.37451040838003, 16.888193636541395], [102.37465964858465, 16.88849007886388], [102.37451040581304, 16.8888683419495], [102.37449620744292, 16.888904328411748], [102.37445994284197, 16.88894811666824], [102.37445994268055, 16.888983991724544], [102.37450466966263, 16.88898399152085], [102.3745142453592, 16.888968419882506], [102.37466582251487, 16.88897036364036], [102.37466837807227, 16.888785672050318], [102.37489017506107, 16.888542411701824], [102.37489064521753, 16.88816039306357], [102.37495844369703, 16.888161262422432], [102.374950949349, 16.888703068987997], [102.37523232628538, 16.88870667687729], [102.37523820533572, 16.888281667849977]], [[102.37692304134234, 16.888551145517248], [102.37692130929783, 16.888676391715183], [102.37701977279264, 16.88867639137854], [102.37701977315757, 16.888624705556154], [102.37696691684118, 16.888624705072754], [102.37696691776809, 16.88855114528725], [102.37692304134234, 16.888551145517248]], [[102.37552149591694, 16.88814693313269], [102.37526831243002, 16.888146931398147], [102.3752683119014, 16.888165235399146], [102.3755211977453, 16.888168477146685], [102.37552149591694, 16.88814693313269]], [[102.37650371572245, 16.88655536303242], [102.3764808701357, 16.88655507022878], [102.37648086935809, 16.886664840834968], [102.37650371537724, 16.886664841170113], [102.37650371572245, 16.88655536303242]], [[102.37701978256035, 16.886291022915994], [102.37667291979446, 16.88628657848328], [102.37667169965715, 16.886374877958612], [102.37671928168835, 16.886374878097403], [102.37671928105001, 16.886428771831177], [102.37688095424653, 16.886428773054227], [102.37688095459448, 16.88648266676402], [102.37693484536275, 16.886482667446458], [102.37693484592067, 16.886428772821557], [102.37715450873522, 16.886428773651527], [102.3771545092134, 16.886408263599098], [102.37715223584597, 16.886395371539585], [102.37701978209849, 16.88639537124042], [102.37701978256035, 16.886291022915994]], [[102.37046792773513, 16.88121645342551], [102.37045537460308, 16.881254891259648], [102.37046792799008, 16.88125489125863], [102.37046792773513, 16.88121645342551]], [[102.37607671016376, 16.880591209511014], [102.37602924069643, 16.880658369896445], [102.37600642043853, 16.88069065594571], [102.37598872014085, 16.88074171306029], [102.37596497283967, 16.880810209864762], [102.37612650068807, 16.880810210353264], [102.37612650078063, 16.88082375736037], [102.37618039183513, 16.880823757597813], [102.37618039139447, 16.880985440711527], [102.37612650029396, 16.880985440482366], [102.37612650022284, 16.881005933402896], [102.3762114361534, 16.881005933372485], [102.37621143535222, 16.881140668700947], [102.37661561931432, 16.881140670289057], [102.37661561987684, 16.880931548354056], [102.37661152106853, 16.880931548270233], [102.376611521537, 16.88087119874754], [102.37648089224783, 16.880871198061016], [102.37648089289442, 16.880736462764073], [102.37634616487688, 16.880736461887416], [102.37634616562185, 16.88060172566942], [102.37607670975896, 16.880601725419837], [102.37607671016376, 16.880591209511014]], [[102.3708380410963, 16.880871177309466], [102.3708428800157, 16.880521827285868], [102.37082987464929, 16.880521660532377], [102.3708677021615, 16.88034648096418], [102.37083705072317, 16.87999459849529], [102.37082232512422, 16.879975224449293], [102.3708223227079, 16.880466970167866], [102.37068759516109, 16.88046696911879], [102.37068759410428, 16.880601705096517], [102.37056035815816, 16.880601705181387], [102.37055619507274, 16.88090230880887], [102.37052823572674, 16.88103179045666], [102.3704729754838, 16.88120099715802], [102.37052181929994, 16.881200997135817], [102.37052181998163, 16.88109320816463], [102.37057571138297, 16.881093208964575], [102.37057571123627, 16.8810393140379], [102.37068349398399, 16.881039314698235], [102.37068349382562, 16.880985420679224], [102.37068759265813, 16.880985420881814], [102.37068759298353, 16.880871177032198], [102.3708380410963, 16.880871177309466]], [[102.37149596756778, 16.878904505938472], [102.37122651250122, 16.878901047106016], [102.3712265119856, 16.878984876815206], [102.37109178460753, 16.878984875859064], [102.37109178258522, 16.87944122020351], [102.37170197437278, 16.87944905229899], [102.37169935792619, 16.879638065526812], [102.37170743082446, 16.87963806524758], [102.37170743157392, 16.87947638239513], [102.37176132245466, 16.879476382964803], [102.3717613229968, 16.87942248807619], [102.37186910564047, 16.879422488260552], [102.37186910523373, 16.879368594295048], [102.37190014991637, 16.87936859473988], [102.3719001506362, 16.879254350991157], [102.37176542315235, 16.87925435051366], [102.37176542362775, 16.879119614658837], [102.37163069528535, 16.87911961409073], [102.37163069587514, 16.878984878217274], [102.3714959676114, 16.87898487754312], [102.37149596756778, 16.878904505938472]], [[102.37796290693169, 16.87898740115458], [102.37789945919013, 16.878986588647727], [102.37789571714572, 16.879257492697494], [102.3783670888142, 16.879263527263628], [102.37836708899593, 16.8792543743811], [102.37809763270693, 16.879254373792076], [102.37809763334731, 16.879119637766433], [102.37796290574947, 16.87911963776486], [102.37796290693169, 16.87898740115458]], [[102.37540308345253, 16.877328903937375], [102.37540308428825, 16.877098590138054], [102.37526835592536, 16.877098589034556], [102.37526835629646, 16.877056225700194], [102.37511204121378, 16.87705422264265], [102.37510455096402, 16.877596029385277], [102.37538591215608, 16.877599634598738], [102.37538965732107, 16.877328731740082], [102.37540308345253, 16.877328903937375]], [[102.37145145866869, 16.877217236515463], [102.3714549665032, 16.876963840123977], [102.37117355783597, 16.876963838916154], [102.37117300593374, 16.87700370480444], [102.3710917916671, 16.877002662680646], [102.37109179176024, 16.877098573555845], [102.37095706384838, 16.877098573203455], [102.37095706345696, 16.877233309167877], [102.37109179146466, 16.87723330950307], [102.3710917910959, 16.87727361402946], [102.37136680073749, 16.877277143524008], [102.37136680064765, 16.87721723602571], [102.37145145866869, 16.877217236515463]], [[102.37284130073347, 16.876290165187502], [102.37260232154622, 16.876290164563507], [102.37234028642203, 16.87644011527656], [102.37173180851289, 16.876580864088393], [102.37122652150737, 16.876589183948248], [102.3712265213186, 16.87669436690747], [102.37136124890857, 16.876694367133727], [102.37136124874904, 16.876829103050962], [102.37145683219555, 16.876829104188424], [102.37145770742359, 16.87676590744156], [102.37160261044974, 16.87676352301244], [102.37175559227406, 16.876761003626722], [102.37198682233415, 16.876707517720796], [102.37202236764739, 16.87669929491505], [102.372346148214, 16.87662440058871], [102.37241167325573, 16.87660924435649], [102.3727498230423, 16.876415734010877], [102.37284130073347, 16.876290165187502]], [[102.37161370879569, 16.87592555518267], [102.37130839521339, 16.876180782840777], [102.3712656067574, 16.87621655199602], [102.37122652313907, 16.876210088026788], [102.37122652282218, 16.876424895018793], [102.37118101962899, 16.876424895065462], [102.37118050688927, 16.876461899791053], [102.3717432230721, 16.87646912044338], [102.37174697282953, 16.876198217613606], [102.3720283308969, 16.87620182786628], [102.37203207937702, 16.875930925114986], [102.3716189046297, 16.875925622169166], [102.37161370879569, 16.87592555518267]], [[102.37818031517727, 16.875655933914647], [102.37818721682815, 16.875529401034065], [102.37818658754885, 16.875481769486573], [102.37813233343003, 16.875481769203663], [102.37811885858697, 16.875488174686016], [102.37766485721372, 16.875596971128463], [102.37766947120161, 16.87526288413139], [102.37767015302981, 16.875213481592557], [102.37764881586406, 16.875313633452688], [102.37730302017576, 16.875637523275252], [102.37715455226682, 16.875647634826596], [102.37715455197679, 16.87584362946241], [102.37752134256266, 16.875817374134144], [102.37766227956271, 16.87578359985993], [102.37765924993536, 16.876003042015288], [102.37777576586427, 16.876004532726153], [102.37771909889338, 16.876171344255035], [102.37769346168983, 16.876190273367467], [102.37769346120812, 16.876290182458305], [102.37782818870211, 16.87629018296836], [102.3778281888609, 16.876319902764052], [102.37787839197854, 16.876283060508904], [102.37801069102356, 16.875893604220625], [102.37816486838085, 16.875663159049655], [102.37818031517727, 16.875655933914647]], [[102.37432526530374, 16.87596033181264], [102.37432526607525, 16.875751227446045], [102.37405581008463, 16.875751226107173], [102.37405581128753, 16.875616490475927], [102.37378635541977, 16.875616488747294], [102.37378635497848, 16.875751225299904], [102.37351689886628, 16.875751224152733], [102.37351689823583, 16.875885959835895], [102.37338217052672, 16.875885959138536], [102.37338216983501, 16.87602069573984], [102.37324744201287, 16.87602069497083], [102.3732474416523, 16.87614089522504], [102.37362381928376, 16.876140895041964], [102.37362381946336, 16.876222291024426], [102.37399784022301, 16.876227086850744], [102.37400132092597, 16.875975349580937], [102.3740481512798, 16.875956779308524], [102.37432526530374, 16.87596033181264]], [[102.37818382108554, 16.875196899595775], [102.37795183112763, 16.87519393101101], [102.37794809005601, 16.875464835086404], [102.3780976482271, 16.875466748171977], [102.37809764883552, 16.875212297085884], [102.37818302639025, 16.87521229749482], [102.37818288406828, 16.875201508647695], [102.37818382108554, 16.875196899595775]], [[102.3728294140664, 16.874694064643887], [102.3728432645259, 16.874714592151527], [102.37284326418866, 16.874695315048434], [102.3728294140664, 16.874694064643887]], [[102.37880695962289, 16.874403884768014], [102.37880517652091, 16.874533028455886], [102.37895138104966, 16.874403885462307], [102.37880695962289, 16.874403884768014]], [[102.3783671071243, 16.874446103959386], [102.37836710758039, 16.874403883348453], [102.37818030358233, 16.874403882833796], [102.3783005431568, 16.874464481657387], [102.3783671071243, 16.874446103959386]], [[102.37741417213701, 16.87274847923618], [102.37714142758712, 16.87274498719539], [102.37713768755077, 16.873015892364872], [102.37736602739024, 16.873018815101258], [102.37736602764949, 16.873009080898036], [102.37741991922879, 16.873009081161637], [102.3774199194545, 16.872955186518656], [102.3774738110157, 16.872955186770785], [102.37747381122905, 16.872901292130347], [102.37750046171153, 16.872901293060934], [102.37749780656638, 16.872896590710507], [102.3774428832825, 16.872849662357257], [102.37742745557945, 16.872772004409313], [102.37741417213701, 16.87274847923618]]]}}, {"type": "Feature", "properties": {"tambon": "ต.หนองบัวใต้", "amphoe": "อ.ศรีบุญเรือง", "cls": 3, "label": "ท่วมซ้ำซากเป็นครั้งคราว", "desc": "ประสบน้ำท่วมไม่เกิน 3 ครั้ง ใน 10 ปี", "color": "#38bdf8"}, "geometry": {"type": "Polygon", "coordinates": [[[102.37446996121204, 16.888085752312932], [102.37445994536236, 16.888085752307806], [102.37445994423699, 16.888281664213245], [102.37442058958541, 16.88828166424048], [102.37442058852832, 16.888416400621278], [102.37445994414517, 16.888416400573572], [102.37445994284197, 16.88894811666824], [102.37449620744292, 16.888904328411748], [102.37451040581304, 16.8888683419495], [102.37465964858465, 16.88849007886388], [102.37451040838003, 16.888193636541395], [102.37447265888815, 16.888118653768114], [102.37446996121204, 16.888085752312932]], [[102.36670860862874, 16.87938490851977], [102.3667517075145, 16.87931359544308], [102.3667517073979, 16.8792400828259], [102.3667961361088, 16.879240082374682], [102.36699285984035, 16.878914575642654], [102.3671455515508, 16.87874915219776], [102.36718057863857, 16.878726634219277], [102.36718057913023, 16.878452372835955], [102.3672344699344, 16.878452373749617], [102.36723447094936, 16.878290690258968], [102.36718057926996, 16.87829069025486], [102.36718058029915, 16.87818290094849], [102.3671266886477, 16.87818290092467], [102.36712668850114, 16.878176446008045], [102.36691522347319, 16.878176446012265], [102.3669152231504, 16.8783111815317], [102.36678049482873, 16.87831118127146], [102.36678049442865, 16.878445916806605], [102.36637631094757, 16.878445915513467], [102.36637631027845, 16.878580651098673], [102.3661068540505, 16.878580650734182], [102.36610685295301, 16.878937418245144], [102.36615664512816, 16.8789374182136], [102.36615664483882, 16.878991313359293], [102.36621053581653, 16.878991312710824], [102.36621053526136, 16.879099102093654], [102.36615664423697, 16.879099101845224], [102.36615664396868, 16.879119594044507], [102.36624158072819, 16.87911959468613], [102.36624157890779, 16.879530257290625], [102.36626442519275, 16.87953025710524], [102.36626442495064, 16.879584151340485], [102.36631831610755, 16.879584151535756], [102.36631831588375, 16.879638045768022], [102.36635251736202, 16.879638045687656], [102.36635609160531, 16.879380375825296], [102.36670860862874, 16.87938490851977]], [[102.36755781861247, 16.87790697587227], [102.36731940817367, 16.877906975371143], [102.36731940832499, 16.87791343028674], [102.36755781877191, 16.87791343078641], [102.36755781861247, 16.87790697587227]], [[102.37161370879569, 16.87592555518267], [102.37159058122816, 16.87592525904214], [102.37150402073934, 16.87601181938572], [102.37127702092431, 16.876011819371477], [102.37122652411855, 16.875961323080414], [102.37122652313907, 16.876210088026788], [102.3712656067574, 16.87621655199602], [102.37130839521339, 16.876180782840777], [102.37161370879569, 16.87592555518267]], [[102.37767015302981, 16.875213481592557], [102.37767047321667, 16.87519032871254], [102.37710775723372, 16.87518312475236], [102.37710177097803, 16.8756165009838], [102.37715455239633, 16.875616501454573], [102.37715455226682, 16.875647634826596], [102.37730302017576, 16.875637523275252], [102.37764881586406, 16.875313633452688], [102.37767015302981, 16.875213481592557]], [[102.37374986279882, 16.873655799232488], [102.3737071315244, 16.873613068422717], [102.37353975401074, 16.873613068413853], [102.3735397540074, 16.873655799195028], [102.37364753601572, 16.87365579988616], [102.37364753567662, 16.87370969380106], [102.373701426692, 16.873709694122542], [102.37370142699972, 16.87365579930803], [102.37374986279882, 16.873655799232488]], [[102.37279162010705, 16.873613068547584], [102.37319079657266, 16.873538967385873], [102.37372272311352, 16.873440222139536], [102.37370142829239, 16.873440221852345], [102.37370142801936, 16.87333243313855], [102.37364753712733, 16.873332433700178], [102.37364753679057, 16.873325978820894], [102.37351690863738, 16.873325978073808], [102.37351690767291, 16.873460713783242], [102.37324745195438, 16.873460712644555], [102.37324745311048, 16.873325976900723], [102.3727085409452, 16.87332597530886], [102.37270854034303, 16.873460711106063], [102.37264517333959, 16.873460712229964], [102.37275282017305, 16.873620271739096], [102.37279162010705, 16.873613068547584]], [[102.37370142939933, 16.87311685657968], [102.37370143009912, 16.873009067847647], [102.37386310345197, 16.873009067916396], [102.37386310376833, 16.87295517400948], [102.37391699455807, 16.87295517431265], [102.37391699484604, 16.872901279505886], [102.37392109442825, 16.87290127965953], [102.3739210946843, 16.872787036070175], [102.3739708858437, 16.872787036213634], [102.37397088677004, 16.87268570238392], [102.3739169960597, 16.872685702081192], [102.37391699574715, 16.872577913382866], [102.37397088736402, 16.87257791367567], [102.37397088733105, 16.872517564894665], [102.37392109530528, 16.872517564753938], [102.37392109609615, 16.872382828183518], [102.3736516401395, 16.872382827333404], [102.3736516391142, 16.872652299623777], [102.37353975809887, 16.872652298670094], [102.3735397573874, 16.872793489264133], [102.37351691018192, 16.872793489245797], [102.37351690976772, 16.872921770967647], [102.37365163814707, 16.87292177100592], [102.37365163720332, 16.873116856401577], [102.37370142939933, 16.87311685657968]], [[102.37645932009482, 16.870802742143173], [102.37632411868768, 16.870797388853358], [102.37631731460536, 16.871289992062657], [102.37639337022833, 16.871289991940042], [102.37641435296945, 16.871128912415966], [102.37645421760888, 16.870839756501326], [102.37645932009482, 16.870802742143173]], [[102.3754803758167, 16.87076400896318], [102.37540310896044, 16.87076095784591], [102.37540310779514, 16.87103547469103], [102.37547662567016, 16.871035475232006], [102.3754803758167, 16.87076400896318]]]}}, {"type": "Feature", "properties": {"tambon": "ต.ทรายทอง", "amphoe": "อ.ศรีบุญเรือง", "cls": 3, "label": "ท่วมซ้ำซากเป็นครั้งคราว", "desc": "ประสบน้ำท่วมไม่เกิน 3 ครั้ง ใน 10 ปี", "color": "#38bdf8"}, "geometry": {"type": "Polygon", "coordinates": [[[102.37649153793306, 16.870569051242107], [102.37632730129772, 16.870566947766502], [102.37632411868768, 16.870797388853358], [102.37645932009482, 16.870802742143173], [102.37649153793306, 16.870569051242107]], [[102.37548220989092, 16.870631267897362], [102.37540310958086, 16.87063126726904], [102.37540310896044, 16.87076095784591], [102.3754803758167, 16.87076400896318], [102.37548220989092, 16.870631267897362]], [[102.37548562722831, 16.870383912473507], [102.37547769464253, 16.87038524284231], [102.37540311053219, 16.87039976367238], [102.37540311053097, 16.870496531754462], [102.37548407163138, 16.870496531510394], [102.37548562722831, 16.870383912473507]], [[102.35756140691599, 16.825031509087335], [102.35754808175568, 16.8252495377069], [102.35756195208543, 16.82539592162581], [102.35762476052976, 16.825360166834894], [102.35789421685188, 16.825206772948697], [102.35815811992748, 16.825056539596215], [102.35815812102194, 16.824821004183093], [102.35829284879404, 16.82482100459978], [102.3582928494801, 16.824686268521], [102.35820186978012, 16.824686268281255], [102.35820596397602, 16.8247688208533], [102.35813817745877, 16.824839456023014], [102.35788375691955, 16.824986347778182], [102.35780439912452, 16.824997465937546], [102.35756140691599, 16.825031509087335]], [[102.35698363961973, 16.824821000388496], [102.35694556942885, 16.824821000070834], [102.35694556834775, 16.82522520784867], [102.35697803103032, 16.82522520777729], [102.35698363961973, 16.824821000388496]], [[102.35815812250107, 16.824416796808677], [102.35810824217461, 16.824416796707357], [102.35811040888692, 16.824431507278213], [102.35815812130096, 16.82455326513685], [102.35815812250107, 16.824416796808677]], [[102.37509702297798, 16.816965253984055], [102.3750941547514, 16.817173560325184], [102.37499913695011, 16.81717234615223], [102.37499913548231, 16.817410591661545], [102.37486440742151, 16.81741059148088], [102.37486440720762, 16.817545327499328], [102.37472967901815, 16.81754532634493], [102.37472967888591, 16.817663987857195], [102.37478014153865, 16.817663988159865], [102.3747801413828, 16.817753812478458], [102.37483336130013, 16.81775381258697], [102.37483336151341, 16.817929042699284], [102.37477946956075, 16.81792904190788], [102.3747794698711, 16.817930064613314], [102.37497129265559, 16.81793006436255], [102.37497129225218, 16.817984847524606], [102.37564550780021, 16.81799346137775], [102.3756492388383, 16.81772255526781], [102.37593051043096, 16.817726148652405], [102.37621178288013, 16.817729740731263], [102.37620805356843, 16.81800064578891], [102.37677060001579, 16.818007828632837], [102.37676687066906, 16.81827873537211], [102.37698451767102, 16.818281513871312], [102.3770156279565, 16.81794954271422], [102.37675059603659, 16.817949541807636], [102.37675059673187, 16.817814806003895], [102.37661586857656, 16.817814805221513], [102.37661586938589, 16.817680069399117], [102.37648114132483, 16.817680069413317], [102.37648114223222, 16.81754533266983], [102.3762116862494, 16.817545332398087], [102.37621168607198, 16.817680068258245], [102.37594222981329, 16.8176800667643], [102.37594223018166, 16.817545330869695], [102.37567277499795, 16.817545329874005], [102.37567277443861, 16.817680065803064], [102.37553804625698, 16.8176800651973], [102.37553804562069, 16.817814801142124], [102.37540331734235, 16.8178148013674], [102.37540331959333, 16.81741059347692], [102.37553804760122, 16.817410594205697], [102.37553804735627, 16.817275858271902], [102.37567277523546, 16.81727585802696], [102.37567277715235, 16.816871651124764], [102.37553804954358, 16.81687165041564], [102.37553805030984, 16.816736914460662], [102.37533806208654, 16.816736913845073], [102.37528579436623, 16.81687374906908], [102.37509702297798, 16.816965253984055]]]}}]}